CREATE DATABASE  IF NOT EXISTS `newprojectmis` /*!40100 DEFAULT CHARACTER SET gbk */;
USE `newprojectmis`;
-- MySQL dump 10.13  Distrib 5.6.13, for Win32 (x86)
--
-- Host: localhost    Database: newprojectmis
-- ------------------------------------------------------
-- Server version	5.7.4-m14

/*!40101 SET @OLD_CHARACTER_SET_CLIENT=@@CHARACTER_SET_CLIENT */;
/*!40101 SET @OLD_CHARACTER_SET_RESULTS=@@CHARACTER_SET_RESULTS */;
/*!40101 SET @OLD_COLLATION_CONNECTION=@@COLLATION_CONNECTION */;
/*!40101 SET NAMES utf8 */;
/*!40103 SET @OLD_TIME_ZONE=@@TIME_ZONE */;
/*!40103 SET TIME_ZONE='+00:00' */;
/*!40014 SET @OLD_UNIQUE_CHECKS=@@UNIQUE_CHECKS, UNIQUE_CHECKS=0 */;
/*!40014 SET @OLD_FOREIGN_KEY_CHECKS=@@FOREIGN_KEY_CHECKS, FOREIGN_KEY_CHECKS=0 */;
/*!40101 SET @OLD_SQL_MODE=@@SQL_MODE, SQL_MODE='NO_AUTO_VALUE_ON_ZERO' */;
/*!40111 SET @OLD_SQL_NOTES=@@SQL_NOTES, SQL_NOTES=0 */;

--
-- Table structure for table `account_fee_tax`
--

DROP TABLE IF EXISTS `account_fee_tax`;
/*!40101 SET @saved_cs_client     = @@character_set_client */;
/*!40101 SET character_set_client = utf8 */;
CREATE TABLE `account_fee_tax` (
  `aft_id` int(11) NOT NULL AUTO_INCREMENT,
  `aft_project` int(11) DEFAULT NULL,
  `aft_code` varchar(45) DEFAULT NULL,
  `aft_sale_fee` double DEFAULT NULL,
  `aft_finance_fee` double DEFAULT NULL,
  `aft_implement_fee` double DEFAULT NULL,
  `aft_salary_fee` double DEFAULT NULL,
  `aft_sale_tax` double DEFAULT NULL,
  `aft_purchase_tax` double DEFAULT NULL,
  `aft_payable_tax` double DEFAULT NULL,
  `aft_business_tax` double DEFAULT NULL,
  `aft_additional_tax` double DEFAULT NULL,
  `aft_remarks` varchar(100) DEFAULT NULL,
  `aft_status` int(11) DEFAULT NULL,
  `aft_create_time` datetime DEFAULT NULL,
  `aft_create_user` varchar(45) DEFAULT NULL,
  PRIMARY KEY (`aft_id`)
) ENGINE=InnoDB DEFAULT CHARSET=gbk;
/*!40101 SET character_set_client = @saved_cs_client */;

--
-- Dumping data for table `account_fee_tax`
--

LOCK TABLES `account_fee_tax` WRITE;
/*!40000 ALTER TABLE `account_fee_tax` DISABLE KEYS */;
/*!40000 ALTER TABLE `account_fee_tax` ENABLE KEYS */;
UNLOCK TABLES;

--
-- Table structure for table `account_purchase_contract`
--

DROP TABLE IF EXISTS `account_purchase_contract`;
/*!40101 SET @saved_cs_client     = @@character_set_client */;
/*!40101 SET character_set_client = utf8 */;
CREATE TABLE `account_purchase_contract` (
  `apc_id` int(11) NOT NULL AUTO_INCREMENT,
  `apc_project` int(11) NOT NULL,
  `apc_code` varchar(45) DEFAULT NULL,
  `apc_customer` int(11) DEFAULT NULL,
  `apc_customer_name` varchar(100) DEFAULT NULL,
  `apc_object` varchar(100) DEFAULT NULL,
  `apc_sign_date` date DEFAULT NULL,
  `apc_amount` double DEFAULT NULL,
  `apc_device_amount` double DEFAULT NULL,
  `apc_install_amount` double DEFAULT NULL,
  `apc_service_amount` double DEFAULT NULL,
  `apc_add_amount` double DEFAULT NULL,
  `apc_invoice_amount` double DEFAULT NULL,
  `apc_payment_amount` double DEFAULT NULL,
  `apc_period` int(11) DEFAULT NULL,
  `apc_payment_method` varchar(200) DEFAULT NULL,
  `apc_create_time` datetime DEFAULT NULL,
  `apc_create_user` varchar(45) DEFAULT NULL,
  `apc_status` int(11) DEFAULT NULL,
  PRIMARY KEY (`apc_id`)
) ENGINE=InnoDB AUTO_INCREMENT=12 DEFAULT CHARSET=gbk;
/*!40101 SET character_set_client = @saved_cs_client */;

--
-- Dumping data for table `account_purchase_contract`
--

LOCK TABLES `account_purchase_contract` WRITE;
/*!40000 ALTER TABLE `account_purchase_contract` DISABLE KEYS */;
INSERT INTO `account_purchase_contract` VALUES (9,47,'000',28,'石家庄高新技术产业开发区热电煤气公司','安装','2014-07-01',0,0,0,0,0,0,0,0,'','2015-01-29 09:30:35','8ad9907e47333cb7014738fdbae90012',0),(10,50,'XX-01',46,'扬州明盛环保工程成套有限公司','设备安装','2015-02-03',129.143,0,129.143,0,0,0,0,0,'','2015-02-03 09:47:48','8ad9907e4a5c69c4014b4d128e530001',0),(11,50,'XX-02',47,'山西省工业设备安装有限公司','设备安装','2014-11-01',8700,0,8700,0,0,0,0,0,'','2015-02-03 09:55:25','8ad9907e4a5c69c4014b4d128e530001',0);
/*!40000 ALTER TABLE `account_purchase_contract` ENABLE KEYS */;
UNLOCK TABLES;

--
-- Table structure for table `account_sale_contract`
--

DROP TABLE IF EXISTS `account_sale_contract`;
/*!40101 SET @saved_cs_client     = @@character_set_client */;
/*!40101 SET character_set_client = utf8 */;
CREATE TABLE `account_sale_contract` (
  `asc_id` int(11) NOT NULL AUTO_INCREMENT,
  `asc_project` int(11) NOT NULL,
  `asc_code` varchar(45) DEFAULT NULL,
  `asc_customer` int(11) DEFAULT NULL,
  `asc_customer_name` varchar(100) DEFAULT NULL,
  `asc_object` varchar(100) DEFAULT NULL,
  `asc_sign_date` date DEFAULT NULL,
  `asc_amount` double DEFAULT NULL,
  `asc_device_amount` double DEFAULT NULL,
  `asc_install_amount` double DEFAULT NULL,
  `asc_service_amount` double DEFAULT NULL,
  `asc_add_amount` double DEFAULT NULL,
  `asc_invoice_amount` double DEFAULT NULL,
  `asc_gathering_amount` double DEFAULT NULL,
  `asc_period` int(11) DEFAULT NULL,
  `asc_payment_method` varchar(200) DEFAULT NULL,
  `asc_create_time` datetime DEFAULT NULL,
  `asc_create_user` varchar(45) DEFAULT NULL,
  `asc_status` int(11) DEFAULT NULL,
  PRIMARY KEY (`asc_id`)
) ENGINE=InnoDB AUTO_INCREMENT=24 DEFAULT CHARSET=gbk;
/*!40101 SET character_set_client = @saved_cs_client */;

--
-- Dumping data for table `account_sale_contract`
--

LOCK TABLES `account_sale_contract` WRITE;
/*!40000 ALTER TABLE `account_sale_contract` DISABLE KEYS */;
INSERT INTO `account_sale_contract` VALUES (12,39,'001',13,'大同集团','设备供应及安装','2014-12-02',75,50,25,0,0,0,0,NULL,'','2014-12-09 10:02:32','2c9f02ba3ca2d52f013ca32777ed0009',0),(13,42,'002',15,'创智天地发展有限公司','设备采购安装','2012-12-31',1500,1000,500,0,0,0,0,NULL,'','2014-12-09 10:11:33','8ad9907e47333cb7014738fdbae90012',0),(14,43,'003',14,'崇邦新基','设备供应安装','2013-12-03',23400,20000,3400,0,0,0,0,NULL,'','2014-12-09 10:15:27','8ad9907e47333cb70147392af6770020',0),(15,45,'EPE14-13-001',17,'山西七一华富生物发电有限公司','供应','2014-09-17',528.3,528.3,0,0,0,10,0,NULL,'','2014-12-24 14:03:27','8ad9907e47333cb70147392c2bf80021',-1),(17,45,'EPE14-13-002',NULL,'上海电气集团股份有限公司中央研究院','供应','2014-12-25',50,50,0,0,0,0,0,NULL,'','2014-12-25 10:16:49','8ad9907e47333cb70147392c2bf80021',-1),(18,45,'EPE14-13-002',19,'上海电气集团股份有限公司中央研究院','供应','2014-10-09',50,50,0,0,0,10,0,NULL,'<p>\r\n	&nbsp;20%；70%；10%\r\n</p>','2014-12-25 11:13:28','8ad9907e47333cb70147392c2bf80021',0),(19,45,'EPE14-13-003',23,'上海绿筑光能系统技术有限责任公司','其他','2014-11-01',4.4,0,0,4.4,0,4.4,0,NULL,'100%','2014-12-25 13:13:08','8ad9907e47333cb70147392c2bf80021',0),(20,45,'EPE14-13-004',20,'中易建设有限公司','安装','2014-11-10',651,0,651,0,0,0,0,NULL,'20%；60%；15%；5%','2014-12-25 13:16:43','8ad9907e47333cb70147392c2bf80021',0),(21,45,'EPE14-13-005',21,'上海市机电设计研究院有限公司','其他','2014-11-01',1094,790,287,17,0,0,0,NULL,'30%；30%；10%；20%；5%；5%','2014-12-25 13:21:54','8ad9907e47333cb70147392c2bf80021',0),(22,50,'XX',45,'中国水利水电第十三工程局有限公司','设备安装','2013-08-01',9108.0685,0,9108.0685,0,0,0,0,NULL,'','2015-02-03 09:56:17','8ad9907e4a5c69c4014b4d128e530001',0),(23,61,'EPE15-04',64,'上海电气环保热电（南通）有限公司','设备供应','2015-05-26',7420,7420,0,0,0,0,0,NULL,'','2015-11-13 09:47:22','8ad9907e47333cb70147392c2bf80021',0);
/*!40000 ALTER TABLE `account_sale_contract` ENABLE KEYS */;
UNLOCK TABLES;

--
-- Table structure for table `attachment_category`
--

DROP TABLE IF EXISTS `attachment_category`;
/*!40101 SET @saved_cs_client     = @@character_set_client */;
/*!40101 SET character_set_client = utf8 */;
CREATE TABLE `attachment_category` (
  `ac_id` int(11) NOT NULL AUTO_INCREMENT,
  `ac_name` varchar(45) NOT NULL,
  `ac_flag` int(11) NOT NULL,
  PRIMARY KEY (`ac_id`),
  UNIQUE KEY `ac_id_UNIQUE` (`ac_id`)
) ENGINE=InnoDB AUTO_INCREMENT=7 DEFAULT CHARSET=gbk;
/*!40101 SET character_set_client = @saved_cs_client */;

--
-- Dumping data for table `attachment_category`
--

LOCK TABLES `attachment_category` WRITE;
/*!40000 ALTER TABLE `attachment_category` DISABLE KEYS */;
INSERT INTO `attachment_category` VALUES (1,'管理制度',1),(2,'资质证书',1),(3,'法务文献',1),(4,'技术文献',1),(5,'其它',1),(6,'标书',-1);
/*!40000 ALTER TABLE `attachment_category` ENABLE KEYS */;
UNLOCK TABLES;

--
-- Table structure for table `budget_item`
--

DROP TABLE IF EXISTS `budget_item`;
/*!40101 SET @saved_cs_client     = @@character_set_client */;
/*!40101 SET character_set_client = utf8 */;
CREATE TABLE `budget_item` (
  `bi_id` int(11) NOT NULL AUTO_INCREMENT,
  `bi_model` int(11) DEFAULT NULL,
  `bi_amount` double DEFAULT NULL,
  `bi_remark` varchar(200) DEFAULT NULL,
  PRIMARY KEY (`bi_id`),
  UNIQUE KEY `bi_id_UNIQUE` (`bi_id`)
) ENGINE=InnoDB AUTO_INCREMENT=7763 DEFAULT CHARSET=gbk;
/*!40101 SET character_set_client = @saved_cs_client */;

--
-- Dumping data for table `budget_item`
--

LOCK TABLES `budget_item` WRITE;
/*!40000 ALTER TABLE `budget_item` DISABLE KEYS */;
INSERT INTO `budget_item` VALUES (7217,1,0,NULL),(7218,1,0,NULL),(7219,2,0,NULL),(7220,2,0,NULL),(7221,3,0,NULL),(7222,4,0,NULL),(7223,5,0,NULL),(7224,6,0,NULL),(7225,3,0,NULL),(7226,4,0,NULL),(7227,5,0,NULL),(7228,6,0,NULL),(7229,7,0,NULL),(7230,8,0,NULL),(7231,9,0,NULL),(7232,10,0,NULL),(7233,7,0,NULL),(7234,8,0,NULL),(7235,11,0,NULL),(7236,9,0,NULL),(7237,12,0,NULL),(7238,13,0,NULL),(7239,10,0,NULL),(7240,14,0,NULL),(7241,11,0,NULL),(7242,15,0,NULL),(7243,12,0,NULL),(7244,16,0,NULL),(7245,13,0,NULL),(7246,14,0,NULL),(7247,15,0,NULL),(7248,16,0,NULL),(7249,17,0,NULL),(7250,17,0,NULL),(7251,18,0,NULL),(7252,18,0,NULL),(7253,19,0,NULL),(7254,19,0,NULL),(7255,20,0,NULL),(7256,20,0,NULL),(7257,21,0,NULL),(7258,21,0,NULL),(7259,22,0,NULL),(7260,23,0,NULL),(7261,22,0,NULL),(7262,24,0,NULL),(7263,23,0,NULL),(7264,24,0,NULL),(7265,25,0,NULL),(7266,26,0,NULL),(7267,25,0,NULL),(7268,27,0,NULL),(7269,26,0,NULL),(7270,28,0,NULL),(7271,29,0,NULL),(7272,30,0,NULL),(7273,31,0,NULL),(7274,27,0,NULL),(7275,28,0,NULL),(7276,32,0,NULL),(7277,29,0,NULL),(7278,33,0,NULL),(7279,34,0,NULL),(7280,30,0,NULL),(7281,35,0,NULL),(7282,31,0,NULL),(7283,32,0,NULL),(7284,36,0,NULL),(7285,37,0,NULL),(7286,33,0,NULL),(7287,34,0,NULL),(7288,38,0,NULL),(7289,35,0,NULL),(7290,39,0,NULL),(7291,36,0,NULL),(7292,37,0,NULL),(7293,38,0,NULL),(7294,39,0,NULL),(7295,1,0,NULL),(7296,2,0,NULL),(7297,3,0,NULL),(7298,4,0,NULL),(7299,5,0,NULL),(7300,6,0,NULL),(7301,7,0,NULL),(7302,8,0,NULL),(7303,9,0,NULL),(7304,10,0,NULL),(7305,11,0,NULL),(7306,12,0,NULL),(7307,1,0,NULL),(7308,13,0,NULL),(7309,14,0,NULL),(7310,2,0,NULL),(7311,3,0,NULL),(7312,15,0,NULL),(7313,16,0,NULL),(7314,4,0,NULL),(7315,17,0,NULL),(7316,5,0,NULL),(7317,6,0,NULL),(7318,18,0,NULL),(7319,7,0,NULL),(7320,19,0,NULL),(7321,20,0,NULL),(7322,8,0,NULL),(7323,9,0,NULL),(7324,21,0,NULL),(7325,22,0,NULL),(7326,10,0,NULL),(7327,11,0,NULL),(7328,23,0,NULL),(7329,24,0,NULL),(7330,12,0,NULL),(7331,13,0,NULL),(7332,25,0,NULL),(7333,14,0,NULL),(7334,26,0,NULL),(7335,15,0,NULL),(7336,27,0,NULL),(7337,16,0,NULL),(7338,28,0,NULL),(7339,17,0,NULL),(7340,29,0,NULL),(7341,30,0,NULL),(7342,18,0,NULL),(7343,31,0,NULL),(7344,19,0,NULL),(7345,20,0,NULL),(7346,32,0,NULL),(7347,21,0,NULL),(7348,33,0,NULL),(7349,34,0,NULL),(7350,22,0,NULL),(7351,35,0,NULL),(7352,23,0,NULL),(7353,36,0,NULL),(7354,24,0,NULL),(7355,37,0,NULL),(7356,25,0,NULL),(7357,38,0,NULL),(7358,26,0,NULL),(7359,39,0,NULL),(7360,27,0,NULL),(7361,28,0,NULL),(7362,29,0,NULL),(7363,30,0,NULL),(7364,31,0,NULL),(7365,32,0,NULL),(7366,33,0,NULL),(7367,34,0,NULL),(7368,35,0,NULL),(7369,36,0,NULL),(7370,37,0,NULL),(7371,38,0,NULL),(7372,39,0,NULL),(7373,1,0,NULL),(7374,2,0,NULL),(7375,3,0,NULL),(7376,4,0,NULL),(7377,5,0,NULL),(7378,6,0,NULL),(7379,7,0,NULL),(7380,8,0,NULL),(7381,9,0,NULL),(7382,10,0,NULL),(7383,11,0,NULL),(7384,12,0,NULL),(7385,13,0,NULL),(7386,14,0,NULL),(7387,15,0,NULL),(7388,16,0,NULL),(7389,17,0,NULL),(7390,18,0,NULL),(7391,19,0,NULL),(7392,20,0,NULL),(7393,21,0,NULL),(7394,22,0,NULL),(7395,23,0,NULL),(7396,24,0,NULL),(7397,25,0,NULL),(7398,26,0,NULL),(7399,27,0,NULL),(7400,28,0,NULL),(7401,29,0,NULL),(7402,30,0,NULL),(7403,31,0,NULL),(7404,32,0,NULL),(7405,33,0,NULL),(7406,34,0,NULL),(7407,35,0,NULL),(7408,36,0,NULL),(7409,37,0,NULL),(7410,38,0,NULL),(7411,39,0,NULL),(7412,1,0,NULL),(7413,2,0,NULL),(7414,3,0,NULL),(7415,4,0,NULL),(7416,5,0,NULL),(7417,6,0,NULL),(7418,7,0,NULL),(7419,8,0,NULL),(7420,9,0,NULL),(7421,10,0,NULL),(7422,11,0,NULL),(7423,12,0,NULL),(7424,13,0,NULL),(7425,14,0,NULL),(7426,15,0,NULL),(7427,16,0,NULL),(7428,17,0,NULL),(7429,18,0,NULL),(7430,19,0,NULL),(7431,20,0,NULL),(7432,21,0,NULL),(7433,22,0,NULL),(7434,23,0,NULL),(7435,24,0,NULL),(7436,25,0,NULL),(7437,26,0,NULL),(7438,27,0,NULL),(7439,28,0,NULL),(7440,29,0,NULL),(7441,30,0,NULL),(7442,31,0,NULL),(7443,32,0,NULL),(7444,33,0,NULL),(7445,34,0,NULL),(7446,35,0,NULL),(7447,36,0,NULL),(7448,37,0,NULL),(7449,38,0,NULL),(7450,39,0,NULL),(7451,1,0,NULL),(7452,2,0,NULL),(7453,3,0,NULL),(7454,4,0,NULL),(7455,5,0,NULL),(7456,6,0,NULL),(7457,7,0,NULL),(7458,8,0,NULL),(7459,9,0,NULL),(7460,10,0,NULL),(7461,11,0,NULL),(7462,12,0,NULL),(7463,13,0,NULL),(7464,14,0,NULL),(7465,15,0,NULL),(7466,16,0,NULL),(7467,17,0,NULL),(7468,18,0,NULL),(7469,19,0,NULL),(7470,20,0,NULL),(7471,21,0,NULL),(7472,22,0,NULL),(7473,23,0,NULL),(7474,24,0,NULL),(7475,25,0,NULL),(7476,26,0,NULL),(7477,27,0,NULL),(7478,28,0,NULL),(7479,29,0,NULL),(7480,30,0,NULL),(7481,31,0,NULL),(7482,32,0,NULL),(7483,33,0,NULL),(7484,34,0,NULL),(7485,35,0,NULL),(7486,36,0,NULL),(7487,37,0,NULL),(7488,38,0,NULL),(7489,39,0,NULL),(7490,1,0,NULL),(7491,2,0,NULL),(7492,3,0,NULL),(7493,4,0,NULL),(7494,5,0,NULL),(7495,6,0,NULL),(7496,7,0,NULL),(7497,8,0,NULL),(7498,9,0,NULL),(7499,10,0,NULL),(7500,11,0,NULL),(7501,12,0,NULL),(7502,13,0,NULL),(7503,14,0,NULL),(7504,15,0,NULL),(7505,16,0,NULL),(7506,17,0,NULL),(7507,18,0,NULL),(7508,19,0,NULL),(7509,20,0,NULL),(7510,21,0,NULL),(7511,22,0,NULL),(7512,23,0,NULL),(7513,24,0,NULL),(7514,25,0,NULL),(7515,26,0,NULL),(7516,27,0,NULL),(7517,28,0,NULL),(7518,29,0,NULL),(7519,30,0,NULL),(7520,31,0,NULL),(7521,32,0,NULL),(7522,33,0,NULL),(7523,34,0,NULL),(7524,35,0,NULL),(7525,36,0,NULL),(7526,37,0,NULL),(7527,38,0,NULL),(7528,39,0,NULL),(7529,1,0,NULL),(7530,2,0,NULL),(7531,3,0,NULL),(7532,4,0,NULL),(7533,5,0,NULL),(7534,6,0,NULL),(7535,7,0,NULL),(7536,8,0,NULL),(7537,9,0,NULL),(7538,10,0,NULL),(7539,11,0,NULL),(7540,12,0,NULL),(7541,13,0,NULL),(7542,14,0,NULL),(7543,15,0,NULL),(7544,16,0,NULL),(7545,17,0,NULL),(7546,18,0,NULL),(7547,19,0,NULL),(7548,20,0,NULL),(7549,21,0,NULL),(7550,22,0,NULL),(7551,23,0,NULL),(7552,24,0,NULL),(7553,25,0,NULL),(7554,26,0,NULL),(7555,27,0,NULL),(7556,28,0,NULL),(7557,29,0,NULL),(7558,30,0,NULL),(7559,31,0,NULL),(7560,32,0,NULL),(7561,33,0,NULL),(7562,34,0,NULL),(7563,35,0,NULL),(7564,36,0,NULL),(7565,37,0,NULL),(7566,38,0,NULL),(7567,39,0,NULL),(7568,1,0,NULL),(7569,2,0,NULL),(7570,3,0,NULL),(7571,4,0,NULL),(7572,5,0,NULL),(7573,6,0,NULL),(7574,7,0,NULL),(7575,8,0,NULL),(7576,9,0,NULL),(7577,10,0,NULL),(7578,11,0,NULL),(7579,12,0,NULL),(7580,13,0,NULL),(7581,14,0,NULL),(7582,15,0,NULL),(7583,16,0,NULL),(7584,17,0,NULL),(7585,18,0,NULL),(7586,19,0,NULL),(7587,20,0,NULL),(7588,21,0,NULL),(7589,22,0,NULL),(7590,23,0,NULL),(7591,24,0,NULL),(7592,25,0,NULL),(7593,26,0,NULL),(7594,27,0,NULL),(7595,28,0,NULL),(7596,29,0,NULL),(7597,30,0,NULL),(7598,31,0,NULL),(7599,32,0,NULL),(7600,33,0,NULL),(7601,34,0,NULL),(7602,35,0,NULL),(7603,36,0,NULL),(7604,37,0,NULL),(7605,38,0,NULL),(7606,39,0,NULL),(7607,1,0,NULL),(7608,2,0,NULL),(7609,3,0,NULL),(7610,4,0,NULL),(7611,5,0,NULL),(7612,6,0,NULL),(7613,7,0,NULL),(7614,8,0,NULL),(7615,9,0,NULL),(7616,10,0,NULL),(7617,11,0,NULL),(7618,12,0,NULL),(7619,13,0,NULL),(7620,14,0,NULL),(7621,15,0,NULL),(7622,16,0,NULL),(7623,17,0,NULL),(7624,18,0,NULL),(7625,19,0,NULL),(7626,20,0,NULL),(7627,21,0,NULL),(7628,22,0,NULL),(7629,23,0,NULL),(7630,24,0,NULL),(7631,25,0,NULL),(7632,26,0,NULL),(7633,27,0,NULL),(7634,28,0,NULL),(7635,29,0,NULL),(7636,30,0,NULL),(7637,31,0,NULL),(7638,32,0,NULL),(7639,33,0,NULL),(7640,34,0,NULL),(7641,35,0,NULL),(7642,36,0,NULL),(7643,37,0,NULL),(7644,38,0,NULL),(7645,39,0,NULL),(7646,1,0,NULL),(7647,2,0,NULL),(7648,3,0,NULL),(7649,4,0,NULL),(7650,5,0,NULL),(7651,6,0,NULL),(7652,7,0,NULL),(7653,8,0,NULL),(7654,9,0,NULL),(7655,10,0,NULL),(7656,11,0,NULL),(7657,12,0,NULL),(7658,13,0,NULL),(7659,14,0,NULL),(7660,15,0,NULL),(7661,16,0,NULL),(7662,17,0,NULL),(7663,18,0,NULL),(7664,19,0,NULL),(7665,20,0,NULL),(7666,21,0,NULL),(7667,22,0,NULL),(7668,23,0,NULL),(7669,24,0,NULL),(7670,25,0,NULL),(7671,26,0,NULL),(7672,27,0,NULL),(7673,28,0,NULL),(7674,29,0,NULL),(7675,30,0,NULL),(7676,31,0,NULL),(7677,32,0,NULL),(7678,33,0,NULL),(7679,34,0,NULL),(7680,35,0,NULL),(7681,36,0,NULL),(7682,37,0,NULL),(7683,38,0,NULL),(7684,39,0,NULL),(7685,1,0,NULL),(7686,2,0,NULL),(7687,3,0,NULL),(7688,4,0,NULL),(7689,5,0,NULL),(7690,6,0,NULL),(7691,7,0,NULL),(7692,8,0,NULL),(7693,9,0,NULL),(7694,10,0,NULL),(7695,11,0,NULL),(7696,12,0,NULL),(7697,13,0,NULL),(7698,14,0,NULL),(7699,15,0,NULL),(7700,16,0,NULL),(7701,17,0,NULL),(7702,18,0,NULL),(7703,19,0,NULL),(7704,20,0,NULL),(7705,21,0,NULL),(7706,22,0,NULL),(7707,23,0,NULL),(7708,24,0,NULL),(7709,25,0,NULL),(7710,26,0,NULL),(7711,27,0,NULL),(7712,28,0,NULL),(7713,29,0,NULL),(7714,30,0,NULL),(7715,31,0,NULL),(7716,32,0,NULL),(7717,33,0,NULL),(7718,34,0,NULL),(7719,35,0,NULL),(7720,36,0,NULL),(7721,37,0,NULL),(7722,38,0,NULL),(7723,39,0,NULL),(7724,1,0,NULL),(7725,2,0,NULL),(7726,3,0,NULL),(7727,4,0,NULL),(7728,5,0,NULL),(7729,6,0,NULL),(7730,7,0,NULL),(7731,8,0,NULL),(7732,9,0,NULL),(7733,10,0,NULL),(7734,11,0,NULL),(7735,12,0,NULL),(7736,13,0,NULL),(7737,14,0,NULL),(7738,15,0,NULL),(7739,16,0,NULL),(7740,17,0,NULL),(7741,18,0,NULL),(7742,19,0,NULL),(7743,20,0,NULL),(7744,21,0,NULL),(7745,22,0,NULL),(7746,23,0,NULL),(7747,24,0,NULL),(7748,25,0,NULL),(7749,26,0,NULL),(7750,27,0,NULL),(7751,28,0,NULL),(7752,29,0,NULL),(7753,30,0,NULL),(7754,31,0,NULL),(7755,32,0,NULL),(7756,33,0,NULL),(7757,34,0,NULL),(7758,35,0,NULL),(7759,36,0,NULL),(7760,37,0,NULL),(7761,38,0,NULL),(7762,39,0,NULL);
/*!40000 ALTER TABLE `budget_item` ENABLE KEYS */;
UNLOCK TABLES;

--
-- Table structure for table `budget_item_model`
--

DROP TABLE IF EXISTS `budget_item_model`;
/*!40101 SET @saved_cs_client     = @@character_set_client */;
/*!40101 SET character_set_client = utf8 */;
CREATE TABLE `budget_item_model` (
  `bim_id` int(10) NOT NULL AUTO_INCREMENT,
  `bim_code` varchar(45) DEFAULT NULL,
  `bim_name` varchar(45) DEFAULT NULL,
  `bim_tender_editable` int(11) DEFAULT NULL,
  `bim_apply_editable` int(11) DEFAULT NULL,
  `bim_order` int(11) DEFAULT NULL,
  `bim_gather_flag` int(11) DEFAULT NULL,
  `bim_tender_flag` int(11) DEFAULT NULL,
  `bim_apply_flag` int(11) DEFAULT NULL,
  PRIMARY KEY (`bim_id`),
  UNIQUE KEY `bim_id_UNIQUE` (`bim_id`)
) ENGINE=InnoDB AUTO_INCREMENT=40 DEFAULT CHARSET=gbk;
/*!40101 SET character_set_client = @saved_cs_client */;

--
-- Dumping data for table `budget_item_model`
--

LOCK TABLES `budget_item_model` WRITE;
/*!40000 ALTER TABLE `budget_item_model` DISABLE KEYS */;
INSERT INTO `budget_item_model` VALUES (1,NULL,'预计项目收入(暂定)',0,0,1,1,1,1),(2,'1)','设备收入',1,1,2,0,1,1),(3,'2)','安装收入及其它',1,1,3,0,1,1),(4,NULL,'项目成本(暂定)',0,0,4,1,1,1),(5,'1)','设备成本',1,1,5,0,1,1),(6,'2)','安装成本及其它',1,1,6,0,1,1),(7,NULL,'项目差价',0,0,7,1,1,1),(8,'1)','项目设备差价',1,1,8,0,1,1),(9,'2)','项目安装差价',1,1,9,0,1,1),(10,NULL,'其他成本',0,0,10,1,1,1),(11,'1)','投标费用',1,1,11,0,1,1),(12,'2)','项目管理费（代理费）',1,1,12,0,1,1),(13,'3)','保函费用',1,1,13,0,1,1),(14,'4)','垫付资金利息',1,1,14,0,1,1),(15,'5)','中标服务费',1,1,15,0,1,1),(16,NULL,'项目毛利',0,0,16,1,1,1),(17,NULL,'市场项目费用',1,0,17,1,1,NULL),(18,NULL,'工程实施项目费用',1,0,18,1,1,1),(19,'1)','人工费(包括市场人员)',1,1,19,0,NULL,1),(20,'2)','工程保险',1,1,20,0,NULL,1),(21,'3)','项目部人员保险',1,1,21,0,NULL,1),(22,'4)','车辆费',1,1,22,0,NULL,1),(23,'5)','业务费',1,1,23,0,NULL,1),(24,'6)','项目部开办费',1,1,24,0,NULL,1),(25,'7)','项目部开支',1,1,25,0,NULL,1),(26,'8)','住房',1,1,26,0,NULL,1),(27,'9)','差旅费',1,1,27,0,NULL,1),(28,'10)','通讯费',1,1,28,0,NULL,1),(29,'11)','现场补贴',1,1,29,0,NULL,1),(30,'12)','安全生产费用',1,1,30,0,NULL,1),(31,NULL,'税金及附加',0,0,31,1,1,1),(32,'1)','增值税及附加',1,1,32,0,1,1),(33,'2)','营业税及附加',1,1,33,0,1,1),(34,'3)','印花税',1,1,34,0,1,1),(35,NULL,'财务费用',0,0,35,1,1,NULL),(36,'1)','其他',1,1,36,0,1,NULL),(37,NULL,'成本税金费用合计',0,0,37,1,1,1),(38,NULL,'项目利润',0,0,38,1,1,1),(39,NULL,'项目利润率',0,0,39,1,1,1);
/*!40000 ALTER TABLE `budget_item_model` ENABLE KEYS */;
UNLOCK TABLES;

--
-- Table structure for table `check_task`
--

DROP TABLE IF EXISTS `check_task`;
/*!40101 SET @saved_cs_client     = @@character_set_client */;
/*!40101 SET character_set_client = utf8 */;
CREATE TABLE `check_task` (
  `ct_id` int(11) NOT NULL AUTO_INCREMENT,
  `ct_project` int(11) DEFAULT NULL,
  `ct_task_type` int(11) DEFAULT NULL,
  `ct_check_step` int(11) DEFAULT NULL,
  `ct_receive_dept` int(11) DEFAULT NULL,
  `ct_receive_post` int(11) DEFAULT NULL,
  `ct_status` int(11) DEFAULT NULL,
  `ct_check_result` int(11) DEFAULT NULL,
  `ct_check_title` varchar(100) DEFAULT NULL,
  `ct_check_user` varchar(45) DEFAULT NULL,
  `ct_check_time` datetime DEFAULT NULL,
  `ct_remark` varchar(400) DEFAULT NULL,
  `ct_month` varchar(45) DEFAULT NULL,
  `ct_contract` int(11) DEFAULT NULL,
  `ct_send_user` varchar(45) DEFAULT NULL,
  `ct_send_time` datetime DEFAULT NULL,
  `ct_project_approval_record` int(11) DEFAULT NULL,
  `ct_project_budget` int(11) DEFAULT NULL,
  PRIMARY KEY (`ct_id`),
  UNIQUE KEY `ct_id_UNIQUE` (`ct_id`)
) ENGINE=InnoDB AUTO_INCREMENT=1996 DEFAULT CHARSET=gbk;
/*!40101 SET character_set_client = @saved_cs_client */;

--
-- Dumping data for table `check_task`
--

LOCK TABLES `check_task` WRITE;
/*!40000 ALTER TABLE `check_task` DISABLE KEYS */;
INSERT INTO `check_task` VALUES (1097,NULL,2,1,3,1,2,1,NULL,'2c9f02ba3ca2d52f013ca32777ed0009','2014-12-23 14:20:20',NULL,NULL,NULL,'2c9f02ba3ca2d52f013ca32777ed0009','2014-12-23 14:20:20',10,NULL),(1098,NULL,2,2,3,3,2,1,NULL,'2c9f02ba3ca2d52f013ca323c3cc0005','2015-01-05 14:46:52','',NULL,NULL,'2c9f02ba3ca2d52f013ca32777ed0009','2014-12-23 14:20:20',10,NULL),(1099,NULL,2,3,3,NULL,2,1,NULL,'2c9f02ba3ca2d52f013ca323c3cc0005','2015-01-05 14:48:51','',NULL,NULL,'2c9f02ba3ca2d52f013ca32777ed0009','2014-12-23 14:20:20',10,NULL),(1100,NULL,2,4,3,6,2,1,NULL,'2c9f02d43bb70e7e013bb7772eeb0007','2015-01-05 14:52:50','同意立项',NULL,NULL,'2c9f02ba3ca2d52f013ca32777ed0009','2014-12-23 14:20:20',10,NULL),(1101,NULL,2,5,8,5,2,1,NULL,'2c9f02d43bb780fe013bb78620170002','2015-01-07 09:24:40','OK',NULL,NULL,'2c9f02ba3ca2d52f013ca32777ed0009','2014-12-23 14:20:20',10,NULL),(1102,NULL,3,1,3,1,2,1,NULL,'2c9f02ba3ca2d52f013ca32777ed0009','2015-01-07 10:21:04',NULL,NULL,NULL,'2c9f02ba3ca2d52f013ca32777ed0009','2015-01-07 10:21:04',10,NULL),(1103,NULL,3,2,3,3,2,1,NULL,'2c9f02ba3ca2d52f013ca323c3cc0005','2015-07-24 14:32:35','',NULL,NULL,'2c9f02ba3ca2d52f013ca32777ed0009','2015-01-07 10:21:04',10,NULL),(1104,NULL,3,3,6,8,2,2,NULL,'2c9f02c03c19415f013c19422e740002','2015-08-03 10:32:34','测试项目。',NULL,NULL,'2c9f02ba3ca2d52f013ca32777ed0009','2015-01-07 10:21:04',10,NULL),(1105,NULL,3,4,6,NULL,-1,NULL,NULL,NULL,NULL,NULL,NULL,NULL,'2c9f02ba3ca2d52f013ca32777ed0009','2015-01-07 10:21:04',10,NULL),(1106,NULL,3,4,2,NULL,-1,NULL,NULL,NULL,NULL,NULL,NULL,NULL,'2c9f02ba3ca2d52f013ca32777ed0009','2015-01-07 10:21:04',10,NULL),(1107,NULL,3,4,3,NULL,-1,NULL,NULL,NULL,NULL,NULL,NULL,NULL,'2c9f02ba3ca2d52f013ca32777ed0009','2015-01-07 10:21:04',10,NULL),(1108,NULL,3,4,1,NULL,-1,NULL,NULL,NULL,NULL,NULL,NULL,NULL,'2c9f02ba3ca2d52f013ca32777ed0009','2015-01-07 10:21:04',10,NULL),(1109,NULL,3,4,4,NULL,-1,NULL,NULL,NULL,NULL,NULL,NULL,NULL,'2c9f02ba3ca2d52f013ca32777ed0009','2015-01-07 10:21:04',10,NULL),(1110,NULL,3,5,3,6,-1,NULL,NULL,NULL,NULL,NULL,NULL,NULL,'2c9f02ba3ca2d52f013ca32777ed0009','2015-01-07 10:21:04',10,NULL),(1111,NULL,3,6,8,5,-1,NULL,NULL,NULL,NULL,NULL,NULL,NULL,'2c9f02ba3ca2d52f013ca32777ed0009','2015-01-07 10:21:04',10,NULL),(1112,NULL,2,1,3,1,2,1,NULL,'2c9f02ba3ca2d52f013ca32610e20007','2015-02-03 10:42:30',NULL,NULL,NULL,'2c9f02ba3ca2d52f013ca32610e20007','2015-02-03 10:42:30',13,NULL),(1113,NULL,2,2,3,3,2,1,NULL,'2c9f02ba3ca2d52f013ca3234ae60004','2015-02-03 12:18:33','同意投标',NULL,NULL,'2c9f02ba3ca2d52f013ca32610e20007','2015-02-03 10:42:30',13,NULL),(1114,NULL,2,3,3,NULL,2,1,NULL,'8ad9907e4a5c69c4014b4d56558d0002','2015-02-03 12:19:49','同意投标',NULL,NULL,'2c9f02ba3ca2d52f013ca32610e20007','2015-02-03 10:42:30',13,NULL),(1115,NULL,2,4,3,6,2,1,NULL,'2c9f02d43bb70e7e013bb7772eeb0007','2015-02-03 15:22:17','',NULL,NULL,'2c9f02ba3ca2d52f013ca32610e20007','2015-02-03 10:42:30',13,NULL),(1116,NULL,2,1,3,1,2,1,NULL,'2c9f02ba3ca2d52f013ca32610e20007','2015-02-03 10:47:43',NULL,NULL,NULL,'2c9f02ba3ca2d52f013ca32610e20007','2015-02-03 10:47:43',14,NULL),(1117,NULL,2,2,3,3,2,1,NULL,'2c9f02ba3ca2d52f013ca3234ae60004','2015-02-03 12:18:53','同意投标',NULL,NULL,'2c9f02ba3ca2d52f013ca32610e20007','2015-02-03 10:47:43',14,NULL),(1118,NULL,2,3,3,NULL,2,1,NULL,'8ad9907e4a5c69c4014b4d56558d0002','2015-02-03 12:19:58','同意投标',NULL,NULL,'2c9f02ba3ca2d52f013ca32610e20007','2015-02-03 10:47:43',14,NULL),(1119,NULL,2,4,3,6,2,1,NULL,'2c9f02d43bb70e7e013bb7772eeb0007','2015-02-03 15:22:26','',NULL,NULL,'2c9f02ba3ca2d52f013ca32610e20007','2015-02-03 10:47:43',14,NULL),(1120,NULL,2,1,3,1,2,1,NULL,'2c9f02ba3ca2d52f013ca32610e20007','2015-02-03 10:48:51',NULL,NULL,NULL,'2c9f02ba3ca2d52f013ca32610e20007','2015-02-03 10:48:51',15,NULL),(1121,NULL,2,2,3,3,2,1,NULL,'2c9f02ba3ca2d52f013ca3234ae60004','2015-02-03 12:18:43','同意投标',NULL,NULL,'2c9f02ba3ca2d52f013ca32610e20007','2015-02-03 10:48:51',15,NULL),(1122,NULL,2,3,3,NULL,2,1,NULL,'8ad9907e4a5c69c4014b4d56558d0002','2015-02-03 12:20:06','同意投标',NULL,NULL,'2c9f02ba3ca2d52f013ca32610e20007','2015-02-03 10:48:51',15,NULL),(1123,NULL,2,4,3,6,2,1,NULL,'2c9f02d43bb70e7e013bb7772eeb0007','2015-02-03 15:22:33','',NULL,NULL,'2c9f02ba3ca2d52f013ca32610e20007','2015-02-03 10:48:51',15,NULL),(1124,NULL,2,1,3,1,2,1,NULL,'2c9f02ba3ca2d52f013ca32610e20007','2015-02-03 10:50:43',NULL,NULL,NULL,'2c9f02ba3ca2d52f013ca32610e20007','2015-02-03 10:50:43',16,NULL),(1125,NULL,2,2,3,3,2,1,NULL,'2c9f02ba3ca2d52f013ca3234ae60004','2015-02-03 12:19:02','同意投标',NULL,NULL,'2c9f02ba3ca2d52f013ca32610e20007','2015-02-03 10:50:43',16,NULL),(1126,NULL,2,3,3,NULL,2,1,NULL,'8ad9907e4a5c69c4014b4d56558d0002','2015-02-03 12:20:16','同意投标',NULL,NULL,'2c9f02ba3ca2d52f013ca32610e20007','2015-02-03 10:50:43',16,NULL),(1127,NULL,2,4,3,6,2,1,NULL,'2c9f02d43bb70e7e013bb7772eeb0007','2015-02-03 15:22:36','',NULL,NULL,'2c9f02ba3ca2d52f013ca32610e20007','2015-02-03 10:50:43',16,NULL),(1128,NULL,3,1,3,1,2,1,NULL,'2c9f02ba3ca2d52f013ca32610e20007','2015-02-04 09:41:58',NULL,NULL,NULL,'2c9f02ba3ca2d52f013ca32610e20007','2015-02-04 09:41:58',16,NULL),(1129,NULL,3,2,3,3,2,1,NULL,'2c9f02ba3ca2d52f013ca3234ae60004','2015-03-04 11:11:39','',NULL,NULL,'2c9f02ba3ca2d52f013ca32610e20007','2015-02-04 09:41:58',16,NULL),(1130,NULL,3,3,6,8,2,2,NULL,'2c9f02c03c19415f013c19422e740002','2015-03-23 16:32:59','此为试运行期间测试项目，等待软件运行成熟后由后台删除。',NULL,NULL,'2c9f02ba3ca2d52f013ca32610e20007','2015-02-04 09:41:58',16,NULL),(1131,NULL,3,4,6,NULL,-1,NULL,NULL,NULL,NULL,NULL,NULL,NULL,'2c9f02ba3ca2d52f013ca32610e20007','2015-02-04 09:41:58',16,NULL),(1132,NULL,3,4,2,NULL,-1,NULL,NULL,NULL,NULL,NULL,NULL,NULL,'2c9f02ba3ca2d52f013ca32610e20007','2015-02-04 09:41:58',16,NULL),(1133,NULL,3,4,3,NULL,-1,NULL,NULL,NULL,NULL,NULL,NULL,NULL,'2c9f02ba3ca2d52f013ca32610e20007','2015-02-04 09:41:58',16,NULL),(1134,NULL,3,4,1,NULL,-1,NULL,NULL,NULL,NULL,NULL,NULL,NULL,'2c9f02ba3ca2d52f013ca32610e20007','2015-02-04 09:41:58',16,NULL),(1135,NULL,3,4,4,NULL,-1,NULL,NULL,NULL,NULL,NULL,NULL,NULL,'2c9f02ba3ca2d52f013ca32610e20007','2015-02-04 09:41:58',16,NULL),(1136,NULL,3,5,3,6,-1,NULL,NULL,NULL,NULL,NULL,NULL,NULL,'2c9f02ba3ca2d52f013ca32610e20007','2015-02-04 09:41:58',16,NULL),(1137,NULL,3,6,8,5,-1,NULL,NULL,NULL,NULL,NULL,NULL,NULL,'2c9f02ba3ca2d52f013ca32610e20007','2015-02-04 09:41:58',16,NULL),(1138,NULL,2,1,3,1,2,1,NULL,'2c9f02ba3ca2d52f013ca32610e20007','2015-03-02 09:18:54',NULL,NULL,NULL,'2c9f02ba3ca2d52f013ca32610e20007','2015-03-02 09:18:54',17,NULL),(1139,NULL,2,2,3,3,2,1,NULL,'2c9f02ba3ca2d52f013ca3234ae60004','2015-03-02 09:36:08','',NULL,NULL,'2c9f02ba3ca2d52f013ca32610e20007','2015-03-02 09:18:54',17,NULL),(1140,NULL,2,3,3,NULL,2,1,NULL,'8ad9907e4a5c69c4014b4d56558d0002','2015-03-02 09:36:48','',NULL,NULL,'2c9f02ba3ca2d52f013ca32610e20007','2015-03-02 09:18:54',17,NULL),(1141,NULL,2,4,3,6,2,1,NULL,'8ad9907e4a5c69c4014b727d4bc20003','2015-03-04 09:53:16','',NULL,NULL,'2c9f02ba3ca2d52f013ca32610e20007','2015-03-02 09:18:54',17,NULL),(1142,NULL,3,1,3,1,2,1,NULL,'2c9f02ba3ca2d52f013ca32610e20007','2015-03-04 10:11:51',NULL,NULL,NULL,'2c9f02ba3ca2d52f013ca32610e20007','2015-03-04 10:11:51',17,NULL),(1143,NULL,3,2,3,3,2,1,NULL,'2c9f02ba3ca2d52f013ca3234ae60004','2015-03-04 11:11:29','',NULL,NULL,'2c9f02ba3ca2d52f013ca32610e20007','2015-03-04 10:11:51',17,NULL),(1144,NULL,3,3,6,8,2,1,NULL,'2c9f02c03c19415f013c19422e740002','2015-03-04 12:41:04','',NULL,NULL,'2c9f02ba3ca2d52f013ca32610e20007','2015-03-04 10:11:51',17,NULL),(1145,NULL,3,4,6,NULL,2,1,NULL,'8ad9907e47333cb70147390326a90019','2015-03-04 12:41:43','',NULL,NULL,'2c9f02ba3ca2d52f013ca32610e20007','2015-03-04 10:11:51',17,NULL),(1146,NULL,3,4,2,NULL,2,1,NULL,'2c9f02ba3ca2d52f013ca32c298e0010','2015-03-06 09:42:56','',NULL,NULL,'2c9f02ba3ca2d52f013ca32610e20007','2015-03-04 10:11:51',17,NULL),(1147,NULL,3,4,3,NULL,2,1,NULL,'8ad9907e4a5c69c4014b4d56558d0002','2015-03-04 12:54:54','',NULL,NULL,'2c9f02ba3ca2d52f013ca32610e20007','2015-03-04 10:11:51',17,NULL),(1148,NULL,3,4,1,NULL,2,1,NULL,'8ad9907e47333cb7014738c04f5f0001','2015-03-04 13:24:03','',NULL,NULL,'2c9f02ba3ca2d52f013ca32610e20007','2015-03-04 10:11:51',17,NULL),(1149,NULL,3,4,4,NULL,2,1,NULL,'2c9f02ba3ca2d52f013ca32e3e930014','2015-03-04 12:52:47','',NULL,NULL,'2c9f02ba3ca2d52f013ca32610e20007','2015-03-04 10:11:51',17,NULL),(1150,NULL,3,5,3,6,2,1,NULL,'8ad9907e4a5c69c4014b727d4bc20003','2015-03-06 11:13:04','',NULL,NULL,'2c9f02ba3ca2d52f013ca32610e20007','2015-03-04 10:11:51',17,NULL),(1151,NULL,3,6,8,5,2,1,NULL,'2c9f02d43bb780fe013bb78620170002','2015-03-09 09:52:23','',NULL,NULL,'2c9f02ba3ca2d52f013ca32610e20007','2015-03-04 10:11:51',17,NULL),(1152,NULL,2,1,3,1,2,1,NULL,'2c9f02ba3ca2d52f013ca32777ed0009','2015-03-05 13:49:17',NULL,NULL,NULL,'2c9f02ba3ca2d52f013ca32777ed0009','2015-03-05 13:49:17',18,NULL),(1153,NULL,2,2,3,3,2,1,NULL,'2c9f02ba3ca2d52f013ca323c3cc0005','2015-03-06 09:45:22','',NULL,NULL,'2c9f02ba3ca2d52f013ca32777ed0009','2015-03-05 13:49:17',18,NULL),(1154,NULL,2,3,3,NULL,2,1,NULL,'8ad9907e4a5c69c4014becb25cdd0004','2015-03-09 09:05:09','',NULL,NULL,'2c9f02ba3ca2d52f013ca32777ed0009','2015-03-05 13:49:17',18,NULL),(1155,NULL,2,4,3,6,2,1,NULL,'8ad9907e4a5c69c4014b727d4bc20003','2015-03-11 15:16:35','',NULL,NULL,'2c9f02ba3ca2d52f013ca32777ed0009','2015-03-05 13:49:17',18,NULL),(1156,NULL,2,5,8,5,2,1,NULL,'2c9f02d43bb780fe013bb78620170002','2015-09-08 09:18:06','',NULL,NULL,'2c9f02ba3ca2d52f013ca32777ed0009','2015-03-05 13:49:17',18,NULL),(1157,NULL,2,1,3,1,2,1,NULL,'2c9f02ba3ca2d52f013ca32777ed0009','2015-03-11 13:04:21',NULL,NULL,NULL,'2c9f02ba3ca2d52f013ca32777ed0009','2015-03-11 13:04:21',19,NULL),(1158,NULL,2,2,3,3,2,1,NULL,'2c9f02ba3ca2d52f013ca3234ae60004','2015-03-11 14:25:12','',NULL,NULL,'2c9f02ba3ca2d52f013ca32777ed0009','2015-03-11 13:04:21',19,NULL),(1159,NULL,2,3,3,NULL,2,1,NULL,'8ad9907e4a5c69c4014b4d56558d0002','2015-03-11 14:25:44','',NULL,NULL,'2c9f02ba3ca2d52f013ca32777ed0009','2015-03-11 13:04:21',19,NULL),(1160,NULL,2,4,3,6,2,1,NULL,'8ad9907e4a5c69c4014b727d4bc20003','2015-03-11 15:16:14','',NULL,NULL,'2c9f02ba3ca2d52f013ca32777ed0009','2015-03-11 13:04:21',19,NULL),(1161,NULL,3,1,3,1,2,1,NULL,'2c9f02ba3ca2d52f013ca32777ed0009','2015-03-11 15:38:36',NULL,NULL,NULL,'2c9f02ba3ca2d52f013ca32777ed0009','2015-03-11 15:38:36',19,NULL),(1162,NULL,3,2,3,3,2,1,NULL,'2c9f02ba3ca2d52f013ca3234ae60004','2015-03-12 09:14:59','',NULL,NULL,'2c9f02ba3ca2d52f013ca32777ed0009','2015-03-11 15:38:36',19,NULL),(1163,NULL,3,3,6,8,2,1,NULL,'2c9f02c03c19415f013c19422e740002','2015-03-12 11:03:07','招标文件说明投标人供货范围应根据工程实际需要提供，不限于《货物和相关服务表》约定；同时，招标文件对设备发货通知时间、调试时间、设备标准、供货商资质等做了严格要求，针对上述风险，应在投标过程中及后续的工作中采取有效措施进行防控。',NULL,NULL,'2c9f02ba3ca2d52f013ca32777ed0009','2015-03-11 15:38:36',19,NULL),(1164,NULL,3,4,6,NULL,2,1,NULL,'8ad9907e47333cb70147390326a90019','2015-03-12 12:12:28','付款方式？',NULL,NULL,'2c9f02ba3ca2d52f013ca32777ed0009','2015-03-11 15:38:36',19,NULL),(1165,NULL,3,4,2,NULL,1,NULL,NULL,NULL,NULL,NULL,NULL,NULL,'2c9f02ba3ca2d52f013ca32777ed0009','2015-03-11 15:38:36',19,NULL),(1166,NULL,3,4,3,NULL,2,1,NULL,'8ad9907e4a5c69c4014b4d56558d0002','2015-03-26 11:05:59','',NULL,NULL,'2c9f02ba3ca2d52f013ca32777ed0009','2015-03-11 15:38:36',19,NULL),(1167,NULL,3,4,1,NULL,2,1,NULL,'8ad9907e47333cb7014738c04f5f0001','2015-04-01 09:47:04','',NULL,NULL,'2c9f02ba3ca2d52f013ca32777ed0009','2015-03-11 15:38:36',19,NULL),(1168,NULL,3,4,4,NULL,1,NULL,NULL,NULL,NULL,NULL,NULL,NULL,'2c9f02ba3ca2d52f013ca32777ed0009','2015-03-11 15:38:36',19,NULL),(1169,NULL,3,5,3,6,0,NULL,NULL,NULL,NULL,NULL,NULL,NULL,'2c9f02ba3ca2d52f013ca32777ed0009','2015-03-11 15:38:36',19,NULL),(1170,NULL,3,6,8,5,0,NULL,NULL,NULL,NULL,NULL,NULL,NULL,'2c9f02ba3ca2d52f013ca32777ed0009','2015-03-11 15:38:36',19,NULL),(1171,52,1,1,3,1,2,1,NULL,'2c9f02ba3ca2d52f013ca32777ed0009','2015-03-23 16:21:24',NULL,NULL,1,'2c9f02ba3ca2d52f013ca32777ed0009','2015-03-23 16:21:24',NULL,NULL),(1172,52,1,2,3,3,2,1,NULL,'2c9f02ba3ca2d52f013ca3234ae60004','2015-03-23 16:23:03','',NULL,1,'2c9f02ba3ca2d52f013ca32777ed0009','2015-03-23 16:21:24',NULL,NULL),(1173,52,1,3,6,8,2,1,NULL,'2c9f02c03c19415f013c19422e740002','2015-03-23 16:31:04','此为续签合同，根据先前执行情况合同条款与之前合同一致，无疑义。',NULL,1,'2c9f02ba3ca2d52f013ca32777ed0009','2015-03-23 16:21:24',NULL,NULL),(1174,52,1,4,6,NULL,2,1,NULL,'8ad9907e47333cb70147390326a90019','2015-03-23 16:39:44','',NULL,1,'2c9f02ba3ca2d52f013ca32777ed0009','2015-03-23 16:21:24',NULL,NULL),(1175,52,1,4,2,NULL,1,NULL,NULL,NULL,NULL,NULL,NULL,1,'2c9f02ba3ca2d52f013ca32777ed0009','2015-03-23 16:21:24',NULL,NULL),(1176,52,1,4,3,NULL,2,1,NULL,'8ad9907e4a5c69c4014b4d56558d0002','2015-03-26 11:05:49','',NULL,1,'2c9f02ba3ca2d52f013ca32777ed0009','2015-03-23 16:21:24',NULL,NULL),(1177,52,1,4,1,NULL,1,NULL,NULL,NULL,NULL,NULL,NULL,1,'2c9f02ba3ca2d52f013ca32777ed0009','2015-03-23 16:21:24',NULL,NULL),(1178,52,1,4,4,NULL,1,NULL,NULL,NULL,NULL,NULL,NULL,1,'2c9f02ba3ca2d52f013ca32777ed0009','2015-03-23 16:21:24',NULL,NULL),(1179,52,1,5,3,6,0,NULL,NULL,NULL,NULL,NULL,NULL,1,'2c9f02ba3ca2d52f013ca32777ed0009','2015-03-23 16:21:24',NULL,NULL),(1180,52,1,6,8,5,0,NULL,NULL,NULL,NULL,NULL,NULL,1,'2c9f02ba3ca2d52f013ca32777ed0009','2015-03-23 16:21:24',NULL,NULL),(1181,NULL,2,1,3,1,2,1,NULL,'2c9f02ba3ca2d52f013ca32610e20007','2015-03-26 09:06:33',NULL,NULL,NULL,'2c9f02ba3ca2d52f013ca32610e20007','2015-03-26 09:06:33',20,NULL),(1182,NULL,2,2,3,3,2,1,NULL,'2c9f02ba3ca2d52f013ca3234ae60004','2015-03-26 11:04:57','',NULL,NULL,'2c9f02ba3ca2d52f013ca32610e20007','2015-03-26 09:06:33',20,NULL),(1183,NULL,2,3,3,NULL,2,1,NULL,'8ad9907e4a5c69c4014b4d56558d0002','2015-03-26 11:05:43','',NULL,NULL,'2c9f02ba3ca2d52f013ca32610e20007','2015-03-26 09:06:33',20,NULL),(1184,NULL,2,4,3,6,2,1,NULL,'8ad9907e4a5c69c4014b727d4bc20003','2015-03-27 12:00:11','',NULL,NULL,'2c9f02ba3ca2d52f013ca32610e20007','2015-03-26 09:06:33',20,NULL),(1185,NULL,3,1,3,1,2,1,NULL,'2c9f02ba3ca2d52f013ca32610e20007','2015-03-26 09:09:46',NULL,NULL,NULL,'2c9f02ba3ca2d52f013ca32610e20007','2015-03-26 09:09:46',15,NULL),(1186,NULL,3,2,3,3,2,2,NULL,'2c9f02ba3ca2d52f013ca3234ae60004','2015-03-26 09:11:32','NO',NULL,NULL,'2c9f02ba3ca2d52f013ca32610e20007','2015-03-26 09:09:46',15,NULL),(1187,NULL,3,3,6,8,-1,NULL,NULL,NULL,NULL,NULL,NULL,NULL,'2c9f02ba3ca2d52f013ca32610e20007','2015-03-26 09:09:46',15,NULL),(1188,NULL,3,4,6,NULL,-1,NULL,NULL,NULL,NULL,NULL,NULL,NULL,'2c9f02ba3ca2d52f013ca32610e20007','2015-03-26 09:09:46',15,NULL),(1189,NULL,3,4,2,NULL,-1,NULL,NULL,NULL,NULL,NULL,NULL,NULL,'2c9f02ba3ca2d52f013ca32610e20007','2015-03-26 09:09:46',15,NULL),(1190,NULL,3,4,3,NULL,-1,NULL,NULL,NULL,NULL,NULL,NULL,NULL,'2c9f02ba3ca2d52f013ca32610e20007','2015-03-26 09:09:46',15,NULL),(1191,NULL,3,4,1,NULL,-1,NULL,NULL,NULL,NULL,NULL,NULL,NULL,'2c9f02ba3ca2d52f013ca32610e20007','2015-03-26 09:09:46',15,NULL),(1192,NULL,3,4,4,NULL,-1,NULL,NULL,NULL,NULL,NULL,NULL,NULL,'2c9f02ba3ca2d52f013ca32610e20007','2015-03-26 09:09:46',15,NULL),(1193,NULL,3,5,3,6,-1,NULL,NULL,NULL,NULL,NULL,NULL,NULL,'2c9f02ba3ca2d52f013ca32610e20007','2015-03-26 09:09:46',15,NULL),(1194,NULL,3,6,8,5,-1,NULL,NULL,NULL,NULL,NULL,NULL,NULL,'2c9f02ba3ca2d52f013ca32610e20007','2015-03-26 09:09:46',15,NULL),(1195,NULL,3,1,3,1,2,1,NULL,'2c9f02ba3ca2d52f013ca32610e20007','2015-03-26 09:10:37',NULL,NULL,NULL,'2c9f02ba3ca2d52f013ca32610e20007','2015-03-26 09:10:37',14,NULL),(1196,NULL,3,2,3,3,2,2,NULL,'2c9f02ba3ca2d52f013ca3234ae60004','2015-03-26 09:11:35','NO',NULL,NULL,'2c9f02ba3ca2d52f013ca32610e20007','2015-03-26 09:10:37',14,NULL),(1197,NULL,3,3,6,8,-1,NULL,NULL,NULL,NULL,NULL,NULL,NULL,'2c9f02ba3ca2d52f013ca32610e20007','2015-03-26 09:10:37',14,NULL),(1198,NULL,3,4,6,NULL,-1,NULL,NULL,NULL,NULL,NULL,NULL,NULL,'2c9f02ba3ca2d52f013ca32610e20007','2015-03-26 09:10:37',14,NULL),(1199,NULL,3,4,2,NULL,-1,NULL,NULL,NULL,NULL,NULL,NULL,NULL,'2c9f02ba3ca2d52f013ca32610e20007','2015-03-26 09:10:37',14,NULL),(1200,NULL,3,4,3,NULL,-1,NULL,NULL,NULL,NULL,NULL,NULL,NULL,'2c9f02ba3ca2d52f013ca32610e20007','2015-03-26 09:10:37',14,NULL),(1201,NULL,3,4,1,NULL,-1,NULL,NULL,NULL,NULL,NULL,NULL,NULL,'2c9f02ba3ca2d52f013ca32610e20007','2015-03-26 09:10:37',14,NULL),(1202,NULL,3,4,4,NULL,-1,NULL,NULL,NULL,NULL,NULL,NULL,NULL,'2c9f02ba3ca2d52f013ca32610e20007','2015-03-26 09:10:37',14,NULL),(1203,NULL,3,5,3,6,-1,NULL,NULL,NULL,NULL,NULL,NULL,NULL,'2c9f02ba3ca2d52f013ca32610e20007','2015-03-26 09:10:37',14,NULL),(1204,NULL,3,6,8,5,-1,NULL,NULL,NULL,NULL,NULL,NULL,NULL,'2c9f02ba3ca2d52f013ca32610e20007','2015-03-26 09:10:37',14,NULL),(1205,NULL,3,1,3,1,2,1,NULL,'2c9f02ba3ca2d52f013ca32610e20007','2015-03-26 09:10:51',NULL,NULL,NULL,'2c9f02ba3ca2d52f013ca32610e20007','2015-03-26 09:10:51',13,NULL),(1206,NULL,3,2,3,3,2,2,NULL,'2c9f02ba3ca2d52f013ca3234ae60004','2015-03-26 09:11:39','NO',NULL,NULL,'2c9f02ba3ca2d52f013ca32610e20007','2015-03-26 09:10:51',13,NULL),(1207,NULL,3,3,6,8,-1,NULL,NULL,NULL,NULL,NULL,NULL,NULL,'2c9f02ba3ca2d52f013ca32610e20007','2015-03-26 09:10:51',13,NULL),(1208,NULL,3,4,6,NULL,-1,NULL,NULL,NULL,NULL,NULL,NULL,NULL,'2c9f02ba3ca2d52f013ca32610e20007','2015-03-26 09:10:51',13,NULL),(1209,NULL,3,4,2,NULL,-1,NULL,NULL,NULL,NULL,NULL,NULL,NULL,'2c9f02ba3ca2d52f013ca32610e20007','2015-03-26 09:10:51',13,NULL),(1210,NULL,3,4,3,NULL,-1,NULL,NULL,NULL,NULL,NULL,NULL,NULL,'2c9f02ba3ca2d52f013ca32610e20007','2015-03-26 09:10:51',13,NULL),(1211,NULL,3,4,1,NULL,-1,NULL,NULL,NULL,NULL,NULL,NULL,NULL,'2c9f02ba3ca2d52f013ca32610e20007','2015-03-26 09:10:51',13,NULL),(1212,NULL,3,4,4,NULL,-1,NULL,NULL,NULL,NULL,NULL,NULL,NULL,'2c9f02ba3ca2d52f013ca32610e20007','2015-03-26 09:10:51',13,NULL),(1213,NULL,3,5,3,6,-1,NULL,NULL,NULL,NULL,NULL,NULL,NULL,'2c9f02ba3ca2d52f013ca32610e20007','2015-03-26 09:10:51',13,NULL),(1214,NULL,3,6,8,5,-1,NULL,NULL,NULL,NULL,NULL,NULL,NULL,'2c9f02ba3ca2d52f013ca32610e20007','2015-03-26 09:10:51',13,NULL),(1215,NULL,3,1,3,1,2,1,NULL,'2c9f02ba3ca2d52f013ca32610e20007','2015-03-30 09:56:56',NULL,NULL,NULL,'2c9f02ba3ca2d52f013ca32610e20007','2015-03-30 09:56:56',20,NULL),(1216,NULL,3,2,3,3,2,1,NULL,'2c9f02ba3ca2d52f013ca3234ae60004','2015-03-30 11:17:29','',NULL,NULL,'2c9f02ba3ca2d52f013ca32610e20007','2015-03-30 09:56:56',20,NULL),(1217,NULL,3,3,6,8,2,1,NULL,'2c9f02c03c19415f013c19422e740002','2015-03-30 16:39:03','招标文件第19页“合同范围与条件”，要求我方在投标及后续订立合同过程中将工程所需的设备、技术资料、专用设备、备品备件等在技术清单中明确列明，否则，若有漏项或短缺则由卖方免费负责补齐。',NULL,NULL,'2c9f02ba3ca2d52f013ca32610e20007','2015-03-30 09:56:56',20,NULL),(1218,NULL,3,4,6,NULL,2,1,NULL,'8ad9907e47333cb70147390326a90019','2015-03-31 12:57:51','',NULL,NULL,'2c9f02ba3ca2d52f013ca32610e20007','2015-03-30 09:56:56',20,NULL),(1219,NULL,3,4,2,NULL,2,1,NULL,'2c9f02ba3ca2d52f013ca32c298e0010','2015-04-01 09:31:35','',NULL,NULL,'2c9f02ba3ca2d52f013ca32610e20007','2015-03-30 09:56:56',20,NULL),(1220,NULL,3,4,3,NULL,2,1,NULL,'8ad9907e4a5c69c4014b4d56558d0002','2015-03-31 12:41:28','',NULL,NULL,'2c9f02ba3ca2d52f013ca32610e20007','2015-03-30 09:56:56',20,NULL),(1221,NULL,3,4,1,NULL,2,1,NULL,'8ad9907e47333cb7014738c04f5f0001','2015-04-01 09:42:46','',NULL,NULL,'2c9f02ba3ca2d52f013ca32610e20007','2015-03-30 09:56:56',20,NULL),(1222,NULL,3,4,4,NULL,2,1,NULL,'2c9f02ba3ca2d52f013ca32e3e930014','2015-04-01 10:16:33','',NULL,NULL,'2c9f02ba3ca2d52f013ca32610e20007','2015-03-30 09:56:56',20,NULL),(1223,NULL,3,5,3,6,2,1,NULL,'8ad9907e4a5c69c4014b727d4bc20003','2015-04-14 08:37:44','',NULL,NULL,'2c9f02ba3ca2d52f013ca32610e20007','2015-03-30 09:56:56',20,NULL),(1224,NULL,3,6,8,5,1,NULL,NULL,NULL,NULL,NULL,NULL,NULL,'2c9f02ba3ca2d52f013ca32610e20007','2015-03-30 09:56:56',20,NULL),(1225,NULL,2,1,3,1,2,1,NULL,'2c9f02ba3ca2d52f013ca32777ed0009','2015-04-16 14:09:09',NULL,NULL,NULL,'2c9f02ba3ca2d52f013ca32777ed0009','2015-04-16 14:09:09',21,NULL),(1226,NULL,2,2,3,3,2,1,NULL,'2c9f02ba3ca2d52f013ca3234ae60004','2015-04-29 13:18:31','',NULL,NULL,'2c9f02ba3ca2d52f013ca32777ed0009','2015-04-16 14:09:09',21,NULL),(1227,NULL,2,3,3,NULL,2,1,NULL,'8ad9907e4a5c69c4014b4d56558d0002','2015-05-04 09:23:52','',NULL,NULL,'2c9f02ba3ca2d52f013ca32777ed0009','2015-04-16 14:09:09',21,NULL),(1228,NULL,2,4,3,6,2,1,NULL,'8ad9907e4a5c69c4014b727d4bc20003','2015-05-04 09:32:53','',NULL,NULL,'2c9f02ba3ca2d52f013ca32777ed0009','2015-04-16 14:09:09',21,NULL),(1229,NULL,2,1,3,1,2,1,NULL,'2c9f02ba3ca2d52f013ca32777ed0009','2015-04-29 13:16:31',NULL,NULL,NULL,'2c9f02ba3ca2d52f013ca32777ed0009','2015-04-29 13:16:31',22,NULL),(1230,NULL,2,2,3,3,2,1,NULL,'2c9f02ba3ca2d52f013ca3234ae60004','2015-04-29 13:20:21','',NULL,NULL,'2c9f02ba3ca2d52f013ca32777ed0009','2015-04-29 13:16:31',22,NULL),(1231,NULL,2,3,3,NULL,2,1,NULL,'8ad9907e4a5c69c4014b4d56558d0002','2015-05-04 09:24:05','',NULL,NULL,'2c9f02ba3ca2d52f013ca32777ed0009','2015-04-29 13:16:31',22,NULL),(1232,NULL,2,4,3,6,2,1,NULL,'8ad9907e4a5c69c4014b727d4bc20003','2015-05-04 09:33:04','',NULL,NULL,'2c9f02ba3ca2d52f013ca32777ed0009','2015-04-29 13:16:31',22,NULL),(1233,NULL,3,1,3,1,2,1,NULL,'2c9f02ba3ca2d52f013ca32777ed0009','2015-05-04 09:43:15',NULL,NULL,NULL,'2c9f02ba3ca2d52f013ca32777ed0009','2015-05-04 09:43:15',22,NULL),(1234,NULL,3,2,3,3,2,1,NULL,'2c9f02ba3ca2d52f013ca3234ae60004','2015-05-04 09:45:24','',NULL,NULL,'2c9f02ba3ca2d52f013ca32777ed0009','2015-05-04 09:43:15',22,NULL),(1235,NULL,3,3,6,8,2,1,NULL,'2c9f02c03c19415f013c19422e740002','2015-05-04 09:55:53','本次招标无首付款及工程进度款，我们在签订订出合同时，垫付款义务应约定由合作方承担。',NULL,NULL,'2c9f02ba3ca2d52f013ca32777ed0009','2015-05-04 09:43:15',22,NULL),(1236,NULL,3,4,6,NULL,2,1,NULL,'8ad9907e47333cb70147390326a90019','2015-05-04 09:57:26','',NULL,NULL,'2c9f02ba3ca2d52f013ca32777ed0009','2015-05-04 09:43:15',22,NULL),(1237,NULL,3,4,2,NULL,2,1,NULL,'2c9f02ba3ca2d52f013ca32c298e0010','2015-05-04 10:43:25','',NULL,NULL,'2c9f02ba3ca2d52f013ca32777ed0009','2015-05-04 09:43:15',22,NULL),(1238,NULL,3,4,3,NULL,2,1,NULL,'8ad9907e4a5c69c4014b4d56558d0002','2015-05-04 10:05:30','',NULL,NULL,'2c9f02ba3ca2d52f013ca32777ed0009','2015-05-04 09:43:15',22,NULL),(1239,NULL,3,4,1,NULL,2,1,NULL,'8ad9907e47333cb7014738c04f5f0001','2015-05-04 10:17:26','',NULL,NULL,'2c9f02ba3ca2d52f013ca32777ed0009','2015-05-04 09:43:15',22,NULL),(1240,NULL,3,4,4,NULL,2,1,NULL,'2c9f02ba3ca2d52f013ca32e3e930014','2015-05-04 10:46:25','',NULL,NULL,'2c9f02ba3ca2d52f013ca32777ed0009','2015-05-04 09:43:15',22,NULL),(1241,NULL,3,5,3,6,2,1,NULL,'8ad9907e4a5c69c4014b727d4bc20003','2015-05-05 12:30:45','',NULL,NULL,'2c9f02ba3ca2d52f013ca32777ed0009','2015-05-04 09:43:15',22,NULL),(1242,NULL,3,6,8,5,2,1,NULL,'2c9f02d43bb780fe013bb78620170002','2015-09-08 09:18:18','',NULL,NULL,'2c9f02ba3ca2d52f013ca32777ed0009','2015-05-04 09:43:15',22,NULL),(1243,NULL,3,1,3,1,2,1,NULL,'2c9f02ba3ca2d52f013ca32610e20007','2015-05-12 09:33:32',NULL,NULL,NULL,'2c9f02ba3ca2d52f013ca32610e20007','2015-05-12 09:33:32',21,NULL),(1244,NULL,3,2,3,3,2,1,NULL,'2c9f02ba3ca2d52f013ca3234ae60004','2015-05-12 09:43:39','',NULL,NULL,'2c9f02ba3ca2d52f013ca32610e20007','2015-05-12 09:33:32',21,NULL),(1245,NULL,3,3,6,8,2,1,NULL,'2c9f02c03c19415f013c19422e740002','2015-05-12 09:58:03','',NULL,NULL,'2c9f02ba3ca2d52f013ca32610e20007','2015-05-12 09:33:32',21,NULL),(1246,NULL,3,4,6,NULL,2,1,NULL,'8ad9907e47333cb70147390326a90019','2015-05-12 10:38:18','',NULL,NULL,'2c9f02ba3ca2d52f013ca32610e20007','2015-05-12 09:33:32',21,NULL),(1247,NULL,3,4,2,NULL,2,1,NULL,'2c9f02ba3ca2d52f013ca32c298e0010','2015-05-12 10:39:27','',NULL,NULL,'2c9f02ba3ca2d52f013ca32610e20007','2015-05-12 09:33:32',21,NULL),(1248,NULL,3,4,3,NULL,2,1,NULL,'8ad9907e4a5c69c4014b4d56558d0002','2015-05-12 10:28:51','',NULL,NULL,'2c9f02ba3ca2d52f013ca32610e20007','2015-05-12 09:33:32',21,NULL),(1249,NULL,3,4,1,NULL,2,1,NULL,'8ad9907e47333cb7014738c04f5f0001','2015-05-12 10:38:56','',NULL,NULL,'2c9f02ba3ca2d52f013ca32610e20007','2015-05-12 09:33:32',21,NULL),(1250,NULL,3,4,4,NULL,2,1,NULL,'2c9f02ba3ca2d52f013ca32e3e930014','2015-05-12 10:48:26','',NULL,NULL,'2c9f02ba3ca2d52f013ca32610e20007','2015-05-12 09:33:32',21,NULL),(1251,NULL,3,5,3,6,2,1,NULL,'8ad9907e4a5c69c4014b727d4bc20003','2015-05-15 08:16:48','',NULL,NULL,'2c9f02ba3ca2d52f013ca32610e20007','2015-05-12 09:33:32',21,NULL),(1252,NULL,3,6,8,5,1,NULL,NULL,NULL,NULL,NULL,NULL,NULL,'2c9f02ba3ca2d52f013ca32610e20007','2015-05-12 09:33:32',21,NULL),(1253,NULL,2,1,3,1,2,1,NULL,'2c9f02ba3ca2d52f013ca32777ed0009','2015-05-25 09:17:36',NULL,NULL,NULL,'2c9f02ba3ca2d52f013ca32777ed0009','2015-05-25 09:17:36',23,NULL),(1254,NULL,2,2,3,3,2,1,NULL,'2c9f02ba3ca2d52f013ca3234ae60004','2015-05-25 11:24:03','',NULL,NULL,'2c9f02ba3ca2d52f013ca32777ed0009','2015-05-25 09:17:36',23,NULL),(1255,NULL,2,3,3,NULL,2,1,NULL,'8ad9907e4a5c69c4014b4d56558d0002','2015-05-25 11:24:29','',NULL,NULL,'2c9f02ba3ca2d52f013ca32777ed0009','2015-05-25 09:17:36',23,NULL),(1256,NULL,2,4,3,6,2,1,NULL,'8ad9907e4a5c69c4014b727d4bc20003','2015-05-25 12:25:21','',NULL,NULL,'2c9f02ba3ca2d52f013ca32777ed0009','2015-05-25 09:17:36',23,NULL),(1257,NULL,3,1,3,1,2,1,NULL,'2c9f02ba3ca2d52f013ca32610e20007','2015-05-25 12:52:30',NULL,NULL,NULL,'2c9f02ba3ca2d52f013ca32610e20007','2015-05-25 12:52:30',23,NULL),(1258,NULL,3,2,3,3,2,1,NULL,'2c9f02ba3ca2d52f013ca3234ae60004','2015-05-25 12:54:21','',NULL,NULL,'2c9f02ba3ca2d52f013ca32610e20007','2015-05-25 12:52:30',23,NULL),(1259,NULL,3,3,6,8,2,2,NULL,'2c9f02c03c19415f013c19422e740002','2015-05-25 13:00:24','需要重新提交附件。',NULL,NULL,'2c9f02ba3ca2d52f013ca32610e20007','2015-05-25 12:52:30',23,NULL),(1260,NULL,3,4,6,NULL,-1,NULL,NULL,NULL,NULL,NULL,NULL,NULL,'2c9f02ba3ca2d52f013ca32610e20007','2015-05-25 12:52:30',23,NULL),(1261,NULL,3,4,2,NULL,-1,NULL,NULL,NULL,NULL,NULL,NULL,NULL,'2c9f02ba3ca2d52f013ca32610e20007','2015-05-25 12:52:30',23,NULL),(1262,NULL,3,4,3,NULL,-1,NULL,NULL,NULL,NULL,NULL,NULL,NULL,'2c9f02ba3ca2d52f013ca32610e20007','2015-05-25 12:52:30',23,NULL),(1263,NULL,3,4,1,NULL,-1,NULL,NULL,NULL,NULL,NULL,NULL,NULL,'2c9f02ba3ca2d52f013ca32610e20007','2015-05-25 12:52:30',23,NULL),(1264,NULL,3,4,4,NULL,-1,NULL,NULL,NULL,NULL,NULL,NULL,NULL,'2c9f02ba3ca2d52f013ca32610e20007','2015-05-25 12:52:30',23,NULL),(1265,NULL,3,5,3,6,-1,NULL,NULL,NULL,NULL,NULL,NULL,NULL,'2c9f02ba3ca2d52f013ca32610e20007','2015-05-25 12:52:30',23,NULL),(1266,NULL,3,6,8,5,-1,NULL,NULL,NULL,NULL,NULL,NULL,NULL,'2c9f02ba3ca2d52f013ca32610e20007','2015-05-25 12:52:30',23,NULL),(1267,NULL,2,1,3,1,2,1,NULL,'2c9f02ba3ca2d52f013ca32610e20007','2015-05-25 13:00:49',NULL,NULL,NULL,'2c9f02ba3ca2d52f013ca32610e20007','2015-05-25 13:00:49',23,NULL),(1268,NULL,2,2,3,3,2,2,NULL,'2c9f02ba3ca2d52f013ca3234ae60004','2015-05-25 13:03:25','！',NULL,NULL,'2c9f02ba3ca2d52f013ca32610e20007','2015-05-25 13:00:49',23,NULL),(1269,NULL,2,3,3,NULL,-1,NULL,NULL,NULL,NULL,NULL,NULL,NULL,'2c9f02ba3ca2d52f013ca32610e20007','2015-05-25 13:00:49',23,NULL),(1270,NULL,2,4,3,6,-1,NULL,NULL,NULL,NULL,NULL,NULL,NULL,'2c9f02ba3ca2d52f013ca32610e20007','2015-05-25 13:00:49',23,NULL),(1271,NULL,2,1,3,1,2,1,NULL,'2c9f02ba3ca2d52f013ca32610e20007','2015-05-25 13:06:30',NULL,NULL,NULL,'2c9f02ba3ca2d52f013ca32610e20007','2015-05-25 13:06:30',24,NULL),(1272,NULL,2,2,3,3,2,1,NULL,'2c9f02ba3ca2d52f013ca3234ae60004','2015-05-25 13:07:15','',NULL,NULL,'2c9f02ba3ca2d52f013ca32610e20007','2015-05-25 13:06:30',24,NULL),(1273,NULL,2,3,3,NULL,2,1,NULL,'8ad9907e4a5c69c4014b4d56558d0002','2015-05-25 13:07:32','',NULL,NULL,'2c9f02ba3ca2d52f013ca32610e20007','2015-05-25 13:06:30',24,NULL),(1274,NULL,2,4,3,6,2,1,NULL,'8ad9907e4a5c69c4014b727d4bc20003','2015-05-25 13:07:52','',NULL,NULL,'2c9f02ba3ca2d52f013ca32610e20007','2015-05-25 13:06:30',24,NULL),(1275,NULL,3,1,3,1,2,1,NULL,'2c9f02ba3ca2d52f013ca32610e20007','2015-05-25 13:09:37',NULL,NULL,NULL,'2c9f02ba3ca2d52f013ca32610e20007','2015-05-25 13:09:37',24,NULL),(1276,NULL,3,2,3,3,2,1,NULL,'2c9f02ba3ca2d52f013ca3234ae60004','2015-05-25 13:09:57','',NULL,NULL,'2c9f02ba3ca2d52f013ca32610e20007','2015-05-25 13:09:37',24,NULL),(1277,NULL,3,3,6,8,2,1,NULL,'2c9f02c03c19415f013c19422e740002','2015-05-25 13:37:43','',NULL,NULL,'2c9f02ba3ca2d52f013ca32610e20007','2015-05-25 13:09:37',24,NULL),(1278,NULL,3,4,6,NULL,2,1,NULL,'8ad9907e47333cb70147390326a90019','2015-05-25 13:37:52','',NULL,NULL,'2c9f02ba3ca2d52f013ca32610e20007','2015-05-25 13:09:37',24,NULL),(1279,NULL,3,4,2,NULL,2,1,NULL,'2c9f02ba3ca2d52f013ca32c298e0010','2015-05-25 14:46:09','',NULL,NULL,'2c9f02ba3ca2d52f013ca32610e20007','2015-05-25 13:09:37',24,NULL),(1280,NULL,3,4,3,NULL,2,1,NULL,'8ad9907e4a5c69c4014b4d56558d0002','2015-05-25 13:45:57','',NULL,NULL,'2c9f02ba3ca2d52f013ca32610e20007','2015-05-25 13:09:37',24,NULL),(1281,NULL,3,4,1,NULL,2,1,NULL,'8ad9907e47333cb7014738c04f5f0001','2015-05-25 14:42:17','',NULL,NULL,'2c9f02ba3ca2d52f013ca32610e20007','2015-05-25 13:09:37',24,NULL),(1282,NULL,3,4,4,NULL,2,1,NULL,'2c9f02ba3ca2d52f013ca32e3e930014','2015-05-25 15:10:10','',NULL,NULL,'2c9f02ba3ca2d52f013ca32610e20007','2015-05-25 13:09:37',24,NULL),(1283,NULL,3,5,3,6,2,1,NULL,'8ad9907e4a5c69c4014b727d4bc20003','2015-05-26 09:57:17','',NULL,NULL,'2c9f02ba3ca2d52f013ca32610e20007','2015-05-25 13:09:37',24,NULL),(1284,NULL,3,6,8,5,1,NULL,NULL,NULL,NULL,NULL,NULL,NULL,'2c9f02ba3ca2d52f013ca32610e20007','2015-05-25 13:09:37',24,NULL),(1285,55,1,1,5,1,2,1,NULL,'8ad9907e47333cb70147392c2bf80021','2015-06-16 14:39:14',NULL,NULL,2,'8ad9907e47333cb70147392c2bf80021','2015-06-16 14:39:14',NULL,NULL),(1286,55,1,2,5,3,2,1,NULL,'2c9f02ba3ca2d52f013ca32b6bfa000f','2015-06-17 10:11:54','',NULL,2,'8ad9907e47333cb70147392c2bf80021','2015-06-16 14:39:14',NULL,NULL),(1287,55,1,3,6,8,2,1,NULL,'2c9f02c03c19415f013c19422e740002','2015-06-17 10:15:46','',NULL,2,'8ad9907e47333cb70147392c2bf80021','2015-06-16 14:39:14',NULL,NULL),(1288,55,1,4,6,NULL,2,1,NULL,'8ad9907e47333cb70147390326a90019','2015-06-17 10:15:57','',NULL,2,'8ad9907e47333cb70147392c2bf80021','2015-06-16 14:39:14',NULL,NULL),(1289,55,1,4,5,NULL,2,1,NULL,'8ad9907e47333cb7014739188ded001b','2015-06-18 15:08:42','',NULL,2,'8ad9907e47333cb70147392c2bf80021','2015-06-16 14:39:14',NULL,NULL),(1290,55,1,4,4,NULL,2,1,NULL,'2c9f02ba3ca2d52f013ca32e3e930014','2015-06-18 16:16:30','',NULL,2,'8ad9907e47333cb70147392c2bf80021','2015-06-16 14:39:14',NULL,NULL),(1291,55,1,5,5,6,2,1,NULL,'2c9f02ba3ca2d52f013ca32855dc000a','2015-06-23 09:34:23','',NULL,2,'8ad9907e47333cb70147392c2bf80021','2015-06-16 14:39:14',NULL,NULL),(1292,55,1,6,8,5,2,1,NULL,'2c9f02d43bb780fe013bb78620170002','2015-09-08 09:18:29','',NULL,2,'8ad9907e47333cb70147392c2bf80021','2015-06-16 14:39:14',NULL,NULL),(1293,NULL,2,1,3,1,2,1,NULL,'2c9f02ba3ca2d52f013ca32777ed0009','2015-06-23 09:19:08',NULL,NULL,NULL,'2c9f02ba3ca2d52f013ca32777ed0009','2015-06-23 09:19:08',25,NULL),(1294,NULL,2,2,3,3,2,1,NULL,'2c9f02ba3ca2d52f013ca3234ae60004','2015-06-23 09:24:55','',NULL,NULL,'2c9f02ba3ca2d52f013ca32777ed0009','2015-06-23 09:19:08',25,NULL),(1295,NULL,2,3,3,NULL,2,1,NULL,'8ad9907e4a5c69c4014b4d56558d0002','2015-06-23 09:25:32','',NULL,NULL,'2c9f02ba3ca2d52f013ca32777ed0009','2015-06-23 09:19:08',25,NULL),(1296,NULL,2,4,3,6,2,1,NULL,'8ad9907e4a5c69c4014b727d4bc20003','2015-06-23 09:38:14','',NULL,NULL,'2c9f02ba3ca2d52f013ca32777ed0009','2015-06-23 09:19:08',25,NULL),(1297,NULL,2,5,8,5,2,1,NULL,'2c9f02d43bb780fe013bb78620170002','2015-06-23 14:25:38','',NULL,NULL,'2c9f02ba3ca2d52f013ca32777ed0009','2015-06-23 09:19:08',25,NULL),(1298,NULL,2,1,3,1,2,1,NULL,'2c9f02ba3ca2d52f013ca32777ed0009','2015-06-23 09:21:37',NULL,NULL,NULL,'2c9f02ba3ca2d52f013ca32777ed0009','2015-06-23 09:21:37',26,NULL),(1299,NULL,2,2,3,3,2,1,NULL,'2c9f02ba3ca2d52f013ca3234ae60004','2015-06-23 09:25:00','',NULL,NULL,'2c9f02ba3ca2d52f013ca32777ed0009','2015-06-23 09:21:37',26,NULL),(1300,NULL,2,3,3,NULL,2,1,NULL,'8ad9907e4a5c69c4014b4d56558d0002','2015-06-23 09:25:37','',NULL,NULL,'2c9f02ba3ca2d52f013ca32777ed0009','2015-06-23 09:21:37',26,NULL),(1301,NULL,2,4,3,6,2,1,NULL,'8ad9907e4a5c69c4014b727d4bc20003','2015-06-23 09:38:30','',NULL,NULL,'2c9f02ba3ca2d52f013ca32777ed0009','2015-06-23 09:21:37',26,NULL),(1302,NULL,2,1,3,1,2,1,NULL,'2c9f02ba3ca2d52f013ca32777ed0009','2015-06-23 09:50:07',NULL,NULL,NULL,'2c9f02ba3ca2d52f013ca32777ed0009','2015-06-23 09:50:07',27,NULL),(1303,NULL,2,2,3,3,2,1,NULL,'2c9f02ba3ca2d52f013ca3234ae60004','2015-06-23 10:20:22','',NULL,NULL,'2c9f02ba3ca2d52f013ca32777ed0009','2015-06-23 09:50:07',27,NULL),(1304,NULL,2,3,3,NULL,2,1,NULL,'8ad9907e4a5c69c4014b4d56558d0002','2015-06-23 10:21:32','',NULL,NULL,'2c9f02ba3ca2d52f013ca32777ed0009','2015-06-23 09:50:07',27,NULL),(1305,NULL,2,4,3,6,2,1,NULL,'8ad9907e4a5c69c4014b727d4bc20003','2015-06-23 11:12:27','',NULL,NULL,'2c9f02ba3ca2d52f013ca32777ed0009','2015-06-23 09:50:07',27,NULL),(1306,NULL,2,1,3,1,2,1,NULL,'2c9f02ba3ca2d52f013ca32777ed0009','2015-06-23 09:53:47',NULL,NULL,NULL,'2c9f02ba3ca2d52f013ca32777ed0009','2015-06-23 09:53:47',28,NULL),(1307,NULL,2,2,3,3,2,1,NULL,'2c9f02ba3ca2d52f013ca3234ae60004','2015-06-23 09:54:45','修改',NULL,NULL,'2c9f02ba3ca2d52f013ca32777ed0009','2015-06-23 09:53:47',28,NULL),(1308,NULL,2,3,3,NULL,2,2,NULL,'8ad9907e4a5c69c4014b4d56558d0002','2015-06-23 09:55:45','修改',NULL,NULL,'2c9f02ba3ca2d52f013ca32777ed0009','2015-06-23 09:53:47',28,NULL),(1309,NULL,2,4,3,6,-1,NULL,NULL,NULL,NULL,NULL,NULL,NULL,'2c9f02ba3ca2d52f013ca32777ed0009','2015-06-23 09:53:47',28,NULL),(1310,NULL,2,1,3,1,2,1,NULL,'2c9f02ba3ca2d52f013ca32777ed0009','2015-06-23 09:57:30',NULL,NULL,NULL,'2c9f02ba3ca2d52f013ca32777ed0009','2015-06-23 09:57:30',29,NULL),(1311,NULL,2,2,3,3,2,1,NULL,'2c9f02ba3ca2d52f013ca3234ae60004','2015-06-23 10:20:29','',NULL,NULL,'2c9f02ba3ca2d52f013ca32777ed0009','2015-06-23 09:57:30',29,NULL),(1312,NULL,2,3,3,NULL,2,1,NULL,'8ad9907e4a5c69c4014b4d56558d0002','2015-06-23 10:21:28','',NULL,NULL,'2c9f02ba3ca2d52f013ca32777ed0009','2015-06-23 09:57:30',29,NULL),(1313,NULL,2,4,3,6,2,1,NULL,'8ad9907e4a5c69c4014b727d4bc20003','2015-06-23 11:12:40','',NULL,NULL,'2c9f02ba3ca2d52f013ca32777ed0009','2015-06-23 09:57:30',29,NULL),(1314,NULL,3,1,3,1,2,1,NULL,'2c9f02ba3ca2d52f013ca32777ed0009','2015-06-23 10:42:10',NULL,NULL,NULL,'2c9f02ba3ca2d52f013ca32777ed0009','2015-06-23 10:42:10',26,NULL),(1315,NULL,3,2,3,3,2,1,NULL,'2c9f02ba3ca2d52f013ca3234ae60004','2015-06-23 10:59:37','',NULL,NULL,'2c9f02ba3ca2d52f013ca32777ed0009','2015-06-23 10:42:10',26,NULL),(1316,NULL,3,3,6,8,2,1,NULL,'2c9f02c03c19415f013c19422e740002','2015-06-26 10:28:52','该项目不接受联合体投标，质保时间较长、比例较高，纠纷管辖法院非上海市法院。',NULL,NULL,'2c9f02ba3ca2d52f013ca32777ed0009','2015-06-23 10:42:10',26,NULL),(1317,NULL,3,4,6,NULL,2,1,NULL,'8ad9907e47333cb70147390326a90019','2015-06-26 14:01:22','',NULL,NULL,'2c9f02ba3ca2d52f013ca32777ed0009','2015-06-23 10:42:10',26,NULL),(1318,NULL,3,4,2,NULL,1,NULL,NULL,NULL,NULL,NULL,NULL,NULL,'2c9f02ba3ca2d52f013ca32777ed0009','2015-06-23 10:42:10',26,NULL),(1319,NULL,3,4,3,NULL,2,1,NULL,'8ad9907e4a5c69c4014b4d56558d0002','2015-06-30 09:31:33','',NULL,NULL,'2c9f02ba3ca2d52f013ca32777ed0009','2015-06-23 10:42:10',26,NULL),(1320,NULL,3,4,1,NULL,2,1,NULL,'8ad9907e47333cb7014738c04f5f0001','2015-06-30 09:05:39','',NULL,NULL,'2c9f02ba3ca2d52f013ca32777ed0009','2015-06-23 10:42:10',26,NULL),(1321,NULL,3,4,4,NULL,1,NULL,NULL,NULL,NULL,NULL,NULL,NULL,'2c9f02ba3ca2d52f013ca32777ed0009','2015-06-23 10:42:10',26,NULL),(1322,NULL,3,5,3,6,0,NULL,NULL,NULL,NULL,NULL,NULL,NULL,'2c9f02ba3ca2d52f013ca32777ed0009','2015-06-23 10:42:10',26,NULL),(1323,NULL,3,6,8,5,0,NULL,NULL,NULL,NULL,NULL,NULL,NULL,'2c9f02ba3ca2d52f013ca32777ed0009','2015-06-23 10:42:10',26,NULL),(1324,57,1,1,3,1,2,1,NULL,'2c9f02ba3ca2d52f013ca32777ed0009','2015-06-23 10:46:54',NULL,NULL,3,'2c9f02ba3ca2d52f013ca32777ed0009','2015-06-23 10:46:54',NULL,NULL),(1325,57,1,2,3,3,2,1,NULL,'2c9f02ba3ca2d52f013ca3234ae60004','2015-06-23 10:59:42','',NULL,3,'2c9f02ba3ca2d52f013ca32777ed0009','2015-06-23 10:46:54',NULL,NULL),(1326,57,1,3,6,8,2,2,NULL,'2c9f02c03c19415f013c19422e740002','2015-06-26 11:15:52','合同管辖法院约定不明。',NULL,3,'2c9f02ba3ca2d52f013ca32777ed0009','2015-06-23 10:46:54',NULL,NULL),(1327,57,1,4,6,NULL,-1,NULL,NULL,NULL,NULL,NULL,NULL,3,'2c9f02ba3ca2d52f013ca32777ed0009','2015-06-23 10:46:54',NULL,NULL),(1328,57,1,4,2,NULL,-1,NULL,NULL,NULL,NULL,NULL,NULL,3,'2c9f02ba3ca2d52f013ca32777ed0009','2015-06-23 10:46:54',NULL,NULL),(1329,57,1,4,4,NULL,-1,NULL,NULL,NULL,NULL,NULL,NULL,3,'2c9f02ba3ca2d52f013ca32777ed0009','2015-06-23 10:46:54',NULL,NULL),(1330,57,1,5,3,6,-1,NULL,NULL,NULL,NULL,NULL,NULL,3,'2c9f02ba3ca2d52f013ca32777ed0009','2015-06-23 10:46:54',NULL,NULL),(1331,57,1,6,8,5,-1,NULL,NULL,NULL,NULL,NULL,NULL,3,'2c9f02ba3ca2d52f013ca32777ed0009','2015-06-23 10:46:54',NULL,NULL),(1332,56,1,1,3,1,2,1,NULL,'2c9f02ba3ca2d52f013ca32777ed0009','2015-06-23 10:54:51',NULL,NULL,4,'2c9f02ba3ca2d52f013ca32777ed0009','2015-06-23 10:54:51',NULL,NULL),(1333,56,1,2,3,3,2,1,NULL,'2c9f02ba3ca2d52f013ca3234ae60004','2015-06-23 10:59:47','',NULL,4,'2c9f02ba3ca2d52f013ca32777ed0009','2015-06-23 10:54:51',NULL,NULL),(1334,56,1,3,6,8,2,2,NULL,'2c9f02c03c19415f013c19422e740002','2015-06-26 10:53:36','争端解决管辖法院约定错误。',NULL,4,'2c9f02ba3ca2d52f013ca32777ed0009','2015-06-23 10:54:51',NULL,NULL),(1335,56,1,4,6,NULL,-1,NULL,NULL,NULL,NULL,NULL,NULL,4,'2c9f02ba3ca2d52f013ca32777ed0009','2015-06-23 10:54:51',NULL,NULL),(1336,56,1,4,2,NULL,-1,NULL,NULL,NULL,NULL,NULL,NULL,4,'2c9f02ba3ca2d52f013ca32777ed0009','2015-06-23 10:54:51',NULL,NULL),(1337,56,1,4,3,NULL,-1,NULL,NULL,NULL,NULL,NULL,NULL,4,'2c9f02ba3ca2d52f013ca32777ed0009','2015-06-23 10:54:51',NULL,NULL),(1338,56,1,4,1,NULL,-1,NULL,NULL,NULL,NULL,NULL,NULL,4,'2c9f02ba3ca2d52f013ca32777ed0009','2015-06-23 10:54:51',NULL,NULL),(1339,56,1,4,4,NULL,-1,NULL,NULL,NULL,NULL,NULL,NULL,4,'2c9f02ba3ca2d52f013ca32777ed0009','2015-06-23 10:54:51',NULL,NULL),(1340,56,1,5,3,6,-1,NULL,NULL,NULL,NULL,NULL,NULL,4,'2c9f02ba3ca2d52f013ca32777ed0009','2015-06-23 10:54:51',NULL,NULL),(1341,56,1,6,8,5,-1,NULL,NULL,NULL,NULL,NULL,NULL,4,'2c9f02ba3ca2d52f013ca32777ed0009','2015-06-23 10:54:51',NULL,NULL),(1342,NULL,2,1,3,1,2,1,NULL,'2c9f02ba3ca2d52f013ca32777ed0009','2015-06-23 10:57:30',NULL,NULL,NULL,'2c9f02ba3ca2d52f013ca32777ed0009','2015-06-23 10:57:30',30,NULL),(1343,NULL,2,2,3,3,2,1,NULL,'2c9f02ba3ca2d52f013ca3234ae60004','2015-06-23 10:59:54','',NULL,NULL,'2c9f02ba3ca2d52f013ca32777ed0009','2015-06-23 10:57:30',30,NULL),(1344,NULL,2,3,3,NULL,2,1,NULL,'8ad9907e4a5c69c4014b4d56558d0002','2015-06-23 11:00:16','',NULL,NULL,'2c9f02ba3ca2d52f013ca32777ed0009','2015-06-23 10:57:30',30,NULL),(1345,NULL,2,4,3,6,2,1,NULL,'8ad9907e4a5c69c4014b727d4bc20003','2015-06-23 11:12:58','',NULL,NULL,'2c9f02ba3ca2d52f013ca32777ed0009','2015-06-23 10:57:30',30,NULL),(1346,NULL,3,1,3,1,2,1,NULL,'2c9f02ba3ca2d52f013ca32777ed0009','2015-06-23 14:43:14',NULL,NULL,NULL,'2c9f02ba3ca2d52f013ca32777ed0009','2015-06-23 14:43:14',25,NULL),(1347,NULL,3,2,3,3,2,1,NULL,'2c9f02ba3ca2d52f013ca3234ae60004','2015-06-23 14:48:22','',NULL,NULL,'2c9f02ba3ca2d52f013ca32777ed0009','2015-06-23 14:43:14',25,NULL),(1348,NULL,3,3,6,8,2,1,NULL,'2c9f02c03c19415f013c19422e740002','2015-07-17 14:52:07','此为联合体投标项目，注意联合体的选择。',NULL,NULL,'2c9f02ba3ca2d52f013ca32777ed0009','2015-06-23 14:43:14',25,NULL),(1349,NULL,3,4,6,NULL,2,1,NULL,'8ad9907e47333cb70147390326a90019','2015-07-20 10:17:57','',NULL,NULL,'2c9f02ba3ca2d52f013ca32777ed0009','2015-06-23 14:43:14',25,NULL),(1350,NULL,3,4,2,NULL,1,NULL,NULL,NULL,NULL,NULL,NULL,NULL,'2c9f02ba3ca2d52f013ca32777ed0009','2015-06-23 14:43:14',25,NULL),(1351,NULL,3,4,3,NULL,1,NULL,NULL,NULL,NULL,NULL,NULL,NULL,'2c9f02ba3ca2d52f013ca32777ed0009','2015-06-23 14:43:14',25,NULL),(1352,NULL,3,4,1,NULL,1,NULL,NULL,NULL,NULL,NULL,NULL,NULL,'2c9f02ba3ca2d52f013ca32777ed0009','2015-06-23 14:43:14',25,NULL),(1353,NULL,3,4,4,NULL,1,NULL,NULL,NULL,NULL,NULL,NULL,NULL,'2c9f02ba3ca2d52f013ca32777ed0009','2015-06-23 14:43:14',25,NULL),(1354,NULL,3,5,3,6,0,NULL,NULL,NULL,NULL,NULL,NULL,NULL,'2c9f02ba3ca2d52f013ca32777ed0009','2015-06-23 14:43:14',25,NULL),(1355,NULL,3,6,8,5,0,NULL,NULL,NULL,NULL,NULL,NULL,NULL,'2c9f02ba3ca2d52f013ca32777ed0009','2015-06-23 14:43:14',25,NULL),(1356,56,1,1,3,1,2,1,NULL,'2c9f02ba3ca2d52f013ca32777ed0009','2015-06-26 13:53:10',NULL,NULL,4,'2c9f02ba3ca2d52f013ca32777ed0009','2015-06-26 13:53:10',NULL,NULL),(1357,56,1,2,3,3,2,1,NULL,'2c9f02ba3ca2d52f013ca3234ae60004','2015-06-26 13:54:34','',NULL,4,'2c9f02ba3ca2d52f013ca32777ed0009','2015-06-26 13:53:10',NULL,NULL),(1358,56,1,3,6,8,2,1,NULL,'2c9f02c03c19415f013c19422e740002','2015-06-26 14:03:48','合同付款方式为验收通过后一次性支付，根据附件《情况汇报》该项目已完成。',NULL,4,'2c9f02ba3ca2d52f013ca32777ed0009','2015-06-26 13:53:10',NULL,NULL),(1359,56,1,4,6,NULL,2,1,NULL,'8ad9907e47333cb70147390326a90019','2015-06-26 14:03:59','',NULL,4,'2c9f02ba3ca2d52f013ca32777ed0009','2015-06-26 13:53:10',NULL,NULL),(1360,56,1,4,2,NULL,1,NULL,NULL,NULL,NULL,NULL,NULL,4,'2c9f02ba3ca2d52f013ca32777ed0009','2015-06-26 13:53:10',NULL,NULL),(1361,56,1,4,3,NULL,2,1,NULL,'8ad9907e4a5c69c4014b4d56558d0002','2015-06-30 09:31:52','',NULL,4,'2c9f02ba3ca2d52f013ca32777ed0009','2015-06-26 13:53:10',NULL,NULL),(1362,56,1,4,1,NULL,2,1,NULL,'8ad9907e47333cb7014738c04f5f0001','2015-06-30 09:00:49','',NULL,4,'2c9f02ba3ca2d52f013ca32777ed0009','2015-06-26 13:53:10',NULL,NULL),(1363,56,1,4,4,NULL,1,NULL,NULL,NULL,NULL,NULL,NULL,4,'2c9f02ba3ca2d52f013ca32777ed0009','2015-06-26 13:53:10',NULL,NULL),(1364,56,1,5,3,6,0,NULL,NULL,NULL,NULL,NULL,NULL,4,'2c9f02ba3ca2d52f013ca32777ed0009','2015-06-26 13:53:10',NULL,NULL),(1365,56,1,6,8,5,0,NULL,NULL,NULL,NULL,NULL,NULL,4,'2c9f02ba3ca2d52f013ca32777ed0009','2015-06-26 13:53:10',NULL,NULL),(1366,57,1,1,3,1,2,1,NULL,'2c9f02ba3ca2d52f013ca32777ed0009','2015-06-26 13:54:18',NULL,NULL,3,'2c9f02ba3ca2d52f013ca32777ed0009','2015-06-26 13:54:18',NULL,NULL),(1367,57,1,2,3,3,2,1,NULL,'2c9f02ba3ca2d52f013ca3234ae60004','2015-06-26 13:54:37','',NULL,3,'2c9f02ba3ca2d52f013ca32777ed0009','2015-06-26 13:54:18',NULL,NULL),(1368,57,1,3,6,8,2,1,NULL,'2c9f02c03c19415f013c19422e740002','2015-06-26 14:10:29','合同第六条“按供货商向甲方提供的商务合同条款”的约定，根据甲方与供货商的合同（我方无）可能会影响我方的权利义务，但据了解，该项目已履行完毕。',NULL,3,'2c9f02ba3ca2d52f013ca32777ed0009','2015-06-26 13:54:18',NULL,NULL),(1369,57,1,4,6,NULL,2,1,NULL,'8ad9907e47333cb70147390326a90019','2015-06-26 14:10:39','',NULL,3,'2c9f02ba3ca2d52f013ca32777ed0009','2015-06-26 13:54:18',NULL,NULL),(1370,57,1,4,2,NULL,1,NULL,NULL,NULL,NULL,NULL,NULL,3,'2c9f02ba3ca2d52f013ca32777ed0009','2015-06-26 13:54:18',NULL,NULL),(1371,57,1,4,4,NULL,1,NULL,NULL,NULL,NULL,NULL,NULL,3,'2c9f02ba3ca2d52f013ca32777ed0009','2015-06-26 13:54:18',NULL,NULL),(1372,57,1,5,3,6,0,NULL,NULL,NULL,NULL,NULL,NULL,3,'2c9f02ba3ca2d52f013ca32777ed0009','2015-06-26 13:54:18',NULL,NULL),(1373,57,1,6,8,5,0,NULL,NULL,NULL,NULL,NULL,NULL,3,'2c9f02ba3ca2d52f013ca32777ed0009','2015-06-26 13:54:18',NULL,NULL),(1374,58,1,1,3,1,2,1,NULL,'2c9f02ba3ca2d52f013ca32777ed0009','2015-06-30 14:47:07',NULL,NULL,5,'2c9f02ba3ca2d52f013ca32777ed0009','2015-06-30 14:47:07',NULL,NULL),(1375,58,1,2,3,3,2,1,NULL,'2c9f02ba3ca2d52f013ca3234ae60004','2015-06-30 16:13:48','',NULL,5,'2c9f02ba3ca2d52f013ca32777ed0009','2015-06-30 14:47:07',NULL,NULL),(1376,58,1,3,6,8,2,1,NULL,'2c9f02c03c19415f013c19422e740002','2015-07-06 09:29:08','第八章其他约定事项中“乙方提供的产品应均由乙方制造”的约定不符合我单位实际情况。',NULL,5,'2c9f02ba3ca2d52f013ca32777ed0009','2015-06-30 14:47:07',NULL,NULL),(1377,58,1,4,6,NULL,2,2,NULL,'8ad9907e47333cb70147390326a90019','2015-07-06 09:29:55','有问题',NULL,5,'2c9f02ba3ca2d52f013ca32777ed0009','2015-06-30 14:47:07',NULL,NULL),(1378,58,1,4,2,NULL,1,NULL,NULL,NULL,NULL,NULL,NULL,5,'2c9f02ba3ca2d52f013ca32777ed0009','2015-06-30 14:47:07',NULL,NULL),(1379,58,1,4,3,NULL,1,NULL,NULL,NULL,NULL,NULL,NULL,5,'2c9f02ba3ca2d52f013ca32777ed0009','2015-06-30 14:47:07',NULL,NULL),(1380,58,1,4,1,NULL,2,1,NULL,'8ad9907e47333cb7014738c04f5f0001','2015-09-01 14:18:44','',NULL,5,'2c9f02ba3ca2d52f013ca32777ed0009','2015-06-30 14:47:07',NULL,NULL),(1381,58,1,4,4,NULL,2,2,NULL,'2c9f02ba3ca2d52f013ca32e3e930014','2015-08-03 10:52:00','NO',NULL,5,'2c9f02ba3ca2d52f013ca32777ed0009','2015-06-30 14:47:07',NULL,NULL),(1382,58,1,5,3,6,-1,NULL,NULL,NULL,NULL,NULL,NULL,5,'2c9f02ba3ca2d52f013ca32777ed0009','2015-06-30 14:47:07',NULL,NULL),(1383,58,1,6,8,5,-1,NULL,NULL,NULL,NULL,NULL,NULL,5,'2c9f02ba3ca2d52f013ca32777ed0009','2015-06-30 14:47:07',NULL,NULL),(1384,58,1,1,3,1,2,1,NULL,'2c9f02ba3ca2d52f013ca32610e20007','2015-07-06 09:32:11',NULL,NULL,5,'2c9f02ba3ca2d52f013ca32610e20007','2015-07-06 09:32:11',NULL,NULL),(1385,58,1,2,3,3,2,2,NULL,'2c9f02ba3ca2d52f013ca3234ae60004','2015-07-06 09:36:13','X',NULL,5,'2c9f02ba3ca2d52f013ca32610e20007','2015-07-06 09:32:11',NULL,NULL),(1386,58,1,3,6,8,-1,NULL,NULL,NULL,NULL,NULL,NULL,5,'2c9f02ba3ca2d52f013ca32610e20007','2015-07-06 09:32:11',NULL,NULL),(1387,58,1,4,6,NULL,-1,NULL,NULL,NULL,NULL,NULL,NULL,5,'2c9f02ba3ca2d52f013ca32610e20007','2015-07-06 09:32:11',NULL,NULL),(1388,58,1,4,2,NULL,-1,NULL,NULL,NULL,NULL,NULL,NULL,5,'2c9f02ba3ca2d52f013ca32610e20007','2015-07-06 09:32:11',NULL,NULL),(1389,58,1,4,3,NULL,-1,NULL,NULL,NULL,NULL,NULL,NULL,5,'2c9f02ba3ca2d52f013ca32610e20007','2015-07-06 09:32:11',NULL,NULL),(1390,58,1,4,1,NULL,-1,NULL,NULL,NULL,NULL,NULL,NULL,5,'2c9f02ba3ca2d52f013ca32610e20007','2015-07-06 09:32:11',NULL,NULL),(1391,58,1,4,4,NULL,-1,NULL,NULL,NULL,NULL,NULL,NULL,5,'2c9f02ba3ca2d52f013ca32610e20007','2015-07-06 09:32:11',NULL,NULL),(1392,58,1,5,3,6,-1,NULL,NULL,NULL,NULL,NULL,NULL,5,'2c9f02ba3ca2d52f013ca32610e20007','2015-07-06 09:32:11',NULL,NULL),(1393,58,1,6,8,5,-1,NULL,NULL,NULL,NULL,NULL,NULL,5,'2c9f02ba3ca2d52f013ca32610e20007','2015-07-06 09:32:11',NULL,NULL),(1394,58,1,1,3,1,2,1,NULL,'2c9f02ba3ca2d52f013ca32610e20007','2015-07-06 09:32:17',NULL,NULL,5,'2c9f02ba3ca2d52f013ca32610e20007','2015-07-06 09:32:17',NULL,NULL),(1395,58,1,2,3,3,2,1,NULL,'2c9f02ba3ca2d52f013ca3234ae60004','2015-07-06 09:33:13','',NULL,5,'2c9f02ba3ca2d52f013ca32610e20007','2015-07-06 09:32:17',NULL,NULL),(1396,58,1,3,6,8,-1,NULL,NULL,NULL,NULL,NULL,NULL,5,'2c9f02ba3ca2d52f013ca32610e20007','2015-07-06 09:32:17',NULL,NULL),(1397,58,1,4,6,NULL,-1,NULL,NULL,NULL,NULL,NULL,NULL,5,'2c9f02ba3ca2d52f013ca32610e20007','2015-07-06 09:32:17',NULL,NULL),(1398,58,1,4,2,NULL,-1,NULL,NULL,NULL,NULL,NULL,NULL,5,'2c9f02ba3ca2d52f013ca32610e20007','2015-07-06 09:32:17',NULL,NULL),(1399,58,1,4,3,NULL,-1,NULL,NULL,NULL,NULL,NULL,NULL,5,'2c9f02ba3ca2d52f013ca32610e20007','2015-07-06 09:32:17',NULL,NULL),(1400,58,1,4,1,NULL,-1,NULL,NULL,NULL,NULL,NULL,NULL,5,'2c9f02ba3ca2d52f013ca32610e20007','2015-07-06 09:32:17',NULL,NULL),(1401,58,1,4,4,NULL,-1,NULL,NULL,NULL,NULL,NULL,NULL,5,'2c9f02ba3ca2d52f013ca32610e20007','2015-07-06 09:32:17',NULL,NULL),(1402,58,1,5,3,6,-1,NULL,NULL,NULL,NULL,NULL,NULL,5,'2c9f02ba3ca2d52f013ca32610e20007','2015-07-06 09:32:17',NULL,NULL),(1403,58,1,6,8,5,-1,NULL,NULL,NULL,NULL,NULL,NULL,5,'2c9f02ba3ca2d52f013ca32610e20007','2015-07-06 09:32:17',NULL,NULL),(1404,59,1,1,3,1,2,1,NULL,'2c9f02ba3ca2d52f013ca32777ed0009','2015-07-06 09:56:19',NULL,NULL,6,'2c9f02ba3ca2d52f013ca32777ed0009','2015-07-06 09:56:19',NULL,NULL),(1405,59,1,2,3,3,2,1,NULL,'2c9f02ba3ca2d52f013ca3234ae60004','2015-07-06 09:56:38','',NULL,6,'2c9f02ba3ca2d52f013ca32777ed0009','2015-07-06 09:56:19',NULL,NULL),(1406,59,1,3,6,8,2,1,NULL,'2c9f02c03c19415f013c19422e740002','2015-07-06 10:08:09','该合同为与梅思泰克合作合同，我方收取管理费。注意合同中两处笔误在用印时应予以改正，另合同纠纷所在地为需方所在地。',NULL,6,'2c9f02ba3ca2d52f013ca32777ed0009','2015-07-06 09:56:19',NULL,NULL),(1407,59,1,4,6,NULL,2,1,NULL,'8ad9907e47333cb70147390326a90019','2015-07-06 12:03:09','',NULL,6,'2c9f02ba3ca2d52f013ca32777ed0009','2015-07-06 09:56:19',NULL,NULL),(1408,59,1,4,2,NULL,1,NULL,NULL,NULL,NULL,NULL,NULL,6,'2c9f02ba3ca2d52f013ca32777ed0009','2015-07-06 09:56:19',NULL,NULL),(1409,59,1,4,3,NULL,2,1,NULL,'8ad9907e4a5c69c4014b4d56558d0002','2015-08-31 10:51:04','',NULL,6,'2c9f02ba3ca2d52f013ca32777ed0009','2015-07-06 09:56:19',NULL,NULL),(1410,59,1,4,1,NULL,1,NULL,NULL,NULL,NULL,NULL,NULL,6,'2c9f02ba3ca2d52f013ca32777ed0009','2015-07-06 09:56:19',NULL,NULL),(1411,59,1,4,4,NULL,1,NULL,NULL,NULL,NULL,NULL,NULL,6,'2c9f02ba3ca2d52f013ca32777ed0009','2015-07-06 09:56:19',NULL,NULL),(1412,59,1,5,3,6,0,NULL,NULL,NULL,NULL,NULL,NULL,6,'2c9f02ba3ca2d52f013ca32777ed0009','2015-07-06 09:56:19',NULL,NULL),(1413,59,1,6,8,5,0,NULL,NULL,NULL,NULL,NULL,NULL,6,'2c9f02ba3ca2d52f013ca32777ed0009','2015-07-06 09:56:19',NULL,NULL),(1414,49,1,1,2,1,2,1,NULL,'8ad9907e47333cb7014738fdbae90012','2015-07-20 15:52:06',NULL,NULL,7,'8ad9907e47333cb7014738fdbae90012','2015-07-20 15:52:06',NULL,NULL),(1415,49,1,2,2,3,2,1,NULL,'8ad9907e47333cb7014738ff65c90015','2015-07-21 16:33:33','',NULL,7,'8ad9907e47333cb7014738fdbae90012','2015-07-20 15:52:06',NULL,NULL),(1416,49,1,3,6,8,2,1,NULL,'2c9f02c03c19415f013c19422e740002','2015-07-21 16:38:54','合同主要针对火灾造成的工程增量及未完工程量。',NULL,7,'8ad9907e47333cb7014738fdbae90012','2015-07-20 15:52:06',NULL,NULL),(1417,49,1,4,6,NULL,2,1,NULL,'8ad9907e47333cb70147390326a90019','2015-07-21 16:40:22','本项目已处于亏损阶段',NULL,7,'8ad9907e47333cb7014738fdbae90012','2015-07-20 15:52:06',NULL,NULL),(1418,49,1,4,2,NULL,1,NULL,NULL,NULL,NULL,NULL,NULL,7,'8ad9907e47333cb7014738fdbae90012','2015-07-20 15:52:06',NULL,NULL),(1419,49,1,4,4,NULL,1,NULL,NULL,NULL,NULL,NULL,NULL,7,'8ad9907e47333cb7014738fdbae90012','2015-07-20 15:52:06',NULL,NULL),(1420,49,1,5,2,6,0,NULL,NULL,NULL,NULL,NULL,NULL,7,'8ad9907e47333cb7014738fdbae90012','2015-07-20 15:52:06',NULL,NULL),(1421,49,1,6,8,5,0,NULL,NULL,NULL,NULL,NULL,NULL,7,'8ad9907e47333cb7014738fdbae90012','2015-07-20 15:52:06',NULL,NULL),(1430,48,1,1,2,1,2,1,NULL,'8ad9907e47333cb7014738fdbae90012','2015-07-24 13:40:16',NULL,NULL,8,'8ad9907e47333cb7014738fdbae90012','2015-07-24 13:40:16',NULL,NULL),(1431,48,1,2,2,3,2,1,NULL,'8ad9907e47333cb7014738ff65c90015','2015-07-24 13:42:11','',NULL,8,'8ad9907e47333cb7014738fdbae90012','2015-07-24 13:40:16',NULL,NULL),(1432,48,1,3,6,8,2,2,NULL,'2c9f02c03c19415f013c19422e740002','2015-08-03 10:40:36','公司决定采用签证方式。',NULL,8,'8ad9907e47333cb7014738fdbae90012','2015-07-24 13:40:16',NULL,NULL),(1433,48,1,4,6,NULL,-1,NULL,NULL,NULL,NULL,NULL,NULL,8,'8ad9907e47333cb7014738fdbae90012','2015-07-24 13:40:16',NULL,NULL),(1434,48,1,4,2,NULL,-1,NULL,NULL,NULL,NULL,NULL,NULL,8,'8ad9907e47333cb7014738fdbae90012','2015-07-24 13:40:16',NULL,NULL),(1435,48,1,4,4,NULL,-1,NULL,NULL,NULL,NULL,NULL,NULL,8,'8ad9907e47333cb7014738fdbae90012','2015-07-24 13:40:16',NULL,NULL),(1436,48,1,5,2,6,-1,NULL,NULL,NULL,NULL,NULL,NULL,8,'8ad9907e47333cb7014738fdbae90012','2015-07-24 13:40:16',NULL,NULL),(1437,48,1,6,8,5,-1,NULL,NULL,NULL,NULL,NULL,NULL,8,'8ad9907e47333cb7014738fdbae90012','2015-07-24 13:40:16',NULL,NULL),(1438,60,1,1,5,1,2,1,NULL,'8ad9907e47333cb70147392c2bf80021','2015-07-31 10:07:55',NULL,NULL,9,'8ad9907e47333cb70147392c2bf80021','2015-07-31 10:07:55',NULL,NULL),(1439,60,1,2,5,3,2,1,NULL,'8ad9907e4e94b430014ee2001e460001','2015-07-31 14:09:29','错了',NULL,9,'8ad9907e47333cb70147392c2bf80021','2015-07-31 10:07:55',NULL,NULL),(1440,60,1,3,6,8,2,2,NULL,'2c9f02c03c19415f013c19422e740002','2015-08-03 10:41:14','上传错误。',NULL,9,'8ad9907e47333cb70147392c2bf80021','2015-07-31 10:07:55',NULL,NULL),(1441,60,1,4,6,NULL,-1,NULL,NULL,NULL,NULL,NULL,NULL,9,'8ad9907e47333cb70147392c2bf80021','2015-07-31 10:07:55',NULL,NULL),(1442,60,1,4,5,NULL,-1,NULL,NULL,NULL,NULL,NULL,NULL,9,'8ad9907e47333cb70147392c2bf80021','2015-07-31 10:07:55',NULL,NULL),(1443,60,1,4,3,NULL,-1,NULL,NULL,NULL,NULL,NULL,NULL,9,'8ad9907e47333cb70147392c2bf80021','2015-07-31 10:07:55',NULL,NULL),(1444,60,1,4,1,NULL,-1,NULL,NULL,NULL,NULL,NULL,NULL,9,'8ad9907e47333cb70147392c2bf80021','2015-07-31 10:07:55',NULL,NULL),(1445,60,1,4,4,NULL,-1,NULL,NULL,NULL,NULL,NULL,NULL,9,'8ad9907e47333cb70147392c2bf80021','2015-07-31 10:07:55',NULL,NULL),(1446,60,1,5,5,6,-1,NULL,NULL,NULL,NULL,NULL,NULL,9,'8ad9907e47333cb70147392c2bf80021','2015-07-31 10:07:55',NULL,NULL),(1447,60,1,6,8,5,-1,NULL,NULL,NULL,NULL,NULL,NULL,9,'8ad9907e47333cb70147392c2bf80021','2015-07-31 10:07:55',NULL,NULL),(1448,60,1,1,5,1,2,1,NULL,'8ad9907e47333cb70147392c2bf80021','2015-07-31 10:51:58',NULL,NULL,10,'8ad9907e47333cb70147392c2bf80021','2015-07-31 10:51:58',NULL,NULL),(1449,60,1,2,5,3,2,1,NULL,'8ad9907e4e94b430014ee2001e460001','2015-07-31 14:10:16','错了',NULL,10,'8ad9907e47333cb70147392c2bf80021','2015-07-31 10:51:58',NULL,NULL),(1450,60,1,3,6,8,2,1,NULL,'2c9f02c03c19415f013c19422e740002','2015-08-03 10:26:59','注意开工条件及日期的协商。',NULL,10,'8ad9907e47333cb70147392c2bf80021','2015-07-31 10:51:58',NULL,NULL),(1451,60,1,4,6,NULL,2,1,NULL,'8ad9907e47333cb70147390326a90019','2015-08-03 10:41:53','',NULL,10,'8ad9907e47333cb70147392c2bf80021','2015-07-31 10:51:58',NULL,NULL),(1452,60,1,4,5,NULL,2,1,NULL,'8ad9907e47333cb7014739188ded001b','2015-08-03 10:49:34','传错了',NULL,10,'8ad9907e47333cb70147392c2bf80021','2015-07-31 10:51:58',NULL,NULL),(1453,60,1,4,3,NULL,2,2,NULL,'8ad9907e4a5c69c4014b4d56558d0002','2015-08-03 11:13:27','传错了',NULL,10,'8ad9907e47333cb70147392c2bf80021','2015-07-31 10:51:58',NULL,NULL),(1454,60,1,4,1,NULL,2,1,NULL,'2c9f02d43bb70e7e013bb76442760004','2016-09-01 12:57:26','',NULL,10,'8ad9907e47333cb70147392c2bf80021','2015-07-31 10:51:58',NULL,NULL),(1455,60,1,4,4,NULL,2,2,NULL,'2c9f02ba3ca2d52f013ca32e3e930014','2015-08-03 10:52:15','传错了',NULL,10,'8ad9907e47333cb70147392c2bf80021','2015-07-31 10:51:58',NULL,NULL),(1456,60,1,5,5,6,-1,NULL,NULL,NULL,NULL,NULL,NULL,10,'8ad9907e47333cb70147392c2bf80021','2015-07-31 10:51:58',NULL,NULL),(1457,60,1,6,8,5,-1,NULL,NULL,NULL,NULL,NULL,NULL,10,'8ad9907e47333cb70147392c2bf80021','2015-07-31 10:51:58',NULL,NULL),(1458,60,1,1,5,1,2,1,NULL,'8ad9907e47333cb70147392c2bf80021','2015-07-31 10:54:34',NULL,NULL,11,'8ad9907e47333cb70147392c2bf80021','2015-07-31 10:54:34',NULL,NULL),(1459,60,1,2,5,3,2,1,NULL,'8ad9907e4e94b430014ee2001e460001','2015-07-31 14:10:20','错了',NULL,11,'8ad9907e47333cb70147392c2bf80021','2015-07-31 10:54:34',NULL,NULL),(1460,60,1,3,6,8,2,2,NULL,'2c9f02c03c19415f013c19422e740002','2015-08-03 10:41:30','上传错误。',NULL,11,'8ad9907e47333cb70147392c2bf80021','2015-07-31 10:54:34',NULL,NULL),(1461,60,1,4,6,NULL,-1,NULL,NULL,NULL,NULL,NULL,NULL,11,'8ad9907e47333cb70147392c2bf80021','2015-07-31 10:54:34',NULL,NULL),(1462,60,1,4,5,NULL,-1,NULL,NULL,NULL,NULL,NULL,NULL,11,'8ad9907e47333cb70147392c2bf80021','2015-07-31 10:54:34',NULL,NULL),(1463,60,1,4,4,NULL,-1,NULL,NULL,NULL,NULL,NULL,NULL,11,'8ad9907e47333cb70147392c2bf80021','2015-07-31 10:54:34',NULL,NULL),(1464,60,1,5,5,6,-1,NULL,NULL,NULL,NULL,NULL,NULL,11,'8ad9907e47333cb70147392c2bf80021','2015-07-31 10:54:34',NULL,NULL),(1465,60,1,6,8,5,-1,NULL,NULL,NULL,NULL,NULL,NULL,11,'8ad9907e47333cb70147392c2bf80021','2015-07-31 10:54:34',NULL,NULL),(1466,60,1,1,5,1,2,1,NULL,'8ad9907e47333cb70147392c2bf80021','2015-07-31 11:03:46',NULL,NULL,12,'8ad9907e47333cb70147392c2bf80021','2015-07-31 11:03:46',NULL,NULL),(1467,60,1,2,5,3,2,1,NULL,'8ad9907e4e94b430014ee2001e460001','2015-07-31 14:10:24','错了',NULL,12,'8ad9907e47333cb70147392c2bf80021','2015-07-31 11:03:46',NULL,NULL),(1468,60,1,3,6,8,2,2,NULL,'2c9f02c03c19415f013c19422e740002','2015-08-03 10:41:45','上传错误。',NULL,12,'8ad9907e47333cb70147392c2bf80021','2015-07-31 11:03:46',NULL,NULL),(1469,60,1,4,6,NULL,-1,NULL,NULL,NULL,NULL,NULL,NULL,12,'8ad9907e47333cb70147392c2bf80021','2015-07-31 11:03:46',NULL,NULL),(1470,60,1,4,5,NULL,-1,NULL,NULL,NULL,NULL,NULL,NULL,12,'8ad9907e47333cb70147392c2bf80021','2015-07-31 11:03:46',NULL,NULL),(1471,60,1,4,3,NULL,-1,NULL,NULL,NULL,NULL,NULL,NULL,12,'8ad9907e47333cb70147392c2bf80021','2015-07-31 11:03:46',NULL,NULL),(1472,60,1,4,1,NULL,-1,NULL,NULL,NULL,NULL,NULL,NULL,12,'8ad9907e47333cb70147392c2bf80021','2015-07-31 11:03:46',NULL,NULL),(1473,60,1,4,4,NULL,-1,NULL,NULL,NULL,NULL,NULL,NULL,12,'8ad9907e47333cb70147392c2bf80021','2015-07-31 11:03:46',NULL,NULL),(1474,60,1,5,5,6,-1,NULL,NULL,NULL,NULL,NULL,NULL,12,'8ad9907e47333cb70147392c2bf80021','2015-07-31 11:03:46',NULL,NULL),(1475,60,1,6,8,5,-1,NULL,NULL,NULL,NULL,NULL,NULL,12,'8ad9907e47333cb70147392c2bf80021','2015-07-31 11:03:46',NULL,NULL),(1476,60,1,1,5,1,2,1,NULL,'8ad9907e47333cb70147392c2bf80021','2015-07-31 11:10:50',NULL,NULL,13,'8ad9907e47333cb70147392c2bf80021','2015-07-31 11:10:50',NULL,NULL),(1477,60,1,2,5,3,2,1,NULL,'8ad9907e4e94b430014ee2001e460001','2015-07-31 14:10:28','错了',NULL,13,'8ad9907e47333cb70147392c2bf80021','2015-07-31 11:10:50',NULL,NULL),(1478,60,1,3,6,8,2,2,NULL,'2c9f02c03c19415f013c19422e740002','2015-08-03 10:41:53','上传错误。',NULL,13,'8ad9907e47333cb70147392c2bf80021','2015-07-31 11:10:50',NULL,NULL),(1479,60,1,4,6,NULL,-1,NULL,NULL,NULL,NULL,NULL,NULL,13,'8ad9907e47333cb70147392c2bf80021','2015-07-31 11:10:50',NULL,NULL),(1480,60,1,4,5,NULL,-1,NULL,NULL,NULL,NULL,NULL,NULL,13,'8ad9907e47333cb70147392c2bf80021','2015-07-31 11:10:50',NULL,NULL),(1481,60,1,4,3,NULL,-1,NULL,NULL,NULL,NULL,NULL,NULL,13,'8ad9907e47333cb70147392c2bf80021','2015-07-31 11:10:50',NULL,NULL),(1482,60,1,4,1,NULL,-1,NULL,NULL,NULL,NULL,NULL,NULL,13,'8ad9907e47333cb70147392c2bf80021','2015-07-31 11:10:50',NULL,NULL),(1483,60,1,4,4,NULL,-1,NULL,NULL,NULL,NULL,NULL,NULL,13,'8ad9907e47333cb70147392c2bf80021','2015-07-31 11:10:50',NULL,NULL),(1484,60,1,5,5,6,-1,NULL,NULL,NULL,NULL,NULL,NULL,13,'8ad9907e47333cb70147392c2bf80021','2015-07-31 11:10:50',NULL,NULL),(1485,60,1,6,8,5,-1,NULL,NULL,NULL,NULL,NULL,NULL,13,'8ad9907e47333cb70147392c2bf80021','2015-07-31 11:10:50',NULL,NULL),(1486,60,1,1,5,1,2,1,NULL,'8ad9907e47333cb70147392c2bf80021','2015-07-31 11:10:53',NULL,NULL,13,'8ad9907e47333cb70147392c2bf80021','2015-07-31 11:10:53',NULL,NULL),(1487,60,1,2,5,3,2,1,NULL,'8ad9907e4e94b430014ee2001e460001','2015-07-31 14:10:32','错了',NULL,13,'8ad9907e47333cb70147392c2bf80021','2015-07-31 11:10:53',NULL,NULL),(1488,60,1,3,6,8,2,2,NULL,'2c9f02c03c19415f013c19422e740002','2015-08-03 10:42:01','上传错误。',NULL,13,'8ad9907e47333cb70147392c2bf80021','2015-07-31 11:10:53',NULL,NULL),(1489,60,1,4,6,NULL,-1,NULL,NULL,NULL,NULL,NULL,NULL,13,'8ad9907e47333cb70147392c2bf80021','2015-07-31 11:10:53',NULL,NULL),(1490,60,1,4,5,NULL,-1,NULL,NULL,NULL,NULL,NULL,NULL,13,'8ad9907e47333cb70147392c2bf80021','2015-07-31 11:10:53',NULL,NULL),(1491,60,1,4,3,NULL,-1,NULL,NULL,NULL,NULL,NULL,NULL,13,'8ad9907e47333cb70147392c2bf80021','2015-07-31 11:10:53',NULL,NULL),(1492,60,1,4,1,NULL,-1,NULL,NULL,NULL,NULL,NULL,NULL,13,'8ad9907e47333cb70147392c2bf80021','2015-07-31 11:10:53',NULL,NULL),(1493,60,1,4,4,NULL,-1,NULL,NULL,NULL,NULL,NULL,NULL,13,'8ad9907e47333cb70147392c2bf80021','2015-07-31 11:10:53',NULL,NULL),(1494,60,1,5,5,6,-1,NULL,NULL,NULL,NULL,NULL,NULL,13,'8ad9907e47333cb70147392c2bf80021','2015-07-31 11:10:53',NULL,NULL),(1495,60,1,6,8,5,-1,NULL,NULL,NULL,NULL,NULL,NULL,13,'8ad9907e47333cb70147392c2bf80021','2015-07-31 11:10:53',NULL,NULL),(1496,60,1,1,5,1,2,1,NULL,'8ad9907e47333cb70147392c2bf80021','2015-07-31 11:11:00',NULL,NULL,13,'8ad9907e47333cb70147392c2bf80021','2015-07-31 11:11:00',NULL,NULL),(1497,60,1,2,5,3,2,1,NULL,'8ad9907e4e94b430014ee2001e460001','2015-07-31 14:10:38','错了',NULL,13,'8ad9907e47333cb70147392c2bf80021','2015-07-31 11:11:00',NULL,NULL),(1498,60,1,3,6,8,2,2,NULL,'2c9f02c03c19415f013c19422e740002','2015-08-03 10:42:08','上传错误。',NULL,13,'8ad9907e47333cb70147392c2bf80021','2015-07-31 11:11:00',NULL,NULL),(1499,60,1,4,6,NULL,-1,NULL,NULL,NULL,NULL,NULL,NULL,13,'8ad9907e47333cb70147392c2bf80021','2015-07-31 11:11:00',NULL,NULL),(1500,60,1,4,5,NULL,-1,NULL,NULL,NULL,NULL,NULL,NULL,13,'8ad9907e47333cb70147392c2bf80021','2015-07-31 11:11:00',NULL,NULL),(1501,60,1,4,3,NULL,-1,NULL,NULL,NULL,NULL,NULL,NULL,13,'8ad9907e47333cb70147392c2bf80021','2015-07-31 11:11:00',NULL,NULL),(1502,60,1,4,1,NULL,-1,NULL,NULL,NULL,NULL,NULL,NULL,13,'8ad9907e47333cb70147392c2bf80021','2015-07-31 11:11:00',NULL,NULL),(1503,60,1,4,4,NULL,-1,NULL,NULL,NULL,NULL,NULL,NULL,13,'8ad9907e47333cb70147392c2bf80021','2015-07-31 11:11:00',NULL,NULL),(1504,60,1,5,5,6,-1,NULL,NULL,NULL,NULL,NULL,NULL,13,'8ad9907e47333cb70147392c2bf80021','2015-07-31 11:11:00',NULL,NULL),(1505,60,1,6,8,5,-1,NULL,NULL,NULL,NULL,NULL,NULL,13,'8ad9907e47333cb70147392c2bf80021','2015-07-31 11:11:00',NULL,NULL),(1506,NULL,2,1,3,1,2,1,NULL,'2c9f02ba3ca2d52f013ca32777ed0009','2015-07-31 13:55:55',NULL,NULL,NULL,'2c9f02ba3ca2d52f013ca32777ed0009','2015-07-31 13:55:55',31,NULL),(1507,NULL,2,2,3,3,2,1,NULL,'2c9f02ba3ca2d52f013ca3234ae60004','2015-08-03 13:46:29','',NULL,NULL,'2c9f02ba3ca2d52f013ca32777ed0009','2015-07-31 13:55:55',31,NULL),(1508,NULL,2,3,3,NULL,2,1,NULL,'8ad9907e4a5c69c4014b4d56558d0002','2015-08-03 13:54:30','',NULL,NULL,'2c9f02ba3ca2d52f013ca32777ed0009','2015-07-31 13:55:55',31,NULL),(1509,NULL,2,4,3,6,2,1,NULL,'8ad9907e4a5c69c4014b727d4bc20003','2015-08-03 13:57:37','',NULL,NULL,'2c9f02ba3ca2d52f013ca32777ed0009','2015-07-31 13:55:55',31,NULL),(1510,60,1,1,5,1,2,1,NULL,'8ad9907e47333cb70147392c2bf80021','2015-07-31 14:59:39',NULL,NULL,15,'8ad9907e47333cb70147392c2bf80021','2015-07-31 14:59:39',NULL,NULL),(1511,60,1,2,5,3,2,1,NULL,'8ad9907e4e94b430014ee2001e460001','2015-07-31 16:25:57','',NULL,15,'8ad9907e47333cb70147392c2bf80021','2015-07-31 14:59:39',NULL,NULL),(1512,60,1,3,6,8,2,1,NULL,'2c9f02c03c19415f013c19422e740002','2015-08-03 10:43:21','注意开工条件及开工日期的协商。',NULL,15,'8ad9907e47333cb70147392c2bf80021','2015-07-31 14:59:39',NULL,NULL),(1513,60,1,4,6,NULL,2,1,NULL,'8ad9907e47333cb70147390326a90019','2015-08-03 10:46:25','',NULL,15,'8ad9907e47333cb70147392c2bf80021','2015-07-31 14:59:39',NULL,NULL),(1514,60,1,4,5,NULL,2,1,NULL,'8ad9907e47333cb7014739188ded001b','2015-08-04 13:31:39','',NULL,15,'8ad9907e47333cb70147392c2bf80021','2015-07-31 14:59:39',NULL,NULL),(1515,60,1,4,3,NULL,2,1,NULL,'8ad9907e4a5c69c4014b4d56558d0002','2015-08-24 10:50:03','此合同资金风险较大，付款也有风险，施工周期没法控制，利润空间小，请各部门把控。',NULL,15,'8ad9907e47333cb70147392c2bf80021','2015-07-31 14:59:39',NULL,NULL),(1516,60,1,4,1,NULL,2,1,NULL,'8ad9907e47333cb7014738c04f5f0001','2015-08-25 09:15:33','',NULL,15,'8ad9907e47333cb70147392c2bf80021','2015-07-31 14:59:39',NULL,NULL),(1517,60,1,4,4,NULL,2,1,NULL,'2c9f02ba3ca2d52f013ca32e3e930014','2015-08-25 09:25:04','',NULL,15,'8ad9907e47333cb70147392c2bf80021','2015-07-31 14:59:39',NULL,NULL),(1518,60,1,5,5,6,2,1,NULL,'2c9f02ba3ca2d52f013ca32855dc000a','2015-09-01 10:29:11','',NULL,15,'8ad9907e47333cb70147392c2bf80021','2015-07-31 14:59:39',NULL,NULL),(1519,60,1,6,8,5,2,1,NULL,'2c9f02d43bb780fe013bb78620170002','2015-09-08 09:18:49','',NULL,15,'8ad9907e47333cb70147392c2bf80021','2015-07-31 14:59:39',NULL,NULL),(1520,NULL,3,1,3,1,2,1,NULL,'2c9f02ba3ca2d52f013ca32777ed0009','2015-08-03 14:13:18',NULL,NULL,NULL,'2c9f02ba3ca2d52f013ca32777ed0009','2015-08-03 14:13:18',31,NULL),(1521,NULL,3,2,3,3,2,1,NULL,'2c9f02ba3ca2d52f013ca3234ae60004','2015-08-03 14:15:54','',NULL,NULL,'2c9f02ba3ca2d52f013ca32777ed0009','2015-08-03 14:13:18',31,NULL),(1522,NULL,3,3,6,8,2,1,NULL,'2c9f02c03c19415f013c19422e740002','2015-08-03 15:13:51','招标文件中“商务索赔”及“付款方式”条款较严苛，且没有约定争端解决方式及违约条款，这些都应在订立正式合同时争取做有利于我方的约定。',NULL,NULL,'2c9f02ba3ca2d52f013ca32777ed0009','2015-08-03 14:13:18',31,NULL),(1523,NULL,3,4,6,NULL,2,1,NULL,'8ad9907e47333cb70147390326a90019','2015-08-03 15:40:24','',NULL,NULL,'2c9f02ba3ca2d52f013ca32777ed0009','2015-08-03 14:13:18',31,NULL),(1524,NULL,3,4,2,NULL,2,1,NULL,'2c9f02ba3ca2d52f013ca32c298e0010','2015-08-04 15:05:15','',NULL,NULL,'2c9f02ba3ca2d52f013ca32777ed0009','2015-08-03 14:13:18',31,NULL),(1525,NULL,3,4,3,NULL,2,1,NULL,'8ad9907e4a5c69c4014b4d56558d0002','2015-08-03 15:20:43','',NULL,NULL,'2c9f02ba3ca2d52f013ca32777ed0009','2015-08-03 14:13:18',31,NULL),(1526,NULL,3,4,1,NULL,2,1,NULL,'8ad9907e47333cb7014738c04f5f0001','2015-08-03 15:21:01','',NULL,NULL,'2c9f02ba3ca2d52f013ca32777ed0009','2015-08-03 14:13:18',31,NULL),(1527,NULL,3,4,4,NULL,2,1,NULL,'2c9f02ba3ca2d52f013ca32e3e930014','2015-08-04 15:14:32','',NULL,NULL,'2c9f02ba3ca2d52f013ca32777ed0009','2015-08-03 14:13:18',31,NULL),(1528,NULL,3,5,3,6,2,1,NULL,'8ad9907e4a5c69c4014b727d4bc20003','2015-08-05 09:10:47','',NULL,NULL,'2c9f02ba3ca2d52f013ca32777ed0009','2015-08-03 14:13:18',31,NULL),(1529,NULL,3,6,8,5,1,NULL,NULL,NULL,NULL,NULL,NULL,NULL,'2c9f02ba3ca2d52f013ca32777ed0009','2015-08-03 14:13:18',31,NULL),(1530,60,1,1,5,1,2,1,NULL,'8ad9907e47333cb70147392c2bf80021','2015-08-04 09:33:51',NULL,NULL,16,'8ad9907e47333cb70147392c2bf80021','2015-08-04 09:33:51',NULL,NULL),(1531,60,1,2,5,3,2,1,NULL,'8ad9907e4e94b430014ee2001e460001','2015-08-04 09:35:15','',NULL,16,'8ad9907e47333cb70147392c2bf80021','2015-08-04 09:33:51',NULL,NULL),(1532,60,1,3,6,8,2,1,NULL,'2c9f02c03c19415f013c19422e740002','2015-08-06 09:36:45','',NULL,16,'8ad9907e47333cb70147392c2bf80021','2015-08-04 09:33:51',NULL,NULL),(1533,60,1,4,6,NULL,2,1,NULL,'8ad9907e47333cb70147390326a90019','2015-08-06 09:37:15','',NULL,16,'8ad9907e47333cb70147392c2bf80021','2015-08-04 09:33:51',NULL,NULL),(1534,60,1,4,5,NULL,2,1,NULL,'8ad9907e47333cb7014739188ded001b','2015-08-06 14:21:34','',NULL,16,'8ad9907e47333cb70147392c2bf80021','2015-08-04 09:33:51',NULL,NULL),(1535,60,1,4,4,NULL,2,1,NULL,'2c9f02ba3ca2d52f013ca32e3e930014','2015-08-06 14:29:47','',NULL,16,'8ad9907e47333cb70147392c2bf80021','2015-08-04 09:33:51',NULL,NULL),(1536,60,1,5,5,6,2,1,NULL,'2c9f02ba3ca2d52f013ca32855dc000a','2015-08-06 14:58:13','',NULL,16,'8ad9907e47333cb70147392c2bf80021','2015-08-04 09:33:51',NULL,NULL),(1537,60,1,6,8,5,2,1,NULL,'2c9f02d43bb780fe013bb78620170002','2015-09-08 09:19:05','',NULL,16,'8ad9907e47333cb70147392c2bf80021','2015-08-04 09:33:51',NULL,NULL),(1538,61,1,1,5,1,2,1,NULL,'8ad9907e47333cb70147392c2bf80021','2015-08-24 13:29:13',NULL,NULL,17,'8ad9907e47333cb70147392c2bf80021','2015-08-24 13:29:13',NULL,NULL),(1539,61,1,2,5,3,2,1,NULL,'2c9f02ba3ca2d52f013ca32b6bfa000f','2015-08-25 09:15:51','',NULL,17,'8ad9907e47333cb70147392c2bf80021','2015-08-24 13:29:13',NULL,NULL),(1540,61,1,3,6,8,2,1,NULL,'2c9f02c03c19415f013c19422e740002','2015-08-26 13:52:40','',NULL,17,'8ad9907e47333cb70147392c2bf80021','2015-08-24 13:29:13',NULL,NULL),(1541,61,1,4,6,NULL,2,1,NULL,'8ad9907e47333cb70147390326a90019','2015-08-26 13:53:05','',NULL,17,'8ad9907e47333cb70147392c2bf80021','2015-08-24 13:29:13',NULL,NULL),(1542,61,1,4,5,NULL,2,1,NULL,'8ad9907e47333cb7014739188ded001b','2015-08-31 10:46:06','',NULL,17,'8ad9907e47333cb70147392c2bf80021','2015-08-24 13:29:13',NULL,NULL),(1543,61,1,4,3,NULL,2,1,NULL,'8ad9907e4a5c69c4014b4d56558d0002','2015-08-31 10:51:42','',NULL,17,'8ad9907e47333cb70147392c2bf80021','2015-08-24 13:29:13',NULL,NULL),(1544,61,1,4,1,NULL,2,1,NULL,'8ad9907e47333cb7014738c04f5f0001','2015-09-08 09:23:22','',NULL,17,'8ad9907e47333cb70147392c2bf80021','2015-08-24 13:29:13',NULL,NULL),(1545,61,1,4,4,NULL,2,1,NULL,'2c9f02ba3ca2d52f013ca32e3e930014','2015-09-08 11:53:29','',NULL,17,'8ad9907e47333cb70147392c2bf80021','2015-08-24 13:29:13',NULL,NULL),(1546,61,1,5,5,6,2,1,NULL,'2c9f02ba3ca2d52f013ca32855dc000a','2015-09-09 10:09:47','',NULL,17,'8ad9907e47333cb70147392c2bf80021','2015-08-24 13:29:13',NULL,NULL),(1547,61,1,6,8,5,2,1,NULL,'2c9f02d43bb780fe013bb78620170002','2015-09-09 10:33:34','',NULL,17,'8ad9907e47333cb70147392c2bf80021','2015-08-24 13:29:13',NULL,NULL),(1548,61,1,1,5,1,2,1,NULL,'8ad9907e47333cb70147392c2bf80021','2015-08-24 13:42:44',NULL,NULL,18,'8ad9907e47333cb70147392c2bf80021','2015-08-24 13:42:44',NULL,NULL),(1549,61,1,2,5,3,2,1,NULL,'2c9f02ba3ca2d52f013ca32b6bfa000f','2015-08-25 09:16:06','',NULL,18,'8ad9907e47333cb70147392c2bf80021','2015-08-24 13:42:44',NULL,NULL),(1550,61,1,3,6,8,2,1,NULL,'2c9f02c03c19415f013c19422e740002','2015-08-26 13:52:35','',NULL,18,'8ad9907e47333cb70147392c2bf80021','2015-08-24 13:42:44',NULL,NULL),(1551,61,1,4,6,NULL,2,1,NULL,'8ad9907e47333cb70147390326a90019','2015-08-28 10:13:15','',NULL,18,'8ad9907e47333cb70147392c2bf80021','2015-08-24 13:42:44',NULL,NULL),(1552,61,1,4,5,NULL,2,1,NULL,'8ad9907e47333cb7014739188ded001b','2015-08-31 10:46:14','',NULL,18,'8ad9907e47333cb70147392c2bf80021','2015-08-24 13:42:44',NULL,NULL),(1553,61,1,4,4,NULL,2,1,NULL,'2c9f02ba3ca2d52f013ca32e3e930014','2015-08-31 14:58:50','',NULL,18,'8ad9907e47333cb70147392c2bf80021','2015-08-24 13:42:44',NULL,NULL),(1554,61,1,5,5,6,2,1,NULL,'2c9f02ba3ca2d52f013ca32855dc000a','2015-09-01 10:29:28','',NULL,18,'8ad9907e47333cb70147392c2bf80021','2015-08-24 13:42:44',NULL,NULL),(1555,61,1,6,8,5,2,1,NULL,'2c9f02d43bb780fe013bb78620170002','2015-09-08 09:19:16','',NULL,18,'8ad9907e47333cb70147392c2bf80021','2015-08-24 13:42:44',NULL,NULL),(1556,61,1,1,5,1,2,1,NULL,'8ad9907e47333cb70147392c2bf80021','2015-08-26 10:36:50',NULL,NULL,19,'8ad9907e47333cb70147392c2bf80021','2015-08-26 10:36:50',NULL,NULL),(1557,61,1,2,5,3,2,1,NULL,'2c9f02ba3ca2d52f013ca32b6bfa000f','2015-08-26 10:37:34','',NULL,19,'8ad9907e47333cb70147392c2bf80021','2015-08-26 10:36:50',NULL,NULL),(1558,61,1,3,6,8,2,1,NULL,'2c9f02c03c19415f013c19422e740002','2015-08-26 13:52:30','',NULL,19,'8ad9907e47333cb70147392c2bf80021','2015-08-26 10:36:50',NULL,NULL),(1559,61,1,4,6,NULL,2,1,NULL,'8ad9907e47333cb70147390326a90019','2015-08-28 10:13:19','',NULL,19,'8ad9907e47333cb70147392c2bf80021','2015-08-26 10:36:50',NULL,NULL),(1560,61,1,4,5,NULL,2,1,NULL,'8ad9907e47333cb7014739188ded001b','2015-08-31 10:46:18','',NULL,19,'8ad9907e47333cb70147392c2bf80021','2015-08-26 10:36:50',NULL,NULL),(1561,61,1,4,4,NULL,2,1,NULL,'2c9f02ba3ca2d52f013ca32e3e930014','2015-08-31 14:58:32','',NULL,19,'8ad9907e47333cb70147392c2bf80021','2015-08-26 10:36:50',NULL,NULL),(1562,61,1,5,5,6,2,1,NULL,'2c9f02ba3ca2d52f013ca32855dc000a','2015-09-01 10:29:36','',NULL,19,'8ad9907e47333cb70147392c2bf80021','2015-08-26 10:36:50',NULL,NULL),(1563,61,1,6,8,5,2,1,NULL,'2c9f02d43bb780fe013bb78620170002','2015-09-08 09:19:22','',NULL,19,'8ad9907e47333cb70147392c2bf80021','2015-08-26 10:36:50',NULL,NULL),(1564,NULL,2,1,3,1,2,1,NULL,'2c9f02ba3ca2d52f013ca32777ed0009','2015-08-27 11:38:46',NULL,NULL,NULL,'2c9f02ba3ca2d52f013ca32777ed0009','2015-08-27 11:38:46',32,NULL),(1565,NULL,2,2,3,3,2,1,NULL,'2c9f02ba3ca2d52f013ca3234ae60004','2015-08-27 11:43:36','',NULL,NULL,'2c9f02ba3ca2d52f013ca32777ed0009','2015-08-27 11:38:46',32,NULL),(1566,NULL,2,3,3,NULL,2,1,NULL,'8ad9907e4a5c69c4014b4d56558d0002','2015-08-28 09:19:50','',NULL,NULL,'2c9f02ba3ca2d52f013ca32777ed0009','2015-08-27 11:38:46',32,NULL),(1567,NULL,2,4,3,6,2,1,NULL,'8ad9907e4a5c69c4014b727d4bc20003','2015-08-31 14:47:13','',NULL,NULL,'2c9f02ba3ca2d52f013ca32777ed0009','2015-08-27 11:38:46',32,NULL),(1568,58,1,1,3,1,2,1,NULL,'2c9f02ba3ca2d52f013ca32777ed0009','2015-09-01 13:57:10',NULL,NULL,5,'2c9f02ba3ca2d52f013ca32777ed0009','2015-09-01 13:57:10',NULL,NULL),(1569,58,1,2,3,3,2,1,NULL,'2c9f02ba3ca2d52f013ca3234ae60004','2015-09-01 13:57:49','',NULL,5,'2c9f02ba3ca2d52f013ca32777ed0009','2015-09-01 13:57:10',NULL,NULL),(1570,58,1,3,6,8,2,1,NULL,'2c9f02c03c19415f013c19422e740002','2015-09-01 13:58:02','',NULL,5,'2c9f02ba3ca2d52f013ca32777ed0009','2015-09-01 13:57:10',NULL,NULL),(1571,58,1,4,6,NULL,2,1,NULL,'8ad9907e47333cb70147390326a90019','2015-09-01 13:59:11','',NULL,5,'2c9f02ba3ca2d52f013ca32777ed0009','2015-09-01 13:57:10',NULL,NULL),(1572,58,1,4,2,NULL,2,1,NULL,'2c9f02ba3ca2d52f013ca32c298e0010','2015-09-01 13:58:50','',NULL,5,'2c9f02ba3ca2d52f013ca32777ed0009','2015-09-01 13:57:10',NULL,NULL),(1573,58,1,4,3,NULL,2,1,NULL,'8ad9907e4a5c69c4014b4d56558d0002','2015-09-01 13:58:22','',NULL,5,'2c9f02ba3ca2d52f013ca32777ed0009','2015-09-01 13:57:10',NULL,NULL),(1574,58,1,4,1,NULL,2,1,NULL,'8ad9907e47333cb7014738c04f5f0001','2015-09-06 09:18:32','',NULL,5,'2c9f02ba3ca2d52f013ca32777ed0009','2015-09-01 13:57:10',NULL,NULL),(1575,58,1,4,4,NULL,2,1,NULL,'2c9f02ba3ca2d52f013ca32e3e930014','2015-09-01 13:59:59','',NULL,5,'2c9f02ba3ca2d52f013ca32777ed0009','2015-09-01 13:57:10',NULL,NULL),(1576,58,1,5,3,6,0,NULL,NULL,NULL,NULL,NULL,NULL,5,'2c9f02ba3ca2d52f013ca32777ed0009','2015-09-01 13:57:10',NULL,NULL),(1577,58,1,6,8,5,0,NULL,NULL,NULL,NULL,NULL,NULL,5,'2c9f02ba3ca2d52f013ca32777ed0009','2015-09-01 13:57:10',NULL,NULL),(1578,NULL,3,1,3,1,2,1,NULL,'2c9f02ba3ca2d52f013ca32777ed0009','2015-09-08 08:55:25',NULL,NULL,NULL,'2c9f02ba3ca2d52f013ca32777ed0009','2015-09-08 08:55:25',32,NULL),(1579,NULL,3,2,3,3,2,1,NULL,'2c9f02ba3ca2d52f013ca3234ae60004','2015-09-11 11:00:30','',NULL,NULL,'2c9f02ba3ca2d52f013ca32777ed0009','2015-09-08 08:55:25',32,NULL),(1580,NULL,3,3,6,8,2,2,NULL,'2c9f02c03c19415f013c19422e740002','2015-09-14 12:18:48','投标文件与评审内容不一致。',NULL,NULL,'2c9f02ba3ca2d52f013ca32777ed0009','2015-09-08 08:55:25',32,NULL),(1581,NULL,3,4,6,NULL,-1,NULL,NULL,NULL,NULL,NULL,NULL,NULL,'2c9f02ba3ca2d52f013ca32777ed0009','2015-09-08 08:55:25',32,NULL),(1582,NULL,3,4,2,NULL,-1,NULL,NULL,NULL,NULL,NULL,NULL,NULL,'2c9f02ba3ca2d52f013ca32777ed0009','2015-09-08 08:55:25',32,NULL),(1583,NULL,3,4,3,NULL,-1,NULL,NULL,NULL,NULL,NULL,NULL,NULL,'2c9f02ba3ca2d52f013ca32777ed0009','2015-09-08 08:55:25',32,NULL),(1584,NULL,3,4,1,NULL,-1,NULL,NULL,NULL,NULL,NULL,NULL,NULL,'2c9f02ba3ca2d52f013ca32777ed0009','2015-09-08 08:55:25',32,NULL),(1585,NULL,3,4,4,NULL,-1,NULL,NULL,NULL,NULL,NULL,NULL,NULL,'2c9f02ba3ca2d52f013ca32777ed0009','2015-09-08 08:55:25',32,NULL),(1586,NULL,3,5,3,6,-1,NULL,NULL,NULL,NULL,NULL,NULL,NULL,'2c9f02ba3ca2d52f013ca32777ed0009','2015-09-08 08:55:25',32,NULL),(1587,NULL,3,6,8,5,-1,NULL,NULL,NULL,NULL,NULL,NULL,NULL,'2c9f02ba3ca2d52f013ca32777ed0009','2015-09-08 08:55:25',32,NULL),(1588,NULL,2,1,3,1,2,1,NULL,'2c9f02ba3ca2d52f013ca32777ed0009','2015-09-08 08:58:23',NULL,NULL,NULL,'2c9f02ba3ca2d52f013ca32777ed0009','2015-09-08 08:58:23',33,NULL),(1589,NULL,2,2,3,3,2,1,NULL,'2c9f02ba3ca2d52f013ca3234ae60004','2015-09-11 11:00:32','',NULL,NULL,'2c9f02ba3ca2d52f013ca32777ed0009','2015-09-08 08:58:23',33,NULL),(1590,NULL,2,3,3,NULL,2,1,NULL,'8ad9907e4a5c69c4014b4d56558d0002','2015-09-11 11:00:55','',NULL,NULL,'2c9f02ba3ca2d52f013ca32777ed0009','2015-09-08 08:58:23',33,NULL),(1591,NULL,2,4,3,6,2,1,NULL,'8ad9907e4a5c69c4014b727d4bc20003','2016-08-04 08:32:45','',NULL,NULL,'2c9f02ba3ca2d52f013ca32777ed0009','2015-09-08 08:58:23',33,NULL),(1592,NULL,2,1,3,1,2,1,NULL,'2c9f02ba3ca2d52f013ca32777ed0009','2015-09-08 08:59:35',NULL,NULL,NULL,'2c9f02ba3ca2d52f013ca32777ed0009','2015-09-08 08:59:35',34,NULL),(1593,NULL,2,2,3,3,2,1,NULL,'2c9f02ba3ca2d52f013ca3234ae60004','2015-09-11 11:00:34','',NULL,NULL,'2c9f02ba3ca2d52f013ca32777ed0009','2015-09-08 08:59:35',34,NULL),(1594,NULL,2,3,3,NULL,2,1,NULL,'8ad9907e4a5c69c4014b4d56558d0002','2015-09-11 11:00:58','',NULL,NULL,'2c9f02ba3ca2d52f013ca32777ed0009','2015-09-08 08:59:35',34,NULL),(1595,NULL,2,4,3,6,2,1,NULL,'8ad9907e4a5c69c4014b727d4bc20003','2016-08-04 08:32:36','',NULL,NULL,'2c9f02ba3ca2d52f013ca32777ed0009','2015-09-08 08:59:35',34,NULL),(1596,61,1,1,5,1,2,1,NULL,'8ad9907e47333cb70147392c2bf80021','2015-09-11 14:04:14',NULL,NULL,20,'8ad9907e47333cb70147392c2bf80021','2015-09-11 14:04:14',NULL,NULL),(1597,61,1,2,5,3,2,1,NULL,'2c9f02ba3ca2d52f013ca32b6bfa000f','2015-09-11 14:06:30','',NULL,20,'8ad9907e47333cb70147392c2bf80021','2015-09-11 14:04:14',NULL,NULL),(1598,61,1,3,6,8,2,1,NULL,'2c9f02c03c19415f013c19422e740002','2015-09-14 09:31:24','',NULL,20,'8ad9907e47333cb70147392c2bf80021','2015-09-11 14:04:14',NULL,NULL),(1599,61,1,4,6,NULL,2,1,NULL,'8ad9907e47333cb70147390326a90019','2015-09-14 09:32:02','',NULL,20,'8ad9907e47333cb70147392c2bf80021','2015-09-11 14:04:14',NULL,NULL),(1600,61,1,4,5,NULL,2,1,NULL,'8ad9907e47333cb7014739188ded001b','2015-09-15 09:41:21','',NULL,20,'8ad9907e47333cb70147392c2bf80021','2015-09-11 14:04:14',NULL,NULL),(1601,61,1,4,4,NULL,2,1,NULL,'2c9f02ba3ca2d52f013ca32e3e930014','2015-09-15 15:31:26','',NULL,20,'8ad9907e47333cb70147392c2bf80021','2015-09-11 14:04:14',NULL,NULL),(1602,61,1,5,5,6,2,1,NULL,'2c9f02ba3ca2d52f013ca32855dc000a','2015-09-16 09:00:53','',NULL,20,'8ad9907e47333cb70147392c2bf80021','2015-09-11 14:04:14',NULL,NULL),(1603,61,1,6,8,5,2,1,NULL,'2c9f02d43bb780fe013bb78620170002','2015-09-22 09:42:35','',NULL,20,'8ad9907e47333cb70147392c2bf80021','2015-09-11 14:04:14',NULL,NULL),(1604,NULL,2,1,3,1,2,1,NULL,'2c9f02ba3ca2d52f013ca32777ed0009','2015-09-14 12:59:07',NULL,NULL,NULL,'2c9f02ba3ca2d52f013ca32777ed0009','2015-09-14 12:59:07',32,NULL),(1605,NULL,2,2,3,3,2,2,NULL,'2c9f02ba3ca2d52f013ca3234ae60004','2015-09-14 12:59:47','  ',NULL,NULL,'2c9f02ba3ca2d52f013ca32777ed0009','2015-09-14 12:59:07',32,NULL),(1606,NULL,2,3,3,NULL,-1,NULL,NULL,NULL,NULL,NULL,NULL,NULL,'2c9f02ba3ca2d52f013ca32777ed0009','2015-09-14 12:59:07',32,NULL),(1607,NULL,2,4,3,6,-1,NULL,NULL,NULL,NULL,NULL,NULL,NULL,'2c9f02ba3ca2d52f013ca32777ed0009','2015-09-14 12:59:07',32,NULL),(1608,NULL,2,1,3,1,2,1,NULL,'2c9f02ba3ca2d52f013ca32777ed0009','2015-09-14 13:04:47',NULL,NULL,NULL,'2c9f02ba3ca2d52f013ca32777ed0009','2015-09-14 13:04:47',32,NULL),(1609,NULL,2,2,3,3,2,2,NULL,'2c9f02ba3ca2d52f013ca3234ae60004','2015-09-14 13:07:15','驳回',NULL,NULL,'2c9f02ba3ca2d52f013ca32777ed0009','2015-09-14 13:04:47',32,NULL),(1610,NULL,2,3,3,NULL,-1,NULL,NULL,NULL,NULL,NULL,NULL,NULL,'2c9f02ba3ca2d52f013ca32777ed0009','2015-09-14 13:04:47',32,NULL),(1611,NULL,2,4,3,6,-1,NULL,NULL,NULL,NULL,NULL,NULL,NULL,'2c9f02ba3ca2d52f013ca32777ed0009','2015-09-14 13:04:47',32,NULL),(1612,NULL,2,1,3,1,2,1,NULL,'2c9f02ba3ca2d52f013ca32777ed0009','2015-09-28 13:09:38',NULL,NULL,NULL,'2c9f02ba3ca2d52f013ca32777ed0009','2015-09-28 13:09:38',35,NULL),(1613,NULL,2,2,3,3,2,1,NULL,'2c9f02ba3ca2d52f013ca3234ae60004','2015-09-28 13:10:41','',NULL,NULL,'2c9f02ba3ca2d52f013ca32777ed0009','2015-09-28 13:09:38',35,NULL),(1614,NULL,2,3,3,NULL,2,1,NULL,'8ad9907e4a5c69c4014b4d56558d0002','2015-09-28 13:11:02','',NULL,NULL,'2c9f02ba3ca2d52f013ca32777ed0009','2015-09-28 13:09:38',35,NULL),(1615,NULL,2,4,3,6,2,1,NULL,'8ad9907e4a5c69c4014b727d4bc20003','2015-10-09 09:24:30','',NULL,NULL,'2c9f02ba3ca2d52f013ca32777ed0009','2015-09-28 13:09:38',35,NULL),(1616,NULL,2,1,3,1,2,1,NULL,'2c9f02ba3ca2d52f013ca32777ed0009','2015-09-30 09:55:21',NULL,NULL,NULL,'2c9f02ba3ca2d52f013ca32777ed0009','2015-09-30 09:55:21',36,NULL),(1617,NULL,2,2,3,3,2,1,NULL,'2c9f02ba3ca2d52f013ca3234ae60004','2015-09-30 09:56:36','',NULL,NULL,'2c9f02ba3ca2d52f013ca32777ed0009','2015-09-30 09:55:21',36,NULL),(1618,NULL,2,3,3,NULL,2,1,NULL,'8ad9907e4a5c69c4014b4d56558d0002','2015-09-30 09:56:59','',NULL,NULL,'2c9f02ba3ca2d52f013ca32777ed0009','2015-09-30 09:55:21',36,NULL),(1619,NULL,2,4,3,6,2,1,NULL,'8ad9907e4a5c69c4014b727d4bc20003','2015-10-09 09:25:01','',NULL,NULL,'2c9f02ba3ca2d52f013ca32777ed0009','2015-09-30 09:55:21',36,NULL),(1620,NULL,3,1,3,1,2,1,NULL,'2c9f02ba3ca2d52f013ca32777ed0009','2015-10-09 09:40:37',NULL,NULL,NULL,'2c9f02ba3ca2d52f013ca32777ed0009','2015-10-09 09:40:37',35,NULL),(1621,NULL,3,2,3,3,2,1,NULL,'2c9f02ba3ca2d52f013ca3234ae60004','2015-10-09 09:45:13','',NULL,NULL,'2c9f02ba3ca2d52f013ca32777ed0009','2015-10-09 09:40:37',35,NULL),(1622,NULL,3,3,6,8,2,2,NULL,'2c9f02c03c19415f013c19422e740002','2015-10-12 09:36:45','此项目经过会议评审，应附会议纪要等资料，请补充资料。',NULL,NULL,'2c9f02ba3ca2d52f013ca32777ed0009','2015-10-09 09:40:37',35,NULL),(1623,NULL,3,4,6,NULL,-1,NULL,NULL,NULL,NULL,NULL,NULL,NULL,'2c9f02ba3ca2d52f013ca32777ed0009','2015-10-09 09:40:37',35,NULL),(1624,NULL,3,4,2,NULL,-1,NULL,NULL,NULL,NULL,NULL,NULL,NULL,'2c9f02ba3ca2d52f013ca32777ed0009','2015-10-09 09:40:37',35,NULL),(1625,NULL,3,4,3,NULL,-1,NULL,NULL,NULL,NULL,NULL,NULL,NULL,'2c9f02ba3ca2d52f013ca32777ed0009','2015-10-09 09:40:37',35,NULL),(1626,NULL,3,4,1,NULL,-1,NULL,NULL,NULL,NULL,NULL,NULL,NULL,'2c9f02ba3ca2d52f013ca32777ed0009','2015-10-09 09:40:37',35,NULL),(1627,NULL,3,4,4,NULL,-1,NULL,NULL,NULL,NULL,NULL,NULL,NULL,'2c9f02ba3ca2d52f013ca32777ed0009','2015-10-09 09:40:37',35,NULL),(1628,NULL,3,5,3,6,-1,NULL,NULL,NULL,NULL,NULL,NULL,NULL,'2c9f02ba3ca2d52f013ca32777ed0009','2015-10-09 09:40:37',35,NULL),(1629,NULL,3,6,8,5,-1,NULL,NULL,NULL,NULL,NULL,NULL,NULL,'2c9f02ba3ca2d52f013ca32777ed0009','2015-10-09 09:40:37',35,NULL),(1630,NULL,3,1,3,1,2,1,NULL,'2c9f02ba3ca2d52f013ca32777ed0009','2015-10-09 09:41:25',NULL,NULL,NULL,'2c9f02ba3ca2d52f013ca32777ed0009','2015-10-09 09:41:25',36,NULL),(1631,NULL,3,2,3,3,2,1,NULL,'2c9f02ba3ca2d52f013ca3234ae60004','2015-10-09 09:45:18','',NULL,NULL,'2c9f02ba3ca2d52f013ca32777ed0009','2015-10-09 09:41:25',36,NULL),(1632,NULL,3,3,6,8,2,2,NULL,'2c9f02c03c19415f013c19422e740002','2015-10-12 09:34:02','若该项目为借用资质，则应附情况说明，借用单位情况介绍，标前评审会议情况，以及双方协议等。',NULL,NULL,'2c9f02ba3ca2d52f013ca32777ed0009','2015-10-09 09:41:25',36,NULL),(1633,NULL,3,4,6,NULL,-1,NULL,NULL,NULL,NULL,NULL,NULL,NULL,'2c9f02ba3ca2d52f013ca32777ed0009','2015-10-09 09:41:25',36,NULL),(1634,NULL,3,4,2,NULL,-1,NULL,NULL,NULL,NULL,NULL,NULL,NULL,'2c9f02ba3ca2d52f013ca32777ed0009','2015-10-09 09:41:25',36,NULL),(1635,NULL,3,4,3,NULL,-1,NULL,NULL,NULL,NULL,NULL,NULL,NULL,'2c9f02ba3ca2d52f013ca32777ed0009','2015-10-09 09:41:25',36,NULL),(1636,NULL,3,4,1,NULL,-1,NULL,NULL,NULL,NULL,NULL,NULL,NULL,'2c9f02ba3ca2d52f013ca32777ed0009','2015-10-09 09:41:25',36,NULL),(1637,NULL,3,4,4,NULL,-1,NULL,NULL,NULL,NULL,NULL,NULL,NULL,'2c9f02ba3ca2d52f013ca32777ed0009','2015-10-09 09:41:25',36,NULL),(1638,NULL,3,5,3,6,-1,NULL,NULL,NULL,NULL,NULL,NULL,NULL,'2c9f02ba3ca2d52f013ca32777ed0009','2015-10-09 09:41:25',36,NULL),(1639,NULL,3,6,8,5,-1,NULL,NULL,NULL,NULL,NULL,NULL,NULL,'2c9f02ba3ca2d52f013ca32777ed0009','2015-10-09 09:41:25',36,NULL),(1640,NULL,2,1,3,1,2,1,NULL,'2c9f02ba3ca2d52f013ca32777ed0009','2015-11-06 15:57:11',NULL,NULL,NULL,'2c9f02ba3ca2d52f013ca32777ed0009','2015-11-06 15:57:11',37,NULL),(1641,NULL,2,2,3,3,2,2,NULL,'2c9f02ba3ca2d52f013ca323c3cc0005','2015-11-09 13:22:40','请上传资料',NULL,NULL,'2c9f02ba3ca2d52f013ca32777ed0009','2015-11-06 15:57:11',37,NULL),(1642,NULL,2,3,3,NULL,-1,NULL,NULL,NULL,NULL,NULL,NULL,NULL,'2c9f02ba3ca2d52f013ca32777ed0009','2015-11-06 15:57:11',37,NULL),(1643,NULL,2,4,3,6,-1,NULL,NULL,NULL,NULL,NULL,NULL,NULL,'2c9f02ba3ca2d52f013ca32777ed0009','2015-11-06 15:57:11',37,NULL),(1644,NULL,2,1,3,1,2,1,NULL,'2c9f02ba3ca2d52f013ca32777ed0009','2015-11-09 13:33:34',NULL,NULL,NULL,'2c9f02ba3ca2d52f013ca32777ed0009','2015-11-09 13:33:34',37,NULL),(1645,NULL,2,2,3,3,2,1,NULL,'2c9f02ba3ca2d52f013ca323c3cc0005','2015-11-09 13:34:18','',NULL,NULL,'2c9f02ba3ca2d52f013ca32777ed0009','2015-11-09 13:33:34',37,NULL),(1646,NULL,2,3,3,NULL,2,1,NULL,'8ad9907e4a5c69c4014becb25cdd0004','2015-11-09 15:29:24','',NULL,NULL,'2c9f02ba3ca2d52f013ca32777ed0009','2015-11-09 13:33:34',37,NULL),(1647,NULL,2,4,3,6,2,1,NULL,'8ad9907e4a5c69c4014b727d4bc20003','2015-11-09 16:00:20','',NULL,NULL,'2c9f02ba3ca2d52f013ca32777ed0009','2015-11-09 13:33:34',37,NULL),(1648,NULL,3,1,3,1,2,1,NULL,'2c9f02ba3ca2d52f013ca32777ed0009','2015-11-10 10:52:31',NULL,NULL,NULL,'2c9f02ba3ca2d52f013ca32777ed0009','2015-11-10 10:52:31',37,NULL),(1649,NULL,3,2,3,3,2,1,NULL,'2c9f02ba3ca2d52f013ca323c3cc0005','2015-11-10 10:53:48','',NULL,NULL,'2c9f02ba3ca2d52f013ca32777ed0009','2015-11-10 10:52:31',37,NULL),(1650,NULL,3,3,6,8,2,2,NULL,'2c9f02c03c19415f013c19422e740002','2015-11-25 09:20:28','收取管理费合作项目，公司已通过会议同意投标，未中标。附件中招标文件无法查阅。',NULL,NULL,'2c9f02ba3ca2d52f013ca32777ed0009','2015-11-10 10:52:31',37,NULL),(1651,NULL,3,4,6,NULL,-1,NULL,NULL,NULL,NULL,NULL,NULL,NULL,'2c9f02ba3ca2d52f013ca32777ed0009','2015-11-10 10:52:31',37,NULL),(1652,NULL,3,4,2,NULL,-1,NULL,NULL,NULL,NULL,NULL,NULL,NULL,'2c9f02ba3ca2d52f013ca32777ed0009','2015-11-10 10:52:31',37,NULL),(1653,NULL,3,4,3,NULL,-1,NULL,NULL,NULL,NULL,NULL,NULL,NULL,'2c9f02ba3ca2d52f013ca32777ed0009','2015-11-10 10:52:31',37,NULL),(1654,NULL,3,4,1,NULL,-1,NULL,NULL,NULL,NULL,NULL,NULL,NULL,'2c9f02ba3ca2d52f013ca32777ed0009','2015-11-10 10:52:31',37,NULL),(1655,NULL,3,4,4,NULL,-1,NULL,NULL,NULL,NULL,NULL,NULL,NULL,'2c9f02ba3ca2d52f013ca32777ed0009','2015-11-10 10:52:31',37,NULL),(1656,NULL,3,5,3,6,-1,NULL,NULL,NULL,NULL,NULL,NULL,NULL,'2c9f02ba3ca2d52f013ca32777ed0009','2015-11-10 10:52:31',37,NULL),(1657,NULL,3,6,8,5,-1,NULL,NULL,NULL,NULL,NULL,NULL,NULL,'2c9f02ba3ca2d52f013ca32777ed0009','2015-11-10 10:52:31',37,NULL),(1658,NULL,2,1,3,1,2,1,NULL,'8ad9907e501a48a00150ef5279b50001','2015-11-10 15:22:44',NULL,NULL,NULL,'8ad9907e501a48a00150ef5279b50001','2015-11-10 15:22:44',38,NULL),(1659,NULL,2,2,3,3,1,NULL,NULL,NULL,NULL,NULL,NULL,NULL,'8ad9907e501a48a00150ef5279b50001','2015-11-10 15:22:44',38,NULL),(1660,NULL,2,3,3,NULL,0,NULL,NULL,NULL,NULL,NULL,NULL,NULL,'8ad9907e501a48a00150ef5279b50001','2015-11-10 15:22:44',38,NULL),(1661,NULL,2,4,3,6,0,NULL,NULL,NULL,NULL,NULL,NULL,NULL,'8ad9907e501a48a00150ef5279b50001','2015-11-10 15:22:44',38,NULL),(1662,NULL,2,5,8,5,0,NULL,NULL,NULL,NULL,NULL,NULL,NULL,'8ad9907e501a48a00150ef5279b50001','2015-11-10 15:22:44',38,NULL),(1663,NULL,2,1,3,1,2,1,NULL,'2c9f02ba3ca2d52f013ca32777ed0009','2015-11-10 16:16:39',NULL,NULL,NULL,'2c9f02ba3ca2d52f013ca32777ed0009','2015-11-10 16:16:39',39,NULL),(1664,NULL,2,2,3,3,2,1,NULL,'2c9f02ba3ca2d52f013ca3234ae60004','2015-11-10 16:21:11','',NULL,NULL,'2c9f02ba3ca2d52f013ca32777ed0009','2015-11-10 16:16:39',39,NULL),(1665,NULL,2,3,3,NULL,2,1,NULL,'8ad9907e4a5c69c4014b4d56558d0002','2015-11-10 16:21:36','',NULL,NULL,'2c9f02ba3ca2d52f013ca32777ed0009','2015-11-10 16:16:39',39,NULL),(1666,NULL,2,4,3,6,2,1,NULL,'8ad9907e4a5c69c4014b727d4bc20003','2015-11-10 16:24:58','',NULL,NULL,'2c9f02ba3ca2d52f013ca32777ed0009','2015-11-10 16:16:39',39,NULL),(1667,61,1,1,5,1,2,1,NULL,'8ad9907e47333cb70147392c2bf80021','2015-11-12 15:53:57',NULL,NULL,21,'8ad9907e47333cb70147392c2bf80021','2015-11-12 15:53:57',NULL,NULL),(1668,61,1,2,5,3,2,1,NULL,'2c9f02ba3ca2d52f013ca32b6bfa000f','2015-11-13 09:24:11','',NULL,21,'8ad9907e47333cb70147392c2bf80021','2015-11-12 15:53:57',NULL,NULL),(1669,61,1,3,6,8,2,1,NULL,'2c9f02c03c19415f013c19422e740002','2015-11-13 09:48:37','此项目为收取管理费项目，应注意项目实施中的监督管理风险。',NULL,21,'8ad9907e47333cb70147392c2bf80021','2015-11-12 15:53:57',NULL,NULL),(1670,61,1,4,6,NULL,2,1,NULL,'8ad9907e47333cb70147390326a90019','2015-11-13 12:41:19','',NULL,21,'8ad9907e47333cb70147392c2bf80021','2015-11-12 15:53:57',NULL,NULL),(1671,61,1,4,5,NULL,2,1,NULL,'8ad9907e47333cb7014739188ded001b','2015-11-16 09:44:09','',NULL,21,'8ad9907e47333cb70147392c2bf80021','2015-11-12 15:53:57',NULL,NULL),(1672,61,1,4,4,NULL,2,1,NULL,'2c9f02ba3ca2d52f013ca32e3e930014','2015-11-18 09:46:32','',NULL,21,'8ad9907e47333cb70147392c2bf80021','2015-11-12 15:53:57',NULL,NULL),(1673,61,1,5,5,6,2,1,NULL,'2c9f02ba3ca2d52f013ca32855dc000a','2015-12-21 14:54:16','',NULL,21,'8ad9907e47333cb70147392c2bf80021','2015-11-12 15:53:57',NULL,NULL),(1674,61,1,6,8,5,2,1,NULL,'2c9f02d43bb780fe013bb78620170002','2016-01-05 13:45:04','',NULL,21,'8ad9907e47333cb70147392c2bf80021','2015-11-12 15:53:57',NULL,NULL),(1675,NULL,2,1,3,1,2,1,NULL,'2c9f02ba3ca2d52f013ca32777ed0009','2015-11-13 09:04:52',NULL,NULL,NULL,'2c9f02ba3ca2d52f013ca32777ed0009','2015-11-13 09:04:52',40,NULL),(1676,NULL,2,2,3,3,2,1,NULL,'2c9f02ba3ca2d52f013ca3234ae60004','2015-11-13 09:05:32','',NULL,NULL,'2c9f02ba3ca2d52f013ca32777ed0009','2015-11-13 09:04:52',40,NULL),(1677,NULL,2,3,3,NULL,2,1,NULL,'8ad9907e4a5c69c4014b4d56558d0002','2015-11-13 09:05:44','',NULL,NULL,'2c9f02ba3ca2d52f013ca32777ed0009','2015-11-13 09:04:52',40,NULL),(1678,NULL,2,4,3,6,2,1,NULL,'8ad9907e4a5c69c4014b727d4bc20003','2015-11-17 09:04:53','',NULL,NULL,'2c9f02ba3ca2d52f013ca32777ed0009','2015-11-13 09:04:52',40,NULL),(1679,NULL,3,1,3,1,2,1,NULL,'2c9f02ba3ca2d52f013ca32777ed0009','2015-11-17 09:36:04',NULL,NULL,NULL,'2c9f02ba3ca2d52f013ca32777ed0009','2015-11-17 09:36:04',40,NULL),(1680,NULL,3,2,3,3,2,1,NULL,'2c9f02ba3ca2d52f013ca3234ae60004','2015-11-17 09:36:21','',NULL,NULL,'2c9f02ba3ca2d52f013ca32777ed0009','2015-11-17 09:36:04',40,NULL),(1681,NULL,3,3,6,8,2,1,NULL,'2c9f02c03c19415f013c19422e740002','2015-11-17 10:54:09','',NULL,NULL,'2c9f02ba3ca2d52f013ca32777ed0009','2015-11-17 09:36:04',40,NULL),(1682,NULL,3,4,6,NULL,2,1,NULL,'8ad9907e47333cb70147390326a90019','2015-11-17 13:23:53','',NULL,NULL,'2c9f02ba3ca2d52f013ca32777ed0009','2015-11-17 09:36:04',40,NULL),(1683,NULL,3,4,2,NULL,2,2,NULL,'8ad9907e4e94b430014ee2022efb0002','2015-11-20 11:26:21','1、据市场人员介绍为收3%管理费项目，但与合作单位没有制定项目如何操作和责任如何分摊的文件；存在多个分包合同。\r\n2、该项目为EPC总包烟气治理，没有财务分析和风险评估',NULL,NULL,'2c9f02ba3ca2d52f013ca32777ed0009','2015-11-17 09:36:04',40,NULL),(1684,NULL,3,4,3,NULL,2,1,NULL,'8ad9907e4a5c69c4014b4d56558d0002','2015-11-17 13:10:54','',NULL,NULL,'2c9f02ba3ca2d52f013ca32777ed0009','2015-11-17 09:36:04',40,NULL),(1685,NULL,3,4,1,NULL,2,1,NULL,'8ad9907e47333cb7014738c04f5f0001','2015-11-17 10:59:10','',NULL,NULL,'2c9f02ba3ca2d52f013ca32777ed0009','2015-11-17 09:36:04',40,NULL),(1686,NULL,3,4,4,NULL,2,1,NULL,'2c9f02ba3ca2d52f013ca32e3e930014','2015-11-18 13:26:04','',NULL,NULL,'2c9f02ba3ca2d52f013ca32777ed0009','2015-11-17 09:36:04',40,NULL),(1687,NULL,3,5,3,6,-1,NULL,NULL,NULL,NULL,NULL,NULL,NULL,'2c9f02ba3ca2d52f013ca32777ed0009','2015-11-17 09:36:04',40,NULL),(1688,NULL,3,6,8,5,-1,NULL,NULL,NULL,NULL,NULL,NULL,NULL,'2c9f02ba3ca2d52f013ca32777ed0009','2015-11-17 09:36:04',40,NULL),(1689,NULL,2,1,3,1,2,1,NULL,'2c9f02ba3ca2d52f013ca32777ed0009','2015-11-23 10:55:54',NULL,NULL,NULL,'2c9f02ba3ca2d52f013ca32777ed0009','2015-11-23 10:55:54',40,NULL),(1690,NULL,2,2,3,3,2,1,NULL,'2c9f02ba3ca2d52f013ca3234ae60004','2015-11-23 10:56:38','',NULL,NULL,'2c9f02ba3ca2d52f013ca32777ed0009','2015-11-23 10:55:54',40,NULL),(1691,NULL,2,3,3,NULL,2,1,NULL,'8ad9907e4a5c69c4014b4d56558d0002','2015-11-23 10:56:48','',NULL,NULL,'2c9f02ba3ca2d52f013ca32777ed0009','2015-11-23 10:55:54',40,NULL),(1692,NULL,2,4,3,6,2,1,NULL,'8ad9907e4a5c69c4014b727d4bc20003','2015-11-23 12:19:51','',NULL,NULL,'2c9f02ba3ca2d52f013ca32777ed0009','2015-11-23 10:55:54',40,NULL),(1693,NULL,3,1,3,1,2,1,NULL,'2c9f02ba3ca2d52f013ca32777ed0009','2015-11-23 12:21:17',NULL,NULL,NULL,'2c9f02ba3ca2d52f013ca32777ed0009','2015-11-23 12:21:17',40,NULL),(1694,NULL,3,2,3,3,2,1,NULL,'2c9f02ba3ca2d52f013ca3234ae60004','2015-11-23 12:21:35','',NULL,NULL,'2c9f02ba3ca2d52f013ca32777ed0009','2015-11-23 12:21:17',40,NULL),(1695,NULL,3,3,6,8,2,1,NULL,'2c9f02c03c19415f013c19422e740002','2015-11-23 13:37:03','此为收取管理费合作项目，招标文件中无合同文本，合同风险应在订立合同时具体把控。',NULL,NULL,'2c9f02ba3ca2d52f013ca32777ed0009','2015-11-23 12:21:17',40,NULL),(1696,NULL,3,4,6,NULL,2,1,NULL,'8ad9907e47333cb70147390326a90019','2015-11-23 13:37:13','',NULL,NULL,'2c9f02ba3ca2d52f013ca32777ed0009','2015-11-23 12:21:17',40,NULL),(1697,NULL,3,4,2,NULL,2,1,NULL,'8ad9907e4e94b430014ee2022efb0002','2015-11-23 14:06:23','1、据市场部提供信息，此为收取3%管理费用对外配合项目，工程部仅配合公司内部相关流程；\r\n2、市场部还未与配合单位签订合作协议，需完善与订出分包单位的多方协议，及资质审核；\r\n3、此为总包项目，应对总包范围内风险、收益进行有效评估并制定有效管控措施。',NULL,NULL,'2c9f02ba3ca2d52f013ca32777ed0009','2015-11-23 12:21:17',40,NULL),(1698,NULL,3,4,3,NULL,2,1,NULL,'8ad9907e4a5c69c4014b4d56558d0002','2015-11-23 13:40:21','',NULL,NULL,'2c9f02ba3ca2d52f013ca32777ed0009','2015-11-23 12:21:17',40,NULL),(1699,NULL,3,4,1,NULL,2,1,NULL,'8ad9907e47333cb7014738c04f5f0001','2015-11-23 14:36:29','',NULL,NULL,'2c9f02ba3ca2d52f013ca32777ed0009','2015-11-23 12:21:17',40,NULL),(1700,NULL,3,4,4,NULL,2,1,NULL,'2c9f02ba3ca2d52f013ca32e3e930014','2015-11-23 13:50:25','',NULL,NULL,'2c9f02ba3ca2d52f013ca32777ed0009','2015-11-23 12:21:17',40,NULL),(1701,NULL,3,5,3,6,2,1,NULL,'8ad9907e4a5c69c4014b727d4bc20003','2015-11-23 14:37:14','',NULL,NULL,'2c9f02ba3ca2d52f013ca32777ed0009','2015-11-23 12:21:17',40,NULL),(1702,NULL,3,6,8,5,1,NULL,NULL,NULL,NULL,NULL,NULL,NULL,'2c9f02ba3ca2d52f013ca32777ed0009','2015-11-23 12:21:17',40,NULL),(1703,64,1,1,2,1,2,1,NULL,'8ad9907e47333cb7014738fdbae90012','2015-11-27 10:05:36',NULL,NULL,22,'8ad9907e47333cb7014738fdbae90012','2015-11-27 10:05:36',NULL,NULL),(1704,64,1,2,2,3,1,NULL,NULL,NULL,NULL,NULL,NULL,22,'8ad9907e47333cb7014738fdbae90012','2015-11-27 10:05:36',NULL,NULL),(1705,64,1,3,6,8,0,NULL,NULL,NULL,NULL,NULL,NULL,22,'8ad9907e47333cb7014738fdbae90012','2015-11-27 10:05:36',NULL,NULL),(1706,64,1,4,6,NULL,0,NULL,NULL,NULL,NULL,NULL,NULL,22,'8ad9907e47333cb7014738fdbae90012','2015-11-27 10:05:36',NULL,NULL),(1707,64,1,4,2,NULL,0,NULL,NULL,NULL,NULL,NULL,NULL,22,'8ad9907e47333cb7014738fdbae90012','2015-11-27 10:05:36',NULL,NULL),(1708,64,1,4,4,NULL,0,NULL,NULL,NULL,NULL,NULL,NULL,22,'8ad9907e47333cb7014738fdbae90012','2015-11-27 10:05:36',NULL,NULL),(1709,64,1,5,2,6,0,NULL,NULL,NULL,NULL,NULL,NULL,22,'8ad9907e47333cb7014738fdbae90012','2015-11-27 10:05:36',NULL,NULL),(1710,64,1,6,8,5,0,NULL,NULL,NULL,NULL,NULL,NULL,22,'8ad9907e47333cb7014738fdbae90012','2015-11-27 10:05:36',NULL,NULL),(1711,58,1,1,3,1,2,1,NULL,'2c9f02ba3ca2d52f013ca32777ed0009','2015-12-02 14:12:27',NULL,NULL,23,'2c9f02ba3ca2d52f013ca32777ed0009','2015-12-02 14:12:27',NULL,NULL),(1712,58,1,2,3,3,2,1,NULL,'2c9f02ba3ca2d52f013ca3234ae60004','2015-12-02 14:12:54','',NULL,23,'2c9f02ba3ca2d52f013ca32777ed0009','2015-12-02 14:12:27',NULL,NULL),(1713,58,1,3,6,8,2,1,NULL,'2c9f02c03c19415f013c19422e740002','2015-12-02 14:20:44','与项目部核实因开票需要须签订补充协议调整合同价格，但合同总价不变，我司并不因此产生额外合同义务。',NULL,23,'2c9f02ba3ca2d52f013ca32777ed0009','2015-12-02 14:12:27',NULL,NULL),(1714,58,1,4,6,NULL,2,1,NULL,'8ad9907e47333cb70147390326a90019','2015-12-02 14:20:55','',NULL,23,'2c9f02ba3ca2d52f013ca32777ed0009','2015-12-02 14:12:27',NULL,NULL),(1715,58,1,4,2,NULL,1,NULL,NULL,NULL,NULL,NULL,NULL,23,'2c9f02ba3ca2d52f013ca32777ed0009','2015-12-02 14:12:27',NULL,NULL),(1716,58,1,4,4,NULL,1,NULL,NULL,NULL,NULL,NULL,NULL,23,'2c9f02ba3ca2d52f013ca32777ed0009','2015-12-02 14:12:27',NULL,NULL),(1717,58,1,5,3,6,0,NULL,NULL,NULL,NULL,NULL,NULL,23,'2c9f02ba3ca2d52f013ca32777ed0009','2015-12-02 14:12:27',NULL,NULL),(1718,58,1,6,8,5,0,NULL,NULL,NULL,NULL,NULL,NULL,23,'2c9f02ba3ca2d52f013ca32777ed0009','2015-12-02 14:12:27',NULL,NULL),(1719,NULL,2,1,3,1,2,1,NULL,'2c9f02ba3ca2d52f013ca32777ed0009','2015-12-03 16:29:22',NULL,NULL,NULL,'2c9f02ba3ca2d52f013ca32777ed0009','2015-12-03 16:29:22',42,NULL),(1720,NULL,2,2,3,3,1,NULL,NULL,NULL,NULL,NULL,NULL,NULL,'2c9f02ba3ca2d52f013ca32777ed0009','2015-12-03 16:29:22',42,NULL),(1721,NULL,2,3,3,NULL,0,NULL,NULL,NULL,NULL,NULL,NULL,NULL,'2c9f02ba3ca2d52f013ca32777ed0009','2015-12-03 16:29:22',42,NULL),(1722,NULL,2,4,3,6,0,NULL,NULL,NULL,NULL,NULL,NULL,NULL,'2c9f02ba3ca2d52f013ca32777ed0009','2015-12-03 16:29:22',42,NULL),(1723,NULL,2,1,3,1,2,1,NULL,'2c9f02ba3ca2d52f013ca32777ed0009','2015-12-03 16:32:24',NULL,NULL,NULL,'2c9f02ba3ca2d52f013ca32777ed0009','2015-12-03 16:32:24',43,NULL),(1724,NULL,2,2,3,3,2,1,NULL,'2c9f02ba3ca2d52f013ca3234ae60004','2015-12-03 16:32:43','',NULL,NULL,'2c9f02ba3ca2d52f013ca32777ed0009','2015-12-03 16:32:24',43,NULL),(1725,NULL,2,3,3,NULL,2,1,NULL,'8ad9907e4a5c69c4014b4d56558d0002','2015-12-03 16:33:07','',NULL,NULL,'2c9f02ba3ca2d52f013ca32777ed0009','2015-12-03 16:32:24',43,NULL),(1726,NULL,2,4,3,6,2,1,NULL,'8ad9907e4a5c69c4014b727d4bc20003','2015-12-03 16:33:38','',NULL,NULL,'2c9f02ba3ca2d52f013ca32777ed0009','2015-12-03 16:32:24',43,NULL),(1727,61,1,1,5,1,2,1,NULL,'8ad9907e47333cb70147392c2bf80021','2015-12-04 11:07:24',NULL,NULL,24,'8ad9907e47333cb70147392c2bf80021','2015-12-04 11:07:24',NULL,NULL),(1728,61,1,2,5,3,2,1,NULL,'2c9f02ba3ca2d52f013ca32b6bfa000f','2015-12-04 14:06:36','',NULL,24,'8ad9907e47333cb70147392c2bf80021','2015-12-04 11:07:24',NULL,NULL),(1729,61,1,3,6,8,2,1,NULL,'2c9f02c03c19415f013c19422e740002','2015-12-17 10:42:26','',NULL,24,'8ad9907e47333cb70147392c2bf80021','2015-12-04 11:07:24',NULL,NULL),(1730,61,1,4,6,NULL,2,1,NULL,'8ad9907e47333cb70147390326a90019','2015-12-17 10:42:53','',NULL,24,'8ad9907e47333cb70147392c2bf80021','2015-12-04 11:07:24',NULL,NULL),(1731,61,1,4,5,NULL,2,1,NULL,'8ad9907e47333cb7014739188ded001b','2015-12-18 10:55:14','',NULL,24,'8ad9907e47333cb70147392c2bf80021','2015-12-04 11:07:24',NULL,NULL),(1732,61,1,4,4,NULL,2,1,NULL,'2c9f02ba3ca2d52f013ca32e3e930014','2015-12-21 10:50:06','',NULL,24,'8ad9907e47333cb70147392c2bf80021','2015-12-04 11:07:24',NULL,NULL),(1733,61,1,5,5,6,2,1,NULL,'2c9f02ba3ca2d52f013ca32855dc000a','2015-12-21 14:54:22','',NULL,24,'8ad9907e47333cb70147392c2bf80021','2015-12-04 11:07:24',NULL,NULL),(1734,61,1,6,8,5,2,1,NULL,'2c9f02d43bb780fe013bb78620170002','2016-01-05 13:45:10','',NULL,24,'8ad9907e47333cb70147392c2bf80021','2015-12-04 11:07:24',NULL,NULL),(1735,NULL,2,1,3,1,2,1,NULL,'2c9f02ba3ca2d52f013ca32777ed0009','2015-12-09 09:43:09',NULL,NULL,NULL,'2c9f02ba3ca2d52f013ca32777ed0009','2015-12-09 09:43:09',44,NULL),(1736,NULL,2,2,3,3,2,1,NULL,'2c9f02ba3ca2d52f013ca3234ae60004','2015-12-09 09:43:27','',NULL,NULL,'2c9f02ba3ca2d52f013ca32777ed0009','2015-12-09 09:43:09',44,NULL),(1737,NULL,2,3,3,NULL,2,1,NULL,'8ad9907e4a5c69c4014b4d56558d0002','2015-12-09 09:43:58','',NULL,NULL,'2c9f02ba3ca2d52f013ca32777ed0009','2015-12-09 09:43:09',44,NULL),(1738,NULL,2,4,3,6,2,1,NULL,'8ad9907e4a5c69c4014b727d4bc20003','2015-12-09 09:44:33','',NULL,NULL,'2c9f02ba3ca2d52f013ca32777ed0009','2015-12-09 09:43:09',44,NULL),(1739,61,1,1,5,1,2,1,NULL,'8ad9907e47333cb70147392c2bf80021','2016-01-06 10:13:45',NULL,NULL,25,'8ad9907e47333cb70147392c2bf80021','2016-01-06 10:13:45',NULL,NULL),(1740,61,1,2,5,3,2,1,NULL,'2c9f02ba3ca2d52f013ca32b6bfa000f','2016-03-03 10:52:28','',NULL,25,'8ad9907e47333cb70147392c2bf80021','2016-01-06 10:13:45',NULL,NULL),(1741,61,1,3,6,8,2,1,NULL,'2c9f02c03c19415f013c19422e740002','2016-03-04 14:51:17','此为后补合同评审网上流程，请关注合同履行情况，具体评审意见参见合同评审表。',NULL,25,'8ad9907e47333cb70147392c2bf80021','2016-01-06 10:13:45',NULL,NULL),(1742,61,1,4,6,NULL,1,NULL,NULL,NULL,NULL,NULL,NULL,25,'8ad9907e47333cb70147392c2bf80021','2016-01-06 10:13:45',NULL,NULL),(1743,61,1,4,5,NULL,1,NULL,NULL,NULL,NULL,NULL,NULL,25,'8ad9907e47333cb70147392c2bf80021','2016-01-06 10:13:45',NULL,NULL),(1744,61,1,4,4,NULL,1,NULL,NULL,NULL,NULL,NULL,NULL,25,'8ad9907e47333cb70147392c2bf80021','2016-01-06 10:13:45',NULL,NULL),(1745,61,1,5,5,6,0,NULL,NULL,NULL,NULL,NULL,NULL,25,'8ad9907e47333cb70147392c2bf80021','2016-01-06 10:13:45',NULL,NULL),(1746,61,1,6,8,5,0,NULL,NULL,NULL,NULL,NULL,NULL,25,'8ad9907e47333cb70147392c2bf80021','2016-01-06 10:13:45',NULL,NULL),(1747,60,1,1,5,1,2,1,NULL,'8ad9907e47333cb70147392c2bf80021','2016-01-06 10:18:59',NULL,NULL,26,'8ad9907e47333cb70147392c2bf80021','2016-01-06 10:18:59',NULL,NULL),(1748,60,1,2,5,3,1,NULL,NULL,NULL,NULL,NULL,NULL,26,'8ad9907e47333cb70147392c2bf80021','2016-01-06 10:18:59',NULL,NULL),(1749,60,1,3,6,8,0,NULL,NULL,NULL,NULL,NULL,NULL,26,'8ad9907e47333cb70147392c2bf80021','2016-01-06 10:18:59',NULL,NULL),(1750,60,1,4,6,NULL,0,NULL,NULL,NULL,NULL,NULL,NULL,26,'8ad9907e47333cb70147392c2bf80021','2016-01-06 10:18:59',NULL,NULL),(1751,60,1,4,5,NULL,0,NULL,NULL,NULL,NULL,NULL,NULL,26,'8ad9907e47333cb70147392c2bf80021','2016-01-06 10:18:59',NULL,NULL),(1752,60,1,4,4,NULL,0,NULL,NULL,NULL,NULL,NULL,NULL,26,'8ad9907e47333cb70147392c2bf80021','2016-01-06 10:18:59',NULL,NULL),(1753,60,1,5,5,6,0,NULL,NULL,NULL,NULL,NULL,NULL,26,'8ad9907e47333cb70147392c2bf80021','2016-01-06 10:18:59',NULL,NULL),(1754,60,1,6,8,5,0,NULL,NULL,NULL,NULL,NULL,NULL,26,'8ad9907e47333cb70147392c2bf80021','2016-01-06 10:18:59',NULL,NULL),(1755,60,1,1,5,1,2,1,NULL,'8ad9907e47333cb70147392c2bf80021','2016-01-06 10:22:36',NULL,NULL,27,'8ad9907e47333cb70147392c2bf80021','2016-01-06 10:22:36',NULL,NULL),(1756,60,1,2,5,3,1,NULL,NULL,NULL,NULL,NULL,NULL,27,'8ad9907e47333cb70147392c2bf80021','2016-01-06 10:22:36',NULL,NULL),(1757,60,1,3,6,8,0,NULL,NULL,NULL,NULL,NULL,NULL,27,'8ad9907e47333cb70147392c2bf80021','2016-01-06 10:22:36',NULL,NULL),(1758,60,1,4,6,NULL,0,NULL,NULL,NULL,NULL,NULL,NULL,27,'8ad9907e47333cb70147392c2bf80021','2016-01-06 10:22:36',NULL,NULL),(1759,60,1,4,5,NULL,0,NULL,NULL,NULL,NULL,NULL,NULL,27,'8ad9907e47333cb70147392c2bf80021','2016-01-06 10:22:36',NULL,NULL),(1760,60,1,4,4,NULL,0,NULL,NULL,NULL,NULL,NULL,NULL,27,'8ad9907e47333cb70147392c2bf80021','2016-01-06 10:22:36',NULL,NULL),(1761,60,1,5,5,6,0,NULL,NULL,NULL,NULL,NULL,NULL,27,'8ad9907e47333cb70147392c2bf80021','2016-01-06 10:22:36',NULL,NULL),(1762,60,1,6,8,5,0,NULL,NULL,NULL,NULL,NULL,NULL,27,'8ad9907e47333cb70147392c2bf80021','2016-01-06 10:22:36',NULL,NULL),(1763,NULL,2,1,3,1,2,1,NULL,'8ad9907e501a48a00150ef5279b50001','2016-02-25 14:21:58',NULL,NULL,NULL,'8ad9907e501a48a00150ef5279b50001','2016-02-25 14:21:58',45,NULL),(1764,NULL,2,2,3,3,1,NULL,NULL,NULL,NULL,NULL,NULL,NULL,'8ad9907e501a48a00150ef5279b50001','2016-02-25 14:21:58',45,NULL),(1765,NULL,2,3,3,NULL,0,NULL,NULL,NULL,NULL,NULL,NULL,NULL,'8ad9907e501a48a00150ef5279b50001','2016-02-25 14:21:58',45,NULL),(1766,NULL,2,4,3,6,0,NULL,NULL,NULL,NULL,NULL,NULL,NULL,'8ad9907e501a48a00150ef5279b50001','2016-02-25 14:21:58',45,NULL),(1767,NULL,2,5,8,5,0,NULL,NULL,NULL,NULL,NULL,NULL,NULL,'8ad9907e501a48a00150ef5279b50001','2016-02-25 14:21:58',45,NULL),(1768,NULL,2,1,3,1,2,1,NULL,'8ad9907e501a48a00150ef5279b50001','2016-02-25 16:54:56',NULL,NULL,NULL,'8ad9907e501a48a00150ef5279b50001','2016-02-25 16:54:56',46,NULL),(1769,NULL,2,2,3,3,1,NULL,NULL,NULL,NULL,NULL,NULL,NULL,'8ad9907e501a48a00150ef5279b50001','2016-02-25 16:54:56',46,NULL),(1770,NULL,2,3,3,NULL,0,NULL,NULL,NULL,NULL,NULL,NULL,NULL,'8ad9907e501a48a00150ef5279b50001','2016-02-25 16:54:56',46,NULL),(1771,NULL,2,4,3,6,0,NULL,NULL,NULL,NULL,NULL,NULL,NULL,'8ad9907e501a48a00150ef5279b50001','2016-02-25 16:54:56',46,NULL),(1772,NULL,2,1,3,1,2,1,NULL,'8ad9907e501a48a00150ef5279b50001','2016-02-25 16:56:01',NULL,NULL,NULL,'8ad9907e501a48a00150ef5279b50001','2016-02-25 16:56:01',47,NULL),(1773,NULL,2,2,3,3,1,NULL,NULL,NULL,NULL,NULL,NULL,NULL,'8ad9907e501a48a00150ef5279b50001','2016-02-25 16:56:01',47,NULL),(1774,NULL,2,3,3,NULL,0,NULL,NULL,NULL,NULL,NULL,NULL,NULL,'8ad9907e501a48a00150ef5279b50001','2016-02-25 16:56:01',47,NULL),(1775,NULL,2,4,3,6,0,NULL,NULL,NULL,NULL,NULL,NULL,NULL,'8ad9907e501a48a00150ef5279b50001','2016-02-25 16:56:01',47,NULL),(1776,NULL,2,5,8,5,0,NULL,NULL,NULL,NULL,NULL,NULL,NULL,'8ad9907e501a48a00150ef5279b50001','2016-02-25 16:56:01',47,NULL),(1777,61,1,1,5,1,2,1,NULL,'8ad9907e47333cb70147392c2bf80021','2016-03-02 14:40:53',NULL,NULL,28,'8ad9907e47333cb70147392c2bf80021','2016-03-02 14:40:53',NULL,NULL),(1778,61,1,2,5,3,2,1,NULL,'2c9f02ba3ca2d52f013ca32b6bfa000f','2016-03-03 10:52:22','',NULL,28,'8ad9907e47333cb70147392c2bf80021','2016-03-02 14:40:53',NULL,NULL),(1779,61,1,3,6,8,2,1,NULL,'2c9f02c03c19415f013c19422e740002','2016-03-04 14:56:30','请及时跟进项目执行情况及合同履行情况，此为后补合同评审网上流程，具体评审意见可参见合同评审表及评审意见表等资料。',NULL,28,'8ad9907e47333cb70147392c2bf80021','2016-03-02 14:40:53',NULL,NULL),(1780,61,1,4,6,NULL,2,1,NULL,'2c9f02ba3ca2d52f013ca32c298e0010','2016-03-04 16:20:41','',NULL,28,'8ad9907e47333cb70147392c2bf80021','2016-03-02 14:40:53',NULL,NULL),(1781,61,1,4,5,NULL,2,1,NULL,'8ad9907e47333cb7014739188ded001b','2016-03-22 15:27:36','',NULL,28,'8ad9907e47333cb70147392c2bf80021','2016-03-02 14:40:53',NULL,NULL),(1782,61,1,4,4,NULL,2,1,NULL,'2c9f02ba3ca2d52f013ca32e3e930014','2016-08-09 12:04:27','',NULL,28,'8ad9907e47333cb70147392c2bf80021','2016-03-02 14:40:53',NULL,NULL),(1783,61,1,5,5,6,1,NULL,NULL,NULL,NULL,NULL,NULL,28,'8ad9907e47333cb70147392c2bf80021','2016-03-02 14:40:53',NULL,NULL),(1784,61,1,6,8,5,0,NULL,NULL,NULL,NULL,NULL,NULL,28,'8ad9907e47333cb70147392c2bf80021','2016-03-02 14:40:53',NULL,NULL),(1785,60,1,1,5,1,2,1,NULL,'8ad9907e47333cb70147392c2bf80021','2016-03-04 10:36:12',NULL,NULL,29,'8ad9907e47333cb70147392c2bf80021','2016-03-04 10:36:12',NULL,NULL),(1786,60,1,2,5,3,1,NULL,NULL,NULL,NULL,NULL,NULL,29,'8ad9907e47333cb70147392c2bf80021','2016-03-04 10:36:12',NULL,NULL),(1787,60,1,3,6,8,0,NULL,NULL,NULL,NULL,NULL,NULL,29,'8ad9907e47333cb70147392c2bf80021','2016-03-04 10:36:12',NULL,NULL),(1788,60,1,4,6,NULL,0,NULL,NULL,NULL,NULL,NULL,NULL,29,'8ad9907e47333cb70147392c2bf80021','2016-03-04 10:36:12',NULL,NULL),(1789,60,1,4,5,NULL,0,NULL,NULL,NULL,NULL,NULL,NULL,29,'8ad9907e47333cb70147392c2bf80021','2016-03-04 10:36:12',NULL,NULL),(1790,60,1,4,4,NULL,0,NULL,NULL,NULL,NULL,NULL,NULL,29,'8ad9907e47333cb70147392c2bf80021','2016-03-04 10:36:12',NULL,NULL),(1791,60,1,5,5,6,0,NULL,NULL,NULL,NULL,NULL,NULL,29,'8ad9907e47333cb70147392c2bf80021','2016-03-04 10:36:12',NULL,NULL),(1792,60,1,6,8,5,0,NULL,NULL,NULL,NULL,NULL,NULL,29,'8ad9907e47333cb70147392c2bf80021','2016-03-04 10:36:12',NULL,NULL),(1793,NULL,2,1,3,1,2,1,NULL,'8ad9907e47333cb7014738fe1b700013','2016-03-07 15:32:49',NULL,NULL,NULL,'8ad9907e47333cb7014738fe1b700013','2016-03-07 15:32:49',48,NULL),(1794,NULL,2,2,3,3,2,1,NULL,'8ad9907e47333cb701473933df140026','2016-03-07 15:33:22','',NULL,NULL,'8ad9907e47333cb7014738fe1b700013','2016-03-07 15:32:49',48,NULL),(1795,NULL,2,3,3,NULL,2,1,NULL,'8ad9907e47333cb70147391918dd001c','2016-03-07 15:52:19','',NULL,NULL,'8ad9907e47333cb7014738fe1b700013','2016-03-07 15:32:49',48,NULL),(1796,NULL,2,4,3,6,2,1,NULL,'8ad9907e4a5c69c4014b727d4bc20003','2016-03-07 15:53:06','',NULL,NULL,'8ad9907e47333cb7014738fe1b700013','2016-03-07 15:32:49',48,NULL),(1797,NULL,2,1,3,1,2,1,NULL,'8ad9907e47333cb7014738fe1b700013','2016-03-07 15:34:52',NULL,NULL,NULL,'8ad9907e47333cb7014738fe1b700013','2016-03-07 15:34:52',49,NULL),(1798,NULL,2,2,3,3,2,1,NULL,'8ad9907e47333cb701473933df140026','2016-03-07 15:35:28','',NULL,NULL,'8ad9907e47333cb7014738fe1b700013','2016-03-07 15:34:52',49,NULL),(1799,NULL,2,3,3,NULL,2,1,NULL,'8ad9907e47333cb70147391918dd001c','2016-03-07 15:52:30','',NULL,NULL,'8ad9907e47333cb7014738fe1b700013','2016-03-07 15:34:52',49,NULL),(1800,NULL,2,4,3,6,2,1,NULL,'8ad9907e4a5c69c4014b727d4bc20003','2016-03-07 15:53:12','',NULL,NULL,'8ad9907e47333cb7014738fe1b700013','2016-03-07 15:34:52',49,NULL),(1801,NULL,2,1,3,1,2,1,NULL,'8ad9907e47333cb7014738fe1b700013','2016-03-23 08:50:33',NULL,NULL,NULL,'8ad9907e47333cb7014738fe1b700013','2016-03-23 08:50:33',50,NULL),(1802,NULL,2,2,3,3,2,1,NULL,'8ad9907e47333cb701473933df140026','2016-03-23 09:37:42','',NULL,NULL,'8ad9907e47333cb7014738fe1b700013','2016-03-23 08:50:33',50,NULL),(1803,NULL,2,3,3,NULL,2,1,NULL,'8ad9907e47333cb70147391918dd001c','2016-03-23 09:38:55','',NULL,NULL,'8ad9907e47333cb7014738fe1b700013','2016-03-23 08:50:33',50,NULL),(1804,NULL,2,4,3,6,2,1,NULL,'8ad9907e4a5c69c4014b727d4bc20003','2016-03-23 09:40:31','',NULL,NULL,'8ad9907e47333cb7014738fe1b700013','2016-03-23 08:50:33',50,NULL),(1805,NULL,2,1,3,1,2,1,NULL,'8ad9907e47333cb7014738fe1b700013','2016-03-24 09:23:11',NULL,NULL,NULL,'8ad9907e47333cb7014738fe1b700013','2016-03-24 09:23:11',51,NULL),(1806,NULL,2,2,3,3,2,1,NULL,'8ad9907e47333cb701473933df140026','2016-03-24 09:23:38','',NULL,NULL,'8ad9907e47333cb7014738fe1b700013','2016-03-24 09:23:11',51,NULL),(1807,NULL,2,3,3,NULL,2,1,NULL,'8ad9907e47333cb70147391918dd001c','2016-03-24 09:24:11','',NULL,NULL,'8ad9907e47333cb7014738fe1b700013','2016-03-24 09:23:11',51,NULL),(1808,NULL,2,4,3,6,2,1,NULL,'8ad9907e4a5c69c4014b727d4bc20003','2016-04-05 13:48:48','',NULL,NULL,'8ad9907e47333cb7014738fe1b700013','2016-03-24 09:23:11',51,NULL),(1809,NULL,2,5,8,5,1,NULL,NULL,NULL,NULL,NULL,NULL,NULL,'8ad9907e47333cb7014738fe1b700013','2016-03-24 09:23:11',51,NULL),(1810,NULL,2,1,3,1,2,1,NULL,'8ad9907e47333cb7014738fe1b700013','2016-03-31 12:49:51',NULL,NULL,NULL,'8ad9907e47333cb7014738fe1b700013','2016-03-31 12:49:51',52,NULL),(1811,NULL,2,2,3,3,1,NULL,NULL,NULL,NULL,NULL,NULL,NULL,'8ad9907e47333cb7014738fe1b700013','2016-03-31 12:49:51',52,NULL),(1812,NULL,2,3,3,NULL,0,NULL,NULL,NULL,NULL,NULL,NULL,NULL,'8ad9907e47333cb7014738fe1b700013','2016-03-31 12:49:51',52,NULL),(1813,NULL,2,4,3,6,0,NULL,NULL,NULL,NULL,NULL,NULL,NULL,'8ad9907e47333cb7014738fe1b700013','2016-03-31 12:49:51',52,NULL),(1814,NULL,2,1,3,1,2,1,NULL,'8ad9907e47333cb7014738fe1b700013','2016-03-31 12:54:47',NULL,NULL,NULL,'8ad9907e47333cb7014738fe1b700013','2016-03-31 12:54:47',53,NULL),(1815,NULL,2,2,3,3,2,1,NULL,'8ad9907e47333cb7014738d601b70008','2016-03-31 12:55:51','',NULL,NULL,'8ad9907e47333cb7014738fe1b700013','2016-03-31 12:54:47',53,NULL),(1816,NULL,2,3,3,NULL,2,1,NULL,'8ad9907e47333cb70147391918dd001c','2016-04-05 13:21:41','',NULL,NULL,'8ad9907e47333cb7014738fe1b700013','2016-03-31 12:54:47',53,NULL),(1817,NULL,2,4,3,6,2,1,NULL,'8ad9907e4a5c69c4014b727d4bc20003','2016-04-05 13:47:46','',NULL,NULL,'8ad9907e47333cb7014738fe1b700013','2016-03-31 12:54:47',53,NULL),(1818,NULL,2,1,3,1,2,1,NULL,'8ad9907e47333cb7014738fe1b700013','2016-04-05 10:02:38',NULL,NULL,NULL,'8ad9907e47333cb7014738fe1b700013','2016-04-05 10:02:38',54,NULL),(1819,NULL,2,2,3,3,2,1,NULL,'8ad9907e47333cb701473933df140026','2016-04-05 15:08:23','',NULL,NULL,'8ad9907e47333cb7014738fe1b700013','2016-04-05 10:02:38',54,NULL),(1820,NULL,2,3,3,NULL,2,1,NULL,'8ad9907e47333cb70147391918dd001c','2016-04-05 15:08:58','',NULL,NULL,'8ad9907e47333cb7014738fe1b700013','2016-04-05 10:02:38',54,NULL),(1821,NULL,2,4,3,6,2,1,NULL,'8ad9907e4a5c69c4014b727d4bc20003','2016-04-05 15:14:16','',NULL,NULL,'8ad9907e47333cb7014738fe1b700013','2016-04-05 10:02:38',54,NULL),(1822,NULL,2,5,8,5,1,NULL,NULL,NULL,NULL,NULL,NULL,NULL,'8ad9907e47333cb7014738fe1b700013','2016-04-05 10:02:38',54,NULL),(1823,NULL,2,1,3,1,2,1,NULL,'8ad9907e47333cb7014738fe1b700013','2016-04-05 15:03:13',NULL,NULL,NULL,'8ad9907e47333cb7014738fe1b700013','2016-04-05 15:03:13',55,NULL),(1824,NULL,2,2,3,3,2,1,NULL,'8ad9907e47333cb701473933df140026','2016-04-05 15:08:27','',NULL,NULL,'8ad9907e47333cb7014738fe1b700013','2016-04-05 15:03:13',55,NULL),(1825,NULL,2,3,3,NULL,2,1,NULL,'8ad9907e47333cb70147391918dd001c','2016-04-05 15:09:01','',NULL,NULL,'8ad9907e47333cb7014738fe1b700013','2016-04-05 15:03:13',55,NULL),(1826,NULL,2,4,3,6,2,1,NULL,'8ad9907e4a5c69c4014b727d4bc20003','2016-04-05 15:14:43','',NULL,NULL,'8ad9907e47333cb7014738fe1b700013','2016-04-05 15:03:13',55,NULL),(1827,NULL,2,5,8,5,2,2,NULL,'2c9f02ba3ca2d52f013ca32855dc000a','2016-04-19 15:10:28','该项目无背景资料，无可行性评估，无风险控制措施。请补充',NULL,NULL,'8ad9907e47333cb7014738fe1b700013','2016-04-05 15:03:13',55,NULL),(1828,NULL,3,1,3,1,2,1,NULL,'8ad9907e47333cb7014738fe1b700013','2016-04-27 15:37:45',NULL,NULL,NULL,'8ad9907e47333cb7014738fe1b700013','2016-04-27 15:37:45',50,NULL),(1829,NULL,3,2,3,3,2,2,NULL,'8ad9907e47333cb701473933df140026','2016-05-20 10:44:08','项目名称不对',NULL,NULL,'8ad9907e47333cb7014738fe1b700013','2016-04-27 15:37:45',50,NULL),(1830,NULL,3,3,6,8,-1,NULL,NULL,NULL,NULL,NULL,NULL,NULL,'8ad9907e47333cb7014738fe1b700013','2016-04-27 15:37:45',50,NULL),(1831,NULL,3,4,6,NULL,-1,NULL,NULL,NULL,NULL,NULL,NULL,NULL,'8ad9907e47333cb7014738fe1b700013','2016-04-27 15:37:45',50,NULL),(1832,NULL,3,4,2,NULL,-1,NULL,NULL,NULL,NULL,NULL,NULL,NULL,'8ad9907e47333cb7014738fe1b700013','2016-04-27 15:37:45',50,NULL),(1833,NULL,3,4,3,NULL,-1,NULL,NULL,NULL,NULL,NULL,NULL,NULL,'8ad9907e47333cb7014738fe1b700013','2016-04-27 15:37:45',50,NULL),(1834,NULL,3,4,1,NULL,-1,NULL,NULL,NULL,NULL,NULL,NULL,NULL,'8ad9907e47333cb7014738fe1b700013','2016-04-27 15:37:45',50,NULL),(1835,NULL,3,4,4,NULL,-1,NULL,NULL,NULL,NULL,NULL,NULL,NULL,'8ad9907e47333cb7014738fe1b700013','2016-04-27 15:37:45',50,NULL),(1836,NULL,3,5,3,6,-1,NULL,NULL,NULL,NULL,NULL,NULL,NULL,'8ad9907e47333cb7014738fe1b700013','2016-04-27 15:37:45',50,NULL),(1837,NULL,3,6,8,5,-1,NULL,NULL,NULL,NULL,NULL,NULL,NULL,'8ad9907e47333cb7014738fe1b700013','2016-04-27 15:37:45',50,NULL),(1838,NULL,2,1,3,1,2,1,NULL,'8ad9907e47333cb7014738fe1b700013','2016-05-11 11:07:18',NULL,NULL,NULL,'8ad9907e47333cb7014738fe1b700013','2016-05-11 11:07:18',56,NULL),(1839,NULL,2,2,3,3,2,1,NULL,'8ad9907e47333cb701473933df140026','2016-05-20 10:44:23','同意',NULL,NULL,'8ad9907e47333cb7014738fe1b700013','2016-05-11 11:07:18',56,NULL),(1840,NULL,2,3,3,NULL,2,1,NULL,'8ad9907e47333cb70147391918dd001c','2016-06-15 12:27:00','',NULL,NULL,'8ad9907e47333cb7014738fe1b700013','2016-05-11 11:07:18',56,NULL),(1841,NULL,2,4,3,6,2,1,NULL,'8ad9907e4a5c69c4014b727d4bc20003','2016-06-22 14:27:21','',NULL,NULL,'8ad9907e47333cb7014738fe1b700013','2016-05-11 11:07:18',56,NULL),(1842,NULL,2,1,3,1,2,1,NULL,'8ad9907e47333cb7014738fe1b700013','2016-05-17 08:50:41',NULL,NULL,NULL,'8ad9907e47333cb7014738fe1b700013','2016-05-17 08:50:41',55,NULL),(1843,NULL,2,2,3,3,2,2,NULL,'8ad9907e47333cb701473933df140026','2016-05-20 10:44:46','信息不全',NULL,NULL,'8ad9907e47333cb7014738fe1b700013','2016-05-17 08:50:41',55,NULL),(1844,NULL,2,3,3,NULL,-1,NULL,NULL,NULL,NULL,NULL,NULL,NULL,'8ad9907e47333cb7014738fe1b700013','2016-05-17 08:50:41',55,NULL),(1845,NULL,2,4,3,6,-1,NULL,NULL,NULL,NULL,NULL,NULL,NULL,'8ad9907e47333cb7014738fe1b700013','2016-05-17 08:50:41',55,NULL),(1846,NULL,2,5,8,5,-1,NULL,NULL,NULL,NULL,NULL,NULL,NULL,'8ad9907e47333cb7014738fe1b700013','2016-05-17 08:50:41',55,NULL),(1847,NULL,2,1,3,1,2,1,NULL,'8ad9907e47333cb7014738fe1b700013','2016-05-20 10:19:39',NULL,NULL,NULL,'8ad9907e47333cb7014738fe1b700013','2016-05-20 10:19:39',57,NULL),(1848,NULL,2,2,3,3,2,2,NULL,'8ad9907e47333cb701473933df140026','2016-05-20 13:56:47','内容重新填写',NULL,NULL,'8ad9907e47333cb7014738fe1b700013','2016-05-20 10:19:39',57,NULL),(1849,NULL,2,3,3,NULL,-1,NULL,NULL,NULL,NULL,NULL,NULL,NULL,'8ad9907e47333cb7014738fe1b700013','2016-05-20 10:19:39',57,NULL),(1850,NULL,2,4,3,6,-1,NULL,NULL,NULL,NULL,NULL,NULL,NULL,'8ad9907e47333cb7014738fe1b700013','2016-05-20 10:19:39',57,NULL),(1851,NULL,2,5,8,5,-1,NULL,NULL,NULL,NULL,NULL,NULL,NULL,'8ad9907e47333cb7014738fe1b700013','2016-05-20 10:19:39',57,NULL),(1852,NULL,2,1,3,1,2,1,NULL,'8ad9907e47333cb7014738fe1b700013','2016-05-20 13:53:13',NULL,NULL,NULL,'8ad9907e47333cb7014738fe1b700013','2016-05-20 13:53:13',58,NULL),(1853,NULL,2,2,3,3,2,1,NULL,'8ad9907e47333cb701473933df140026','2016-05-20 13:55:10','同意',NULL,NULL,'8ad9907e47333cb7014738fe1b700013','2016-05-20 13:53:13',58,NULL),(1854,NULL,2,3,3,NULL,1,NULL,NULL,NULL,NULL,NULL,NULL,NULL,'8ad9907e47333cb7014738fe1b700013','2016-05-20 13:53:13',58,NULL),(1855,NULL,2,4,3,6,0,NULL,NULL,NULL,NULL,NULL,NULL,NULL,'8ad9907e47333cb7014738fe1b700013','2016-05-20 13:53:13',58,NULL),(1856,NULL,2,5,8,5,0,NULL,NULL,NULL,NULL,NULL,NULL,NULL,'8ad9907e47333cb7014738fe1b700013','2016-05-20 13:53:13',58,NULL),(1857,NULL,2,1,3,1,2,1,NULL,'8ad9907e47333cb7014738fe1b700013','2016-05-25 10:16:04',NULL,NULL,NULL,'8ad9907e47333cb7014738fe1b700013','2016-05-25 10:16:04',59,NULL),(1858,NULL,2,2,3,3,2,1,NULL,'8ad9907e47333cb701473933df140026','2016-05-25 10:17:33','同意',NULL,NULL,'8ad9907e47333cb7014738fe1b700013','2016-05-25 10:16:04',59,NULL),(1859,NULL,2,3,3,NULL,2,1,NULL,'8ad9907e47333cb70147391918dd001c','2016-06-15 12:26:36','',NULL,NULL,'8ad9907e47333cb7014738fe1b700013','2016-05-25 10:16:04',59,NULL),(1860,NULL,2,4,3,6,2,1,NULL,'8ad9907e4a5c69c4014b727d4bc20003','2016-06-22 14:27:13','',NULL,NULL,'8ad9907e47333cb7014738fe1b700013','2016-05-25 10:16:04',59,NULL),(1861,NULL,2,5,8,5,1,NULL,NULL,NULL,NULL,NULL,NULL,NULL,'8ad9907e47333cb7014738fe1b700013','2016-05-25 10:16:04',59,NULL),(1862,NULL,2,1,3,1,2,1,NULL,'8ad9907e47333cb7014738fe1b700013','2016-05-30 16:50:52',NULL,NULL,NULL,'8ad9907e47333cb7014738fe1b700013','2016-05-30 16:50:52',60,NULL),(1863,NULL,2,2,3,3,2,1,NULL,'8ad9907e47333cb701473933df140026','2016-05-30 16:51:17','同意',NULL,NULL,'8ad9907e47333cb7014738fe1b700013','2016-05-30 16:50:52',60,NULL),(1864,NULL,2,3,3,NULL,2,1,NULL,'8ad9907e47333cb70147391918dd001c','2016-05-30 16:53:00','同意。',NULL,NULL,'8ad9907e47333cb7014738fe1b700013','2016-05-30 16:50:52',60,NULL),(1865,NULL,2,4,3,6,2,1,NULL,'8ad9907e4a5c69c4014b727d4bc20003','2016-05-30 16:55:54','',NULL,NULL,'8ad9907e47333cb7014738fe1b700013','2016-05-30 16:50:52',60,NULL),(1866,NULL,2,5,8,5,1,NULL,NULL,NULL,NULL,NULL,NULL,NULL,'8ad9907e47333cb7014738fe1b700013','2016-05-30 16:50:52',60,NULL),(1867,NULL,2,1,3,1,2,1,NULL,'8ad9907e47333cb7014738fe1b700013','2016-06-13 08:52:48',NULL,NULL,NULL,'8ad9907e47333cb7014738fe1b700013','2016-06-13 08:52:48',61,NULL),(1868,NULL,2,2,3,3,2,1,NULL,'8ad9907e47333cb701473933df140026','2016-06-13 08:53:39','同意',NULL,NULL,'8ad9907e47333cb7014738fe1b700013','2016-06-13 08:52:48',61,NULL),(1869,NULL,2,3,3,NULL,2,1,NULL,'8ad9907e47333cb70147391918dd001c','2016-06-15 12:26:26','',NULL,NULL,'8ad9907e47333cb7014738fe1b700013','2016-06-13 08:52:48',61,NULL),(1870,NULL,2,4,3,6,2,1,NULL,'8ad9907e4a5c69c4014b727d4bc20003','2016-06-22 14:26:33','',NULL,NULL,'8ad9907e47333cb7014738fe1b700013','2016-06-13 08:52:48',61,NULL),(1871,NULL,2,1,3,1,2,1,NULL,'8ad9907e47333cb7014738fe1b700013','2016-06-15 10:25:21',NULL,NULL,NULL,'8ad9907e47333cb7014738fe1b700013','2016-06-15 10:25:21',62,NULL),(1872,NULL,2,2,3,3,2,1,NULL,'8ad9907e47333cb701473933df140026','2016-06-15 10:26:09','同意',NULL,NULL,'8ad9907e47333cb7014738fe1b700013','2016-06-15 10:25:21',62,NULL),(1873,NULL,2,3,3,NULL,2,1,NULL,'8ad9907e47333cb70147391918dd001c','2016-06-15 12:26:20','',NULL,NULL,'8ad9907e47333cb7014738fe1b700013','2016-06-15 10:25:21',62,NULL),(1874,NULL,2,4,3,6,2,1,NULL,'8ad9907e4a5c69c4014b727d4bc20003','2016-06-22 14:27:02','',NULL,NULL,'8ad9907e47333cb7014738fe1b700013','2016-06-15 10:25:21',62,NULL),(1875,NULL,2,1,3,1,2,1,NULL,'8ad9907e47333cb7014738fe1b700013','2016-06-23 13:31:48',NULL,NULL,NULL,'8ad9907e47333cb7014738fe1b700013','2016-06-23 13:31:48',65,NULL),(1876,NULL,2,2,3,3,2,1,NULL,'8ad9907e47333cb701473933df140026','2016-06-23 13:33:47','同意',NULL,NULL,'8ad9907e47333cb7014738fe1b700013','2016-06-23 13:31:48',65,NULL),(1877,NULL,2,3,3,NULL,1,NULL,NULL,NULL,NULL,NULL,NULL,NULL,'8ad9907e47333cb7014738fe1b700013','2016-06-23 13:31:48',65,NULL),(1878,NULL,2,4,3,6,0,NULL,NULL,NULL,NULL,NULL,NULL,NULL,'8ad9907e47333cb7014738fe1b700013','2016-06-23 13:31:48',65,NULL),(1879,NULL,2,1,3,1,2,1,NULL,'8ad9907e47333cb7014738fe1b700013','2016-07-06 16:26:39',NULL,NULL,NULL,'8ad9907e47333cb7014738fe1b700013','2016-07-06 16:26:39',66,NULL),(1880,NULL,2,2,3,3,2,1,NULL,'8ad9907e47333cb701473933df140026','2016-07-06 16:27:11','',NULL,NULL,'8ad9907e47333cb7014738fe1b700013','2016-07-06 16:26:39',66,NULL),(1881,NULL,2,3,3,NULL,2,1,NULL,'8ad9907e55a527030155a53a10110001','2016-08-02 08:51:03','',NULL,NULL,'8ad9907e47333cb7014738fe1b700013','2016-07-06 16:26:39',66,NULL),(1882,NULL,2,4,3,6,2,1,NULL,'8ad9907e4a5c69c4014b727d4bc20003','2016-08-04 08:30:59','',NULL,NULL,'8ad9907e47333cb7014738fe1b700013','2016-07-06 16:26:39',66,NULL),(1883,NULL,2,5,8,5,1,NULL,NULL,NULL,NULL,NULL,NULL,NULL,'8ad9907e47333cb7014738fe1b700013','2016-07-06 16:26:39',66,NULL),(1884,NULL,2,1,3,1,2,1,NULL,'8ad9907e47333cb7014738fe1b700013','2016-07-18 12:36:12',NULL,NULL,NULL,'8ad9907e47333cb7014738fe1b700013','2016-07-18 12:36:12',67,NULL),(1885,NULL,2,2,3,3,2,1,NULL,'8ad9907e47333cb701473933df140026','2016-07-18 12:36:28','',NULL,NULL,'8ad9907e47333cb7014738fe1b700013','2016-07-18 12:36:12',67,NULL),(1886,NULL,2,3,3,NULL,2,1,NULL,'8ad9907e55a527030155a53a10110001','2016-08-02 08:50:23','',NULL,NULL,'8ad9907e47333cb7014738fe1b700013','2016-07-18 12:36:12',67,NULL),(1887,NULL,2,4,3,6,2,1,NULL,'8ad9907e4a5c69c4014b727d4bc20003','2016-08-04 08:30:47','',NULL,NULL,'8ad9907e47333cb7014738fe1b700013','2016-07-18 12:36:12',67,NULL),(1888,NULL,2,5,8,5,1,NULL,NULL,NULL,NULL,NULL,NULL,NULL,'8ad9907e47333cb7014738fe1b700013','2016-07-18 12:36:12',67,NULL),(1889,NULL,2,1,3,1,2,1,NULL,'8ad9907e47333cb7014738fe1b700013','2016-07-26 15:30:34',NULL,NULL,NULL,'8ad9907e47333cb7014738fe1b700013','2016-07-26 15:30:34',68,NULL),(1890,NULL,2,2,3,3,2,1,NULL,'8ad9907e47333cb701473933df140026','2016-07-27 14:17:05','',NULL,NULL,'8ad9907e47333cb7014738fe1b700013','2016-07-26 15:30:34',68,NULL),(1891,NULL,2,3,3,NULL,2,1,NULL,'8ad9907e55a527030155a53a10110001','2016-08-02 09:01:48','',NULL,NULL,'8ad9907e47333cb7014738fe1b700013','2016-07-26 15:30:34',68,NULL),(1892,NULL,2,4,3,6,2,1,NULL,'8ad9907e4a5c69c4014b727d4bc20003','2016-08-04 08:32:11','',NULL,NULL,'8ad9907e47333cb7014738fe1b700013','2016-07-26 15:30:34',68,NULL),(1893,NULL,2,5,8,5,2,1,NULL,'2c9f02ba3ca2d52f013ca32855dc000a','2016-08-09 11:48:17','',NULL,NULL,'8ad9907e47333cb7014738fe1b700013','2016-07-26 15:30:34',68,NULL),(1894,NULL,2,1,3,1,2,1,NULL,'8ad9907e47333cb7014738fe1b700013','2016-07-26 15:35:00',NULL,NULL,NULL,'8ad9907e47333cb7014738fe1b700013','2016-07-26 15:35:00',69,NULL),(1895,NULL,2,2,3,3,2,1,NULL,'8ad9907e47333cb701473933df140026','2016-07-27 14:17:01','',NULL,NULL,'8ad9907e47333cb7014738fe1b700013','2016-07-26 15:35:00',69,NULL),(1896,NULL,2,3,3,NULL,2,1,NULL,'8ad9907e55a527030155a53a10110001','2016-08-02 08:50:18','',NULL,NULL,'8ad9907e47333cb7014738fe1b700013','2016-07-26 15:35:00',69,NULL),(1897,NULL,2,4,3,6,2,1,NULL,'8ad9907e4a5c69c4014b727d4bc20003','2016-08-04 08:29:51','',NULL,NULL,'8ad9907e47333cb7014738fe1b700013','2016-07-26 15:35:00',69,NULL),(1898,NULL,2,1,3,1,2,1,NULL,'8ad9907e47333cb7014738fe1b700013','2016-07-27 14:16:07',NULL,NULL,NULL,'8ad9907e47333cb7014738fe1b700013','2016-07-27 14:16:07',70,NULL),(1899,NULL,2,2,3,3,2,1,NULL,'8ad9907e47333cb701473933df140026','2016-07-27 14:16:56','',NULL,NULL,'8ad9907e47333cb7014738fe1b700013','2016-07-27 14:16:07',70,NULL),(1900,NULL,2,3,3,NULL,2,2,NULL,'8ad9907e55a527030155a53a10110001','2016-07-27 14:19:56','同意。',NULL,NULL,'8ad9907e47333cb7014738fe1b700013','2016-07-27 14:16:07',70,NULL),(1901,NULL,2,4,3,6,-1,NULL,NULL,NULL,NULL,NULL,NULL,NULL,'8ad9907e47333cb7014738fe1b700013','2016-07-27 14:16:07',70,NULL),(1902,NULL,2,5,8,5,-1,NULL,NULL,NULL,NULL,NULL,NULL,NULL,'8ad9907e47333cb7014738fe1b700013','2016-07-27 14:16:07',70,NULL),(1903,NULL,2,1,3,1,2,1,NULL,'8ad9907e47333cb7014738fe1b700013','2016-07-27 14:24:45',NULL,NULL,NULL,'8ad9907e47333cb7014738fe1b700013','2016-07-27 14:24:45',71,NULL),(1904,NULL,2,2,3,3,2,1,NULL,'8ad9907e47333cb701473933df140026','2016-07-27 14:28:49','',NULL,NULL,'8ad9907e47333cb7014738fe1b700013','2016-07-27 14:24:45',71,NULL),(1905,NULL,2,3,3,NULL,2,1,NULL,'8ad9907e55a527030155a53a10110001','2016-07-27 14:29:20','同意',NULL,NULL,'8ad9907e47333cb7014738fe1b700013','2016-07-27 14:24:45',71,NULL),(1906,NULL,2,4,3,6,2,1,NULL,'8ad9907e4a5c69c4014b727d4bc20003','2016-07-27 14:34:13','',NULL,NULL,'8ad9907e47333cb7014738fe1b700013','2016-07-27 14:24:45',71,NULL),(1907,NULL,2,5,8,5,2,1,NULL,'2c9f02ba3ca2d52f013ca32855dc000a','2016-08-09 11:41:12','',NULL,NULL,'8ad9907e47333cb7014738fe1b700013','2016-07-27 14:24:45',71,NULL),(1908,NULL,2,1,3,1,2,1,NULL,'8ad9907e47333cb7014738fe1b700013','2016-08-15 14:59:45',NULL,NULL,NULL,'8ad9907e47333cb7014738fe1b700013','2016-08-15 14:59:45',72,NULL),(1909,NULL,2,2,3,3,2,1,NULL,'8ad9907e47333cb701473933df140026','2016-08-15 15:01:41','',NULL,NULL,'8ad9907e47333cb7014738fe1b700013','2016-08-15 14:59:45',72,NULL),(1910,NULL,2,3,3,NULL,2,1,NULL,'8ad9907e55a527030155a53a10110001','2016-08-15 15:15:13','',NULL,NULL,'8ad9907e47333cb7014738fe1b700013','2016-08-15 14:59:45',72,NULL),(1911,NULL,2,4,3,6,2,1,NULL,'8ad9907e4a5c69c4014b727d4bc20003','2016-09-06 16:42:50','',NULL,NULL,'8ad9907e47333cb7014738fe1b700013','2016-08-15 14:59:45',72,NULL),(1912,NULL,2,5,8,5,1,NULL,NULL,NULL,NULL,NULL,NULL,NULL,'8ad9907e47333cb7014738fe1b700013','2016-08-15 14:59:45',72,NULL),(1913,NULL,2,1,3,1,2,1,NULL,'8ad9907e47333cb7014738fe1b700013','2016-08-19 15:36:04',NULL,NULL,NULL,'8ad9907e47333cb7014738fe1b700013','2016-08-19 15:36:04',73,NULL),(1914,NULL,2,2,3,3,2,1,NULL,'8ad9907e47333cb701473933df140026','2016-08-26 16:31:58','',NULL,NULL,'8ad9907e47333cb7014738fe1b700013','2016-08-19 15:36:04',73,NULL),(1915,NULL,2,3,3,NULL,1,NULL,NULL,NULL,NULL,NULL,NULL,NULL,'8ad9907e47333cb7014738fe1b700013','2016-08-19 15:36:04',73,NULL),(1916,NULL,2,4,3,6,0,NULL,NULL,NULL,NULL,NULL,NULL,NULL,'8ad9907e47333cb7014738fe1b700013','2016-08-19 15:36:04',73,NULL),(1917,NULL,2,5,8,5,0,NULL,NULL,NULL,NULL,NULL,NULL,NULL,'8ad9907e47333cb7014738fe1b700013','2016-08-19 15:36:04',73,NULL),(1918,NULL,2,1,3,1,2,1,NULL,'8ad9907e47333cb7014738fe1b700013','2016-08-31 15:58:54',NULL,NULL,NULL,'8ad9907e47333cb7014738fe1b700013','2016-08-31 15:58:54',74,NULL),(1919,NULL,2,2,3,3,2,1,NULL,'8ad9907e47333cb701473933df140026','2016-08-31 16:06:21','',NULL,NULL,'8ad9907e47333cb7014738fe1b700013','2016-08-31 15:58:54',74,NULL),(1920,NULL,2,3,3,NULL,2,1,NULL,'8ad9907e55a527030155a53a10110001','2016-08-31 16:35:26','同意',NULL,NULL,'8ad9907e47333cb7014738fe1b700013','2016-08-31 15:58:54',74,NULL),(1921,NULL,2,4,3,6,2,1,NULL,'8ad9907e4a5c69c4014b727d4bc20003','2016-09-06 16:42:00','',NULL,NULL,'8ad9907e47333cb7014738fe1b700013','2016-08-31 15:58:54',74,NULL),(1922,NULL,2,5,8,5,2,1,NULL,'2c9f02ba3ca2d52f013ca32855dc000a','2016-09-07 13:08:49','加强对该种类型项目的技术积累,尽快组建好前期投标团队,根据此前公司决议,请王总负责市场前期,戴总协助,业务费用做为专向经费,请财务部按进度监督实施。',NULL,NULL,'8ad9907e47333cb7014738fe1b700013','2016-08-31 15:58:54',74,NULL),(1923,NULL,2,1,3,1,2,1,NULL,'8ad9907e47333cb7014738fe1b700013','2016-09-01 16:30:57',NULL,NULL,NULL,'8ad9907e47333cb7014738fe1b700013','2016-09-01 16:30:57',75,NULL),(1924,NULL,2,2,3,3,2,1,NULL,'8ad9907e47333cb701473933df140026','2016-09-05 09:30:37','',NULL,NULL,'8ad9907e47333cb7014738fe1b700013','2016-09-01 16:30:57',75,NULL),(1925,NULL,2,3,3,NULL,2,1,NULL,'8ad9907e55a527030155a53a10110001','2016-09-05 09:32:09','',NULL,NULL,'8ad9907e47333cb7014738fe1b700013','2016-09-01 16:30:57',75,NULL),(1926,NULL,2,4,3,6,2,1,NULL,'8ad9907e4a5c69c4014b727d4bc20003','2016-09-06 16:42:34','',NULL,NULL,'8ad9907e47333cb7014738fe1b700013','2016-09-01 16:30:57',75,NULL),(1927,NULL,2,5,8,5,1,NULL,NULL,NULL,NULL,NULL,NULL,NULL,'8ad9907e47333cb7014738fe1b700013','2016-09-01 16:30:57',75,NULL),(1928,NULL,2,1,3,1,2,1,NULL,'8ad9907e47333cb7014738fe1b700013','2016-09-13 14:38:36',NULL,NULL,NULL,'8ad9907e47333cb7014738fe1b700013','2016-09-13 14:38:36',76,NULL),(1929,NULL,2,2,3,3,2,1,NULL,'8ad9907e47333cb701473933df140026','2016-09-13 14:43:33','',NULL,NULL,'8ad9907e47333cb7014738fe1b700013','2016-09-13 14:38:36',76,NULL),(1930,NULL,2,3,3,NULL,2,1,NULL,'8ad9907e55a527030155a53a10110001','2016-09-18 10:38:50','',NULL,NULL,'8ad9907e47333cb7014738fe1b700013','2016-09-13 14:38:36',76,NULL),(1931,NULL,2,4,3,6,2,1,NULL,'8ad9907e4a5c69c4014b727d4bc20003','2016-09-18 10:49:06','',NULL,NULL,'8ad9907e47333cb7014738fe1b700013','2016-09-13 14:38:36',76,NULL),(1932,NULL,2,1,3,1,2,1,NULL,'8ad9907e47333cb7014738fe1b700013','2016-09-18 09:37:06',NULL,NULL,NULL,'8ad9907e47333cb7014738fe1b700013','2016-09-18 09:37:06',77,NULL),(1933,NULL,2,2,3,3,2,1,NULL,'8ad9907e47333cb701473933df140026','2016-09-18 09:37:34','',NULL,NULL,'8ad9907e47333cb7014738fe1b700013','2016-09-18 09:37:06',77,NULL),(1934,NULL,2,3,3,NULL,2,1,NULL,'8ad9907e55a527030155a53a10110001','2016-09-18 09:39:20','',NULL,NULL,'8ad9907e47333cb7014738fe1b700013','2016-09-18 09:37:06',77,NULL),(1935,NULL,2,4,3,6,2,1,NULL,'8ad9907e4a5c69c4014b727d4bc20003','2016-09-18 09:39:55','',NULL,NULL,'8ad9907e47333cb7014738fe1b700013','2016-09-18 09:37:06',77,NULL),(1936,NULL,3,1,3,1,2,1,NULL,'8ad9907e47333cb7014738fe1b700013','2016-09-18 10:11:31',NULL,NULL,NULL,'8ad9907e47333cb7014738fe1b700013','2016-09-18 10:11:31',77,NULL),(1937,NULL,3,2,3,3,2,1,NULL,'8ad9907e47333cb701473933df140026','2016-09-18 10:23:14','',NULL,NULL,'8ad9907e47333cb7014738fe1b700013','2016-09-18 10:11:31',77,NULL),(1938,NULL,3,3,6,8,2,1,NULL,'2c9f02c03c19415f013c19422e740002','2016-09-18 10:26:09','',NULL,NULL,'8ad9907e47333cb7014738fe1b700013','2016-09-18 10:11:31',77,NULL),(1939,NULL,3,4,6,NULL,2,1,NULL,'2c9f02ba3ca2d52f013ca32c298e0010','2016-09-18 10:26:35','',NULL,NULL,'8ad9907e47333cb7014738fe1b700013','2016-09-18 10:11:31',77,NULL),(1940,NULL,3,4,2,NULL,2,1,NULL,'8ad9907e55a527030155a55065360004','2016-09-18 10:26:23','',NULL,NULL,'8ad9907e47333cb7014738fe1b700013','2016-09-18 10:11:31',77,NULL),(1941,NULL,3,4,3,NULL,2,1,NULL,'8ad9907e55a527030155a53a10110001','2016-09-18 10:26:53','',NULL,NULL,'8ad9907e47333cb7014738fe1b700013','2016-09-18 10:11:31',77,NULL),(1942,NULL,3,4,1,NULL,1,NULL,NULL,NULL,NULL,NULL,NULL,NULL,'8ad9907e47333cb7014738fe1b700013','2016-09-18 10:11:31',77,NULL),(1943,NULL,3,4,4,NULL,2,1,NULL,'2c9f02ba3ca2d52f013ca32e3e930014','2016-09-18 10:32:37','',NULL,NULL,'8ad9907e47333cb7014738fe1b700013','2016-09-18 10:11:31',77,NULL),(1944,NULL,3,5,3,6,0,NULL,NULL,NULL,NULL,NULL,NULL,NULL,'8ad9907e47333cb7014738fe1b700013','2016-09-18 10:11:31',77,NULL),(1945,NULL,3,6,8,5,0,NULL,NULL,NULL,NULL,NULL,NULL,NULL,'8ad9907e47333cb7014738fe1b700013','2016-09-18 10:11:31',77,NULL),(1946,NULL,2,1,3,1,2,1,NULL,'8ad9907e47333cb7014738fe1b700013','2016-09-28 14:05:54',NULL,NULL,NULL,'8ad9907e47333cb7014738fe1b700013','2016-09-28 14:05:54',78,NULL),(1947,NULL,2,2,3,3,1,NULL,NULL,NULL,NULL,NULL,NULL,NULL,'8ad9907e47333cb7014738fe1b700013','2016-09-28 14:05:54',78,NULL),(1948,NULL,2,3,3,NULL,0,NULL,NULL,NULL,NULL,NULL,NULL,NULL,'8ad9907e47333cb7014738fe1b700013','2016-09-28 14:05:54',78,NULL),(1949,NULL,2,4,3,6,0,NULL,NULL,NULL,NULL,NULL,NULL,NULL,'8ad9907e47333cb7014738fe1b700013','2016-09-28 14:05:54',78,NULL),(1950,NULL,2,5,8,5,0,NULL,NULL,NULL,NULL,NULL,NULL,NULL,'8ad9907e47333cb7014738fe1b700013','2016-09-28 14:05:54',78,NULL),(1951,NULL,2,1,3,1,2,1,NULL,'8ad9907e47333cb7014738fe1b700013','2016-10-25 11:55:36',NULL,NULL,NULL,'8ad9907e47333cb7014738fe1b700013','2016-10-25 11:55:36',79,NULL),(1952,NULL,2,2,3,3,2,1,NULL,'8ad9907e47333cb7014738d72129000a','2016-10-25 13:17:30','',NULL,NULL,'8ad9907e47333cb7014738fe1b700013','2016-10-25 11:55:36',79,NULL),(1953,NULL,2,3,3,NULL,2,1,NULL,'8ad9907e55a527030155a53a10110001','2016-10-25 13:17:50','',NULL,NULL,'8ad9907e47333cb7014738fe1b700013','2016-10-25 11:55:36',79,NULL),(1954,NULL,2,4,3,6,2,1,NULL,'8ad9907e4a5c69c4014b727d4bc20003','2016-11-01 14:41:29','',NULL,NULL,'8ad9907e47333cb7014738fe1b700013','2016-10-25 11:55:36',79,NULL),(1955,NULL,2,1,3,1,2,1,NULL,'8ad9907e47333cb7014738fe1b700013','2016-10-25 11:58:06',NULL,NULL,NULL,'8ad9907e47333cb7014738fe1b700013','2016-10-25 11:58:06',80,NULL),(1956,NULL,2,2,3,3,2,1,NULL,'8ad9907e47333cb7014738d72129000a','2016-10-25 13:17:26','',NULL,NULL,'8ad9907e47333cb7014738fe1b700013','2016-10-25 11:58:06',80,NULL),(1957,NULL,2,3,3,NULL,2,1,NULL,'8ad9907e55a527030155a53a10110001','2016-10-25 13:17:45','',NULL,NULL,'8ad9907e47333cb7014738fe1b700013','2016-10-25 11:58:06',80,NULL),(1958,NULL,2,4,3,6,2,1,NULL,'8ad9907e4a5c69c4014b727d4bc20003','2016-11-01 14:41:17','',NULL,NULL,'8ad9907e47333cb7014738fe1b700013','2016-10-25 11:58:06',80,NULL),(1959,NULL,2,5,8,5,1,NULL,NULL,NULL,NULL,NULL,NULL,NULL,'8ad9907e47333cb7014738fe1b700013','2016-10-25 11:58:06',80,NULL),(1960,NULL,2,1,3,1,2,1,NULL,'8ad9907e47333cb7014738fe1b700013','2016-10-25 12:00:21',NULL,NULL,NULL,'8ad9907e47333cb7014738fe1b700013','2016-10-25 12:00:21',81,NULL),(1961,NULL,2,2,3,3,2,1,NULL,'8ad9907e47333cb7014738d72129000a','2016-10-25 13:17:19','',NULL,NULL,'8ad9907e47333cb7014738fe1b700013','2016-10-25 12:00:21',81,NULL),(1962,NULL,2,3,3,NULL,2,1,NULL,'8ad9907e55a527030155a53a10110001','2016-10-25 13:17:41','',NULL,NULL,'8ad9907e47333cb7014738fe1b700013','2016-10-25 12:00:21',81,NULL),(1963,NULL,2,4,3,6,2,1,NULL,'8ad9907e4a5c69c4014b727d4bc20003','2016-11-01 14:41:04','',NULL,NULL,'8ad9907e47333cb7014738fe1b700013','2016-10-25 12:00:21',81,NULL),(1964,NULL,2,5,8,5,1,NULL,NULL,NULL,NULL,NULL,NULL,NULL,'8ad9907e47333cb7014738fe1b700013','2016-10-25 12:00:21',81,NULL),(1965,NULL,2,1,3,1,2,1,NULL,'8ad9907e47333cb7014738fe1b700013','2016-11-15 10:52:53',NULL,NULL,NULL,'8ad9907e47333cb7014738fe1b700013','2016-11-15 10:52:53',82,NULL),(1966,NULL,2,2,3,14,1,NULL,NULL,NULL,NULL,NULL,NULL,NULL,'8ad9907e47333cb7014738fe1b700013','2016-11-15 10:52:53',82,NULL),(1967,NULL,2,3,3,NULL,0,NULL,NULL,NULL,NULL,NULL,NULL,NULL,'8ad9907e47333cb7014738fe1b700013','2016-11-15 10:52:53',82,NULL),(1968,NULL,2,4,4,6,0,NULL,NULL,NULL,NULL,NULL,NULL,NULL,'8ad9907e47333cb7014738fe1b700013','2016-11-15 10:52:53',82,NULL),(1969,NULL,2,5,3,6,0,NULL,NULL,NULL,NULL,NULL,NULL,NULL,'8ad9907e47333cb7014738fe1b700013','2016-11-15 10:52:53',82,NULL),(1970,NULL,2,6,8,5,0,NULL,NULL,NULL,NULL,NULL,NULL,NULL,'8ad9907e47333cb7014738fe1b700013','2016-11-15 10:52:53',82,NULL),(1971,NULL,2,1,3,1,2,1,NULL,'8ad9907e47333cb7014738fe1b700013','2016-11-15 10:56:08',NULL,NULL,NULL,'8ad9907e47333cb7014738fe1b700013','2016-11-15 10:56:08',83,NULL),(1972,NULL,2,2,3,14,1,NULL,NULL,NULL,NULL,NULL,NULL,NULL,'8ad9907e47333cb7014738fe1b700013','2016-11-15 10:56:08',83,NULL),(1973,NULL,2,3,3,NULL,0,NULL,NULL,NULL,NULL,NULL,NULL,NULL,'8ad9907e47333cb7014738fe1b700013','2016-11-15 10:56:08',83,NULL),(1974,NULL,2,4,4,6,0,NULL,NULL,NULL,NULL,NULL,NULL,NULL,'8ad9907e47333cb7014738fe1b700013','2016-11-15 10:56:08',83,NULL),(1975,NULL,2,5,3,6,0,NULL,NULL,NULL,NULL,NULL,NULL,NULL,'8ad9907e47333cb7014738fe1b700013','2016-11-15 10:56:08',83,NULL),(1976,66,5,1,3,1,2,1,NULL,'8ad9907e47333cb7014738fe1b700013','2016-11-15 11:49:21',NULL,NULL,NULL,'8ad9907e47333cb7014738fe1b700013','2016-11-15 11:49:21',NULL,184),(1977,66,5,2,3,14,1,NULL,NULL,NULL,NULL,NULL,NULL,NULL,'8ad9907e47333cb7014738fe1b700013','2016-11-15 11:49:21',NULL,184),(1978,66,5,3,3,NULL,0,NULL,NULL,NULL,NULL,NULL,NULL,NULL,'8ad9907e47333cb7014738fe1b700013','2016-11-15 11:49:21',NULL,184),(1979,66,5,4,3,3,0,NULL,NULL,NULL,NULL,NULL,NULL,NULL,'8ad9907e47333cb7014738fe1b700013','2016-11-15 11:49:21',NULL,184),(1980,66,5,5,2,NULL,0,NULL,NULL,NULL,NULL,NULL,NULL,NULL,'8ad9907e47333cb7014738fe1b700013','2016-11-15 11:49:21',NULL,184),(1981,66,5,5,4,NULL,0,NULL,NULL,NULL,NULL,NULL,NULL,NULL,'8ad9907e47333cb7014738fe1b700013','2016-11-15 11:49:21',NULL,184),(1982,66,5,6,3,6,0,NULL,NULL,NULL,NULL,NULL,NULL,NULL,'8ad9907e47333cb7014738fe1b700013','2016-11-15 11:49:21',NULL,184),(1983,66,5,7,8,5,0,NULL,NULL,NULL,NULL,NULL,NULL,NULL,'8ad9907e47333cb7014738fe1b700013','2016-11-15 11:49:21',NULL,184),(1984,63,6,1,3,1,2,1,NULL,'8ad9907e47333cb7014738fe1b700013','2016-11-15 15:21:50',NULL,NULL,NULL,'8ad9907e47333cb7014738fe1b700013','2016-11-15 15:21:50',NULL,187),(1985,63,6,2,3,14,1,NULL,NULL,NULL,NULL,NULL,NULL,NULL,'8ad9907e47333cb7014738fe1b700013','2016-11-15 15:21:50',NULL,187),(1986,63,6,3,3,NULL,0,NULL,NULL,NULL,NULL,NULL,NULL,NULL,'8ad9907e47333cb7014738fe1b700013','2016-11-15 15:21:50',NULL,187),(1987,63,6,4,3,6,0,NULL,NULL,NULL,NULL,NULL,NULL,NULL,'8ad9907e47333cb7014738fe1b700013','2016-11-15 15:21:50',NULL,187),(1988,63,6,5,3,3,0,NULL,NULL,NULL,NULL,NULL,NULL,NULL,'8ad9907e47333cb7014738fe1b700013','2016-11-15 15:21:50',NULL,187),(1989,63,6,6,2,NULL,0,NULL,NULL,NULL,NULL,NULL,NULL,NULL,'8ad9907e47333cb7014738fe1b700013','2016-11-15 15:21:50',NULL,187),(1990,63,6,6,4,NULL,0,NULL,NULL,NULL,NULL,NULL,NULL,NULL,'8ad9907e47333cb7014738fe1b700013','2016-11-15 15:21:50',NULL,187),(1991,63,6,6,6,NULL,0,NULL,NULL,NULL,NULL,NULL,NULL,NULL,'8ad9907e47333cb7014738fe1b700013','2016-11-15 15:21:50',NULL,187),(1992,63,6,7,2,6,0,NULL,NULL,NULL,NULL,NULL,NULL,NULL,'8ad9907e47333cb7014738fe1b700013','2016-11-15 15:21:50',NULL,187),(1993,63,6,7,4,6,0,NULL,NULL,NULL,NULL,NULL,NULL,NULL,'8ad9907e47333cb7014738fe1b700013','2016-11-15 15:21:50',NULL,187),(1994,63,6,7,6,6,0,NULL,NULL,NULL,NULL,NULL,NULL,NULL,'8ad9907e47333cb7014738fe1b700013','2016-11-15 15:21:50',NULL,187),(1995,63,6,8,8,5,0,NULL,NULL,NULL,NULL,NULL,NULL,NULL,'8ad9907e47333cb7014738fe1b700013','2016-11-15 15:21:50',NULL,187);
/*!40000 ALTER TABLE `check_task` ENABLE KEYS */;
UNLOCK TABLES;

--
-- Table structure for table `competitor_tender_result`
--

DROP TABLE IF EXISTS `competitor_tender_result`;
/*!40101 SET @saved_cs_client     = @@character_set_client */;
/*!40101 SET character_set_client = utf8 */;
CREATE TABLE `competitor_tender_result` (
  `ctr_id` int(11) NOT NULL AUTO_INCREMENT,
  `ctr_tender_project` int(11) NOT NULL,
  `ctr_competitor` int(11) DEFAULT NULL,
  `ctr_tender_price` double DEFAULT NULL,
  `ctr_tender_result` int(11) DEFAULT NULL,
  `ctr_create_time` datetime DEFAULT NULL,
  `ctr_create_user` varchar(45) DEFAULT NULL,
  PRIMARY KEY (`ctr_id`),
  UNIQUE KEY `ctr_id_UNIQUE` (`ctr_id`)
) ENGINE=InnoDB DEFAULT CHARSET=gbk;
/*!40101 SET character_set_client = @saved_cs_client */;

--
-- Dumping data for table `competitor_tender_result`
--

LOCK TABLES `competitor_tender_result` WRITE;
/*!40000 ALTER TABLE `competitor_tender_result` DISABLE KEYS */;
/*!40000 ALTER TABLE `competitor_tender_result` ENABLE KEYS */;
UNLOCK TABLES;

--
-- Table structure for table `customer`
--

DROP TABLE IF EXISTS `customer`;
/*!40101 SET @saved_cs_client     = @@character_set_client */;
/*!40101 SET character_set_client = utf8 */;
CREATE TABLE `customer` (
  `c_id` int(11) NOT NULL AUTO_INCREMENT,
  `c_type` int(11) NOT NULL,
  `c_name` varchar(100) NOT NULL,
  `c_address` varchar(200) DEFAULT NULL,
  `c_phone` varchar(12) DEFAULT NULL,
  `c_fax` varchar(12) DEFAULT NULL,
  `c_postcode` varchar(10) DEFAULT NULL,
  `c_saleman` varchar(32) DEFAULT NULL,
  `c_contact_person` varchar(10) DEFAULT NULL,
  `c_cellphone` varchar(12) DEFAULT NULL,
  `c_mail` varchar(45) DEFAULT NULL,
  `c_remarks` varchar(200) DEFAULT NULL,
  `c_flag` int(11) NOT NULL,
  `c_create_user` varchar(32) NOT NULL,
  `c_create_time` datetime NOT NULL,
  `c_trade_type` int(11) DEFAULT NULL,
  `c_short_name` varchar(45) DEFAULT NULL,
  `c_nature` int(11) DEFAULT NULL,
  `c_scale` varchar(45) DEFAULT NULL,
  `c_organization_code` varchar(45) DEFAULT NULL,
  PRIMARY KEY (`c_id`)
) ENGINE=InnoDB AUTO_INCREMENT=79 DEFAULT CHARSET=gbk;
/*!40101 SET character_set_client = @saved_cs_client */;

--
-- Dumping data for table `customer`
--

LOCK TABLES `customer` WRITE;
/*!40000 ALTER TABLE `customer` DISABLE KEYS */;
INSERT INTO `customer` VALUES (12,1,'大同集团','土圭','51515504','','',NULL,'','','','',-1,'2c9f02ba3ca2d52f013ca32777ed0009','2014-11-26 09:45:51',NULL,'大同',NULL,'',''),(13,1,'大同集团','紫江','51544406','','',NULL,'','','','',-1,'2c9f02ba3ca2d52f013ca32777ed0009','2014-11-26 10:00:58',1,'大同',NULL,'',''),(14,1,'崇邦新基','思南路','123546','','',NULL,'','','','',-1,'8ad9907e47333cb7014738fdbae90012','2014-12-09 10:03:58',3,'思南路别墅',NULL,'',''),(15,1,'创智天地发展有限公司','淞沪路','6817725','','',NULL,'','','','',-1,'8ad9907e47333cb7014738fdbae90012','2014-12-09 10:05:06',3,'创智天地',NULL,'',''),(16,1,'dddd','fffff','fff','','',NULL,'','','','',-1,'8ad9907e47333cb7014738fe1b700013','2014-12-17 10:24:32',NULL,'',NULL,'',''),(17,1,'山西七一华富生物发电有限公司','山西省襄垣县虒亭镇史家岭村','0355-3334078','','','8ad9907e47333cb7014739188ded001b','','','','',0,'8ad9907e47333cb70147392c2bf80021','2014-12-23 14:36:55',4,'山西华富',NULL,'',''),(18,2,'英利能源（苏州）有限公司','苏州工业园区展业路18号中新生态科技大厦D303/304','051269560265','','',NULL,'','','','',-1,'8ad9907e47333cb70147392c2bf80021','2014-12-24 11:43:56',4,'山西华富',NULL,'',''),(19,2,'上海电气集团股份有限公司中央研究院','中兴路960号','021-26027825','','',NULL,'','','','',0,'8ad9907e47333cb70147392c2bf80021','2014-12-24 11:52:23',4,'山西华富',NULL,'',''),(20,2,'中易建设有限公司','江苏溧阳市码头街173号','051987385676','','',NULL,'','','','',0,'8ad9907e47333cb70147392c2bf80021','2014-12-24 13:31:16',4,'山西华富',NULL,'',''),(21,2,'上海市机电设计研究院有限公司','上海市北京西路1287号','021-62472277','','',NULL,'','','','',0,'8ad9907e47333cb70147392c2bf80021','2014-12-24 13:34:38',4,'',NULL,'',''),(22,2,'石家庄高新技术产业开发区热电煤气公司','石家庄市高新区昆仑大街1号','0311-8591017','','',NULL,'','','','',-1,'8ad9907e47333cb7014738fdbae90012','2014-12-24 14:36:38',4,'',NULL,'',''),(23,2,'上海绿筑光能系统技术有限责任公司','绿筑','123456','','',NULL,'','','','',0,'8ad9907e47333cb70147392c2bf80021','2014-12-24 15:33:09',4,'',NULL,'',''),(24,2,'黑龙江省火电第一工程公司','黑龙江省哈尔滨市南岗区嵩山路37号','0451-8597228','','','8ad9907e47333cb7014738d601b70008','张树德','18246885977','','',-1,'8ad9907e47333cb7014738fdbae90012','2015-01-29 08:26:14',NULL,'',NULL,'',''),(25,2,'黑龙江省火电第一工程公司','黑龙江省哈尔滨市南岗区嵩山路37号','0451-8597228','','','8ad9907e47333cb7014738d601b70008','张树德','18246885977','','',-1,'8ad9907e47333cb7014738fdbae90012','2015-01-29 08:29:23',NULL,'',NULL,'',''),(26,2,'黑龙江省火电第一工程公司','黑龙江省哈尔滨市南岗区嵩山路37号','0451-8597228','','',NULL,'张树德','18246885977','','',-1,'8ad9907e47333cb7014738fdbae90012','2015-01-29 08:30:21',1,'',NULL,'',''),(27,2,'河北省众联能源环保科技有限公司','河北省石家庄市长安区','0311-8508289','','',NULL,'隋利军','13501776252','','',0,'8ad9907e47333cb7014738fdbae90012','2015-01-29 08:32:06',1,'',NULL,'',''),(28,1,'石家庄高新技术产业开发区热电煤气公司','石家庄市高新区昆仑大街1号','0311-8591017','','',NULL,'','','','',0,'8ad9907e47333cb7014738fdbae90012','2015-01-29 08:33:49',1,'',NULL,'',''),(29,2,'河北丰圣企业管理咨询有限公司','石家庄市西三庄街中亚商务A座','15373058200','','',NULL,'','','','',0,'8ad9907e47333cb7014738fdbae90012','2015-01-29 08:37:30',1,'',NULL,'',''),(30,2,'上海守望者喷雾智能系统有限公司','上海市闵行区浦锦路2049弄','021 54481581','','',NULL,'','','','',0,'8ad9907e47333cb7014738fdbae90012','2015-01-29 08:39:05',1,'',NULL,'',''),(31,2,'德梅斯特（上海）环保设备有限公司','苏州市吴江路汾湖开发区莘周路','0512-6328397','','',NULL,'','','','',0,'8ad9907e47333cb7014738fdbae90012','2015-01-29 08:40:27',1,'',NULL,'',''),(32,2,'黑龙江省火电第一工程公司','黑龙江省哈尔滨市南岗区嵩山路37号','0451-8597228','','','8ad9907e47333cb7014738d601b70008','张树德','18246885977','','',-1,'8ad9907e47333cb7014738fdbae90012','2015-01-29 08:41:05',NULL,'',NULL,'',''),(33,2,'黑龙江省火电第一工程公司','黑龙江省哈尔滨市南岗区嵩山路37号','0451-8597228','','',NULL,'张树德','18246885977','','',0,'8ad9907e47333cb7014738fdbae90012','2015-01-29 08:47:37',1,'',NULL,'',''),(34,2,'安徽伟源重工有限公司','安徽郎溪','0510-8560296','','',NULL,'','','','',0,'8ad9907e47333cb7014738fdbae90012','2015-01-29 08:49:23',1,'',NULL,'',''),(35,2,'浙江博世华环保科技有限公司','北京市朝阳区南磨房路37号华腾北搪商务大厦2708','15910688556','','',NULL,'','','','',0,'8ad9907e47333cb7014738fdbae90012','2015-01-29 08:51:15',1,'',NULL,'',''),(36,2,'浙江恒丰泰减速机制造有限公司','浙江温州市三溪工业区中心路','0577-8611929','','',NULL,'','','','',0,'8ad9907e47333cb7014738fdbae90012','2015-01-29 08:52:04',1,'',NULL,'',''),(37,2,'山东明天机械有限公司','山东省章丘市相公镇北工业区','0531-8382856','','',NULL,'','','','',0,'8ad9907e47333cb7014738fdbae90012','2015-01-29 08:52:56',1,'',NULL,'',''),(38,2,'河北阿特拉斯设备制造有限公司','河北省石家庄市太行大街201号','0311-8537632','','',NULL,'','','','',0,'8ad9907e47333cb7014738fdbae90012','2015-01-29 08:53:44',1,'',NULL,'',''),(39,2,'昆山菲萝环保工程装备有限公司','江苏省昆山市开发区熊庄路25号','0512-5033018','','',NULL,'','','','',0,'8ad9907e47333cb7014738fdbae90012','2015-01-29 08:54:16',1,'',NULL,'',''),(40,2,'苏州派尼特机电有限公司','苏州新区长江路华夏五金机电城56幢411','13584847439','','',NULL,'','黄海钧','','',0,'8ad9907e47333cb7014738fdbae90012','2015-01-29 08:54:53',NULL,'',NULL,'',''),(41,2,'河北天鼓鑫宇风机制造有限公司','河北省石家庄市桥西区汇新路6号','0311-8385816','','',NULL,'','','','',0,'8ad9907e47333cb7014738fdbae90012','2015-01-29 08:55:34',1,'',NULL,'',''),(42,2,'上海电气自动化设计研究所有限公司','上海市黄浦区蒙自路360号','021-63018345','','',NULL,'','','','',0,'8ad9907e47333cb7014738fdbae90012','2015-01-29 08:56:36',NULL,'',NULL,'',''),(43,1,'合肥市重点工程建设管理局','合肥市徽州大道183号','18662603985','','',NULL,'','','','',0,'8ad9907e47333cb7014738fe1b700013','2015-01-30 16:04:59',NULL,'',NULL,'',''),(44,1,'庐江县城市污水处理有限责任公司','庐江县庐城镇文昌西路171号','18662603985','','',NULL,'','','','',0,'8ad9907e47333cb7014738fe1b700013','2015-01-30 16:14:30',NULL,'',NULL,'',''),(45,1,'中国水利水电第十三工程局有限公司','深圳市','00000000','','',NULL,'','','','',0,'8ad9907e4a5c69c4014b4d128e530001','2015-02-03 09:38:44',NULL,'中国水利水电第十三工程局',NULL,'',''),(46,4,'扬州明盛环保工程成套有限公司','扬州市江都','00000000','','',NULL,'','','','',0,'8ad9907e4a5c69c4014b4d128e530001','2015-02-03 09:41:04',3,'扬州明盛',NULL,'',''),(47,4,'山西省工业设备安装有限公司','山西省','00000000','','',NULL,'','','','',0,'8ad9907e4a5c69c4014b4d128e530001','2015-02-03 09:54:05',3,'山西工业设备安装',NULL,'',''),(48,1,'山西华富新能生物发电有限公司','山西省襄垣县虒亭镇史家岭村','0355-7441888','','','2c9f02ba3ca2d52f013ca32b6bfa000f','','','','',0,'8ad9907e47333cb70147392c2bf80021','2015-02-03 09:58:17',4,'山西华富秸秆',NULL,'',''),(49,2,'南通市常青建筑安装工程有限公司','常青','1234567','','','2c9f02ba3ca2d52f013ca32b6bfa000f','章洪光','','','',0,'8ad9907e47333cb70147392c2bf80021','2015-02-03 10:13:47',4,'山西华富秸秆',NULL,'',''),(50,2,'江苏省春晖高空建安防腐有限公司','江苏省盐城市大庆中路29号综合楼7F','0515-8308511','','','2c9f02ba3ca2d52f013ca32b6bfa000f','','','','',0,'8ad9907e47333cb70147392c2bf80021','2015-02-05 09:36:12',4,'山西华富秸秆',NULL,'',''),(51,2,'上海牧志节能科技有限公司','共和新路3699号A幢1009室','021-61817539','','','2c9f02ba3ca2d52f013ca32b6bfa000f','','','','',0,'8ad9907e47333cb70147392c2bf80021','2015-02-05 09:49:51',4,'山西华富秸秆',NULL,'',''),(52,2,'青岛捷能汽轮机集团股份有限公司','青岛四流南路102号','053286125179','','','2c9f02ba3ca2d52f013ca32b6bfa000f','','','','',0,'8ad9907e47333cb70147392c2bf80021','2015-02-05 09:55:58',4,'山西华富秸秆',NULL,'',''),(53,2,'河北白沙烟草有限责任公司保定卷烟厂',NULL,NULL,NULL,NULL,NULL,NULL,NULL,NULL,NULL,0,'2c9f02ba3ca2d52f013ca32610e20007','2015-03-09 09:52:23',NULL,NULL,NULL,NULL,NULL),(54,1,'上海立源水处理技术有限责任公司','上海立源','021-34635877','','',NULL,'','','','',0,'8ad9907e47333cb70147392c2bf80021','2015-03-12 10:18:38',4,'设备成套',NULL,'',''),(55,2,'南通立源水业科技发展有限公司','南通立源','051382700686','','',NULL,'','','','',0,'8ad9907e47333cb70147392c2bf80021','2015-03-12 10:25:27',4,'设备成套',NULL,'',''),(56,1,'中国船舶工业集团公司第七〇八研究所','上海市西藏南路1688号','021-63161688','','',NULL,'','','','',0,'2c9f02ba3ca2d52f013ca32777ed0009','2015-03-13 13:58:56',2,'维护保养合同',NULL,'',''),(57,1,'神华包头煤化工有限责任公司','内蒙古包头九原工业园区神华科技园1号','0472-5332950','','',NULL,'郑全海','','','',0,'2c9f02ba3ca2d52f013ca32610e20007','2015-03-27 15:08:38',1,'',NULL,'',''),(58,2,'郑州湘长泵业有限公司','郑州市百花路19号锦绣华庭B座24024室','15039058979','','',NULL,'易政','','','',0,'8ad9907e47333cb70147392c2bf80021','2015-06-15 14:43:33',4,'山西华富秸秆',NULL,'',''),(59,1,'上海京东电力设备安装有限公司','北京东路431弄16号19楼CD室','021-63239963','','',NULL,'','','','',0,'2c9f02ba3ca2d52f013ca32610e20007','2015-06-23 10:32:52',NULL,'',NULL,'',''),(60,1,'青岛热电股份有限公司','青岛市南京路262号','0532-8666130','','',NULL,'','','','',0,'2c9f02ba3ca2d52f013ca32777ed0009','2015-06-30 14:41:38',1,'青岛热电',NULL,'',''),(61,1,'中国能源建设集团湖南火电建设有限公司','湖南省长沙市天心区','18977080191','','',NULL,'潘峰','','','',0,'8ad9907e47333cb70147392af6770020','2015-07-30 15:14:09',NULL,'中国能源建设集团湖南火电建设有限公司',NULL,'',''),(62,1,'广西南能昌菱清洁能源有限公司','广西昌菱','123456','','',NULL,'','','','',-1,'8ad9907e47333cb70147392c2bf80021','2015-07-31 11:07:33',4,'广西昌菱',NULL,'',''),(63,2,'中国能源建设集团湖南省电力设计院有限公司','长沙市劳动西路471号','073185387257','','',NULL,'','','','',0,'8ad9907e47333cb70147392c2bf80021','2015-07-31 16:33:31',4,'广西昌菱',NULL,'',''),(64,1,'上海电气环保热电（南通）有限公司','如皋市石庄镇','123456','','',NULL,'','','','',0,'8ad9907e47333cb70147392c2bf80021','2015-08-24 11:09:50',4,'南通热电项目',NULL,'',''),(65,2,'浙江中科兴环能设备有限公司','浙江省长兴县李家港新世纪工业园区','0572-6603066','','',NULL,'','','','',0,'8ad9907e47333cb70147392c2bf80021','2015-08-24 11:21:55',4,'南通热电项目',NULL,'',''),(66,2,'北京起重运输机械设计研究院','北京东城区雍和宫大街52号','010-84037438','','',NULL,'','','','',0,'8ad9907e47333cb70147392c2bf80021','2015-08-26 10:05:53',4,'南通热电',NULL,'',''),(67,2,'陕西煤业化工集团神木电化发展有限公司',NULL,NULL,NULL,NULL,NULL,NULL,NULL,NULL,NULL,0,'2c9f02ba3ca2d52f013ca32777ed0009','2015-09-08 09:18:18',NULL,NULL,NULL,NULL,NULL),(68,2,'上海自动化仪表有限公司','上海市广中西路191号6号楼6206','021-36129977','','',NULL,'','','','',0,'8ad9907e47333cb70147392c2bf80021','2015-09-10 10:44:14',4,'山西华富秸秆',NULL,'',''),(69,2,'江苏瑞洁环境工程科技有限责任公司','江苏省盐城市盐都区学福镇奎园路1号','051583306216','','',NULL,'','','','',0,'8ad9907e47333cb70147392c2bf80021','2015-11-12 15:43:24',4,'南通热电项目',NULL,'',''),(70,4,'上海海达科技工程有限公司','四平路283号2号808楼','13003238588','','',NULL,'','','','',0,'8ad9907e47333cb7014738fdbae90012','2015-11-27 10:00:14',1,'',4,'',''),(71,4,'上海梅思泰克环境股份有限公司','国和路490号11楼','65270986','','',NULL,'','','','',0,'2c9f02ba3ca2d52f013ca32777ed0009','2015-12-02 14:10:43',1,'梅思泰克',4,'',''),(72,2,'南通万达锅炉有限公司','江苏省南通市钟秀中路133号','051383559815','','',NULL,'','','','',0,'8ad9907e47333cb70147392c2bf80021','2015-12-04 10:54:01',4,'南通热电',NULL,'',''),(73,1,'上海竹园工程管理有限公司','浦东新区竹园商贸地块','32557272','','',NULL,'','','','',0,'2c9f02ba3ca2d52f013ca32777ed0009','2015-12-09 09:40:14',NULL,'',NULL,'',''),(74,2,'上海电气集团上海电机厂有限公司','上海闵行江川路555号','54750755','','',NULL,'','','','',0,'8ad9907e47333cb70147392c2bf80021','2016-01-06 09:55:00',4,'',NULL,'',''),(75,2,'上海汽轮机厂有限公司','上海闵行区江川路333号','021-64358331','','',NULL,'','','','',0,'8ad9907e47333cb70147392c2bf80021','2016-01-06 09:57:30',4,'',NULL,'',''),(76,2,'上海境琛环境科技有限公司','上海市徐汇区吴兴路278号17楼D座','021-54610778','','',NULL,'','','','',0,'8ad9907e47333cb70147392c2bf80021','2016-03-02 14:33:14',4,'',NULL,'',''),(77,1,'青岛恒源热电有限公司','青岛开发区渭河路777号','0532-5881826','','',NULL,'','','','',0,'8ad9907e47333cb7014738fe1b700013','2016-04-18 09:05:30',NULL,'',NULL,'',''),(78,1,'杭州红山热电有限公司','杭州市萧山区红山农场红山大道779号','0571-2287356','','',NULL,'','','','',0,'8ad9907e47333cb7014738fe1b700013','2016-05-03 10:16:46',1,'杭州红山热电有限公司',NULL,'','');
/*!40000 ALTER TABLE `customer` ENABLE KEYS */;
UNLOCK TABLES;

--
-- Table structure for table `customer_nature`
--

DROP TABLE IF EXISTS `customer_nature`;
/*!40101 SET @saved_cs_client     = @@character_set_client */;
/*!40101 SET character_set_client = utf8 */;
CREATE TABLE `customer_nature` (
  `cn_id` int(11) NOT NULL AUTO_INCREMENT,
  `cn_name` varchar(45) NOT NULL,
  `cn_flag` int(11) NOT NULL,
  PRIMARY KEY (`cn_id`),
  UNIQUE KEY `cn_id_UNIQUE` (`cn_id`)
) ENGINE=InnoDB AUTO_INCREMENT=9 DEFAULT CHARSET=gbk;
/*!40101 SET character_set_client = @saved_cs_client */;

--
-- Dumping data for table `customer_nature`
--

LOCK TABLES `customer_nature` WRITE;
/*!40000 ALTER TABLE `customer_nature` DISABLE KEYS */;
INSERT INTO `customer_nature` VALUES (1,'国有企业',1),(2,'外资企业',1),(3,'合资企业',1),(4,'私营企业',1),(5,'股份制企业',1),(6,'行政机关',1),(7,'事业单位',1),(8,'其他',1);
/*!40000 ALTER TABLE `customer_nature` ENABLE KEYS */;
UNLOCK TABLES;

--
-- Table structure for table `customer_type`
--

DROP TABLE IF EXISTS `customer_type`;
/*!40101 SET @saved_cs_client     = @@character_set_client */;
/*!40101 SET character_set_client = utf8 */;
CREATE TABLE `customer_type` (
  `ct_id` int(11) NOT NULL AUTO_INCREMENT,
  `ct_name` varchar(45) NOT NULL,
  `ct_flag` int(11) NOT NULL,
  PRIMARY KEY (`ct_id`),
  UNIQUE KEY `ct_id_UNIQUE` (`ct_id`)
) ENGINE=InnoDB AUTO_INCREMENT=5 DEFAULT CHARSET=gbk;
/*!40101 SET character_set_client = @saved_cs_client */;

--
-- Dumping data for table `customer_type`
--

LOCK TABLES `customer_type` WRITE;
/*!40000 ALTER TABLE `customer_type` DISABLE KEYS */;
INSERT INTO `customer_type` VALUES (1,'业主方',0),(2,'供应商',0),(3,'竞争对手',0),(4,'合作方',0);
/*!40000 ALTER TABLE `customer_type` ENABLE KEYS */;
UNLOCK TABLES;

--
-- Table structure for table `department`
--

DROP TABLE IF EXISTS `department`;
/*!40101 SET @saved_cs_client     = @@character_set_client */;
/*!40101 SET character_set_client = utf8 */;
CREATE TABLE `department` (
  `d_id` int(11) NOT NULL AUTO_INCREMENT,
  `d_name` varchar(45) NOT NULL,
  `d_phone` varchar(45) DEFAULT NULL,
  `d_fax` varchar(45) DEFAULT NULL,
  `d_description` varchar(200) DEFAULT NULL,
  `d_flag` int(11) NOT NULL,
  `d_create_time` datetime NOT NULL,
  `d_create_user` varchar(45) NOT NULL,
  PRIMARY KEY (`d_id`),
  UNIQUE KEY `d_id_UNIQUE` (`d_id`)
) ENGINE=InnoDB AUTO_INCREMENT=9 DEFAULT CHARSET=gbk;
/*!40101 SET character_set_client = @saved_cs_client */;

--
-- Dumping data for table `department`
--

LOCK TABLES `department` WRITE;
/*!40000 ALTER TABLE `department` DISABLE KEYS */;
INSERT INTO `department` VALUES (1,'技术部','31160156','','',1,'2012-11-26 10:39:52','0'),(2,'环保工程部','31160132','','',1,'2012-11-26 10:44:28','0'),(3,'市场部','31160138','','',1,'2012-11-26 10:46:02','0'),(4,'财务部','31160136','','',1,'2012-11-26 11:13:20','0'),(5,'新能源工程部','51915110','','',1,'2012-12-07 09:36:12','0'),(6,'项目管理部','31160156','','',1,'2012-12-20 16:37:59','0'),(7,'综合办公室','31160151','','',1,'2012-12-20 16:37:59','0'),(8,'管理层','31160151','','',0,'2012-12-20 16:37:59','0');
/*!40000 ALTER TABLE `department` ENABLE KEYS */;
UNLOCK TABLES;

--
-- Table structure for table `device_list_1st`
--

DROP TABLE IF EXISTS `device_list_1st`;
/*!40101 SET @saved_cs_client     = @@character_set_client */;
/*!40101 SET character_set_client = utf8 */;
CREATE TABLE `device_list_1st` (
  `dlf_id` int(11) NOT NULL AUTO_INCREMENT,
  `dlf_tender_project_id` int(11) DEFAULT NULL,
  `dlf_first_equipment_name` varchar(64) DEFAULT NULL,
  `dlf_second_equipment_count` int(11) DEFAULT NULL,
  `dlf_status` int(11) NOT NULL,
  `dlf_create_user` varchar(45) DEFAULT NULL,
  `dlf_create_time` datetime DEFAULT NULL,
  `dlf_update_user` varchar(45) DEFAULT NULL,
  `dlf_update_time` datetime DEFAULT NULL,
  PRIMARY KEY (`dlf_id`),
  UNIQUE KEY `dlf_id_UNIQUE` (`dlf_id`)
) ENGINE=InnoDB DEFAULT CHARSET=gbk;
/*!40101 SET character_set_client = @saved_cs_client */;

--
-- Dumping data for table `device_list_1st`
--

LOCK TABLES `device_list_1st` WRITE;
/*!40000 ALTER TABLE `device_list_1st` DISABLE KEYS */;
/*!40000 ALTER TABLE `device_list_1st` ENABLE KEYS */;
UNLOCK TABLES;

--
-- Table structure for table `device_list_2nd`
--

DROP TABLE IF EXISTS `device_list_2nd`;
/*!40101 SET @saved_cs_client     = @@character_set_client */;
/*!40101 SET character_set_client = utf8 */;
CREATE TABLE `device_list_2nd` (
  `dls_id` int(11) NOT NULL AUTO_INCREMENT,
  `dls_first_equipment_id` int(11) DEFAULT NULL,
  `dls_second_equipment_name` varchar(64) DEFAULT NULL,
  `dls_third_equipment_count` int(11) DEFAULT NULL,
  `dls_status` int(11) NOT NULL,
  `dls_create_user` varchar(45) DEFAULT NULL,
  `dls_create_time` datetime DEFAULT NULL,
  `dls_update_user` varchar(45) DEFAULT NULL,
  `dls_update_time` datetime DEFAULT NULL,
  PRIMARY KEY (`dls_id`),
  UNIQUE KEY `dls_id_UNIQUE` (`dls_id`)
) ENGINE=InnoDB DEFAULT CHARSET=gbk;
/*!40101 SET character_set_client = @saved_cs_client */;

--
-- Dumping data for table `device_list_2nd`
--

LOCK TABLES `device_list_2nd` WRITE;
/*!40000 ALTER TABLE `device_list_2nd` DISABLE KEYS */;
/*!40000 ALTER TABLE `device_list_2nd` ENABLE KEYS */;
UNLOCK TABLES;

--
-- Table structure for table `device_list_detail`
--

DROP TABLE IF EXISTS `device_list_detail`;
/*!40101 SET @saved_cs_client     = @@character_set_client */;
/*!40101 SET character_set_client = utf8 */;
CREATE TABLE `device_list_detail` (
  `dld_id` int(11) NOT NULL AUTO_INCREMENT,
  `dld_first_equipment_id` int(11) DEFAULT NULL,
  `dld_second_equipment_id` int(11) DEFAULT NULL,
  `dld_equipment_name` varchar(64) DEFAULT NULL,
  `dld_equipment_standard` varchar(64) DEFAULT NULL,
  `dld_equipment_count` int(11) DEFAULT NULL,
  `dld_equipment_unit` int(11) DEFAULT NULL,
  `dld_first_selected_supplier` varchar(128) DEFAULT NULL,
  `dld_first_selected_supplier_id` int(11) DEFAULT NULL,
  `dld_first_selected_supplier_price` double DEFAULT NULL,
  `dld_second_selected_supplier` varchar(128) DEFAULT NULL,
  `dld_second_selected_supplier_id` int(11) DEFAULT NULL,
  `dld_second_selected_supplier_price` double DEFAULT NULL,
  `dld_third_selected_supplier` varchar(128) DEFAULT NULL,
  `dld_third_selected_supplier_id` int(11) DEFAULT NULL,
  `dld_third_selected_supplier_price` double DEFAULT NULL,
  `first_selected` tinyint(4) DEFAULT NULL,
  `second_selected` tinyint(4) DEFAULT NULL,
  `third_selected` tinyint(4) DEFAULT NULL,
  `dld_begin_date` varchar(16) DEFAULT NULL,
  `dld_end_date` varchar(16) DEFAULT NULL,
  `dld_responsible_person` varchar(45) DEFAULT NULL,
  `dld_comment` varchar(512) DEFAULT NULL,
  `dld_status` int(11) NOT NULL,
  `dld_create_user` varchar(45) DEFAULT NULL,
  `dld_create_time` datetime DEFAULT NULL,
  `dld_update_user` varchar(45) DEFAULT NULL,
  `dld_update_time` datetime DEFAULT NULL,
  PRIMARY KEY (`dld_id`),
  UNIQUE KEY `dld_id_UNIQUE` (`dld_id`)
) ENGINE=InnoDB DEFAULT CHARSET=gbk;
/*!40101 SET character_set_client = @saved_cs_client */;

--
-- Dumping data for table `device_list_detail`
--

LOCK TABLES `device_list_detail` WRITE;
/*!40000 ALTER TABLE `device_list_detail` DISABLE KEYS */;
/*!40000 ALTER TABLE `device_list_detail` ENABLE KEYS */;
UNLOCK TABLES;

--
-- Table structure for table `device_unit`
--

DROP TABLE IF EXISTS `device_unit`;
/*!40101 SET @saved_cs_client     = @@character_set_client */;
/*!40101 SET character_set_client = utf8 */;
CREATE TABLE `device_unit` (
  `du_id` int(11) NOT NULL AUTO_INCREMENT,
  `du_name` varchar(45) NOT NULL,
  `du_flag` int(11) NOT NULL,
  PRIMARY KEY (`du_id`),
  UNIQUE KEY `du_id_UNIQUE` (`du_id`)
) ENGINE=InnoDB AUTO_INCREMENT=7 DEFAULT CHARSET=gbk;
/*!40101 SET character_set_client = @saved_cs_client */;

--
-- Dumping data for table `device_unit`
--

LOCK TABLES `device_unit` WRITE;
/*!40000 ALTER TABLE `device_unit` DISABLE KEYS */;
INSERT INTO `device_unit` VALUES (1,'台',1),(2,'辆',1),(3,'条',1),(4,'米',1),(5,'架',1),(6,'套',1);
/*!40000 ALTER TABLE `device_unit` ENABLE KEYS */;
UNLOCK TABLES;

--
-- Table structure for table `dossier`
--

DROP TABLE IF EXISTS `dossier`;
/*!40101 SET @saved_cs_client     = @@character_set_client */;
/*!40101 SET character_set_client = utf8 */;
CREATE TABLE `dossier` (
  `d_id` int(11) NOT NULL AUTO_INCREMENT,
  `d_code` varchar(45) NOT NULL,
  `d_name` varchar(100) NOT NULL,
  `d_create_date` datetime NOT NULL,
  `d_create_user` varchar(45) NOT NULL,
  `d_description` varchar(200) DEFAULT NULL,
  `d_flag` int(11) NOT NULL,
  `d_department` int(11) DEFAULT NULL,
  PRIMARY KEY (`d_id`),
  UNIQUE KEY `d_id_UNIQUE` (`d_id`)
) ENGINE=InnoDB DEFAULT CHARSET=gbk;
/*!40101 SET character_set_client = @saved_cs_client */;

--
-- Dumping data for table `dossier`
--

LOCK TABLES `dossier` WRITE;
/*!40000 ALTER TABLE `dossier` DISABLE KEYS */;
/*!40000 ALTER TABLE `dossier` ENABLE KEYS */;
UNLOCK TABLES;

--
-- Table structure for table `education_background`
--

DROP TABLE IF EXISTS `education_background`;
/*!40101 SET @saved_cs_client     = @@character_set_client */;
/*!40101 SET character_set_client = utf8 */;
CREATE TABLE `education_background` (
  `eb_id` int(11) NOT NULL AUTO_INCREMENT,
  `eb_name` varchar(45) NOT NULL,
  `eb_flag` varchar(45) NOT NULL,
  PRIMARY KEY (`eb_id`),
  UNIQUE KEY `ed_id_UNIQUE` (`eb_id`)
) ENGINE=InnoDB AUTO_INCREMENT=6 DEFAULT CHARSET=gbk;
/*!40101 SET character_set_client = @saved_cs_client */;

--
-- Dumping data for table `education_background`
--

LOCK TABLES `education_background` WRITE;
/*!40000 ALTER TABLE `education_background` DISABLE KEYS */;
INSERT INTO `education_background` VALUES (1,'博士','1'),(2,'硕士','1'),(3,'本科','1'),(4,'大专','1'),(5,'其他','1');
/*!40000 ALTER TABLE `education_background` ENABLE KEYS */;
UNLOCK TABLES;

--
-- Table structure for table `ico_account_role`
--

DROP TABLE IF EXISTS `ico_account_role`;
/*!40101 SET @saved_cs_client     = @@character_set_client */;
/*!40101 SET character_set_client = utf8 */;
CREATE TABLE `ico_account_role` (
  `account_id` varchar(32) NOT NULL DEFAULT '',
  `role_id` varchar(32) NOT NULL DEFAULT '',
  PRIMARY KEY (`account_id`,`role_id`),
  KEY `FKDA0490F29A9E76C3` (`role_id`),
  KEY `FKDA0490F2FA39A531` (`account_id`),
  CONSTRAINT `FKDA0490F29A9E76C3` FOREIGN KEY (`role_id`) REFERENCES `ico_role` (`id`)
) ENGINE=InnoDB DEFAULT CHARSET=gbk;
/*!40101 SET character_set_client = @saved_cs_client */;

--
-- Dumping data for table `ico_account_role`
--

LOCK TABLES `ico_account_role` WRITE;
/*!40000 ALTER TABLE `ico_account_role` DISABLE KEYS */;
INSERT INTO `ico_account_role` VALUES ('0','0');
/*!40000 ALTER TABLE `ico_account_role` ENABLE KEYS */;
UNLOCK TABLES;

--
-- Table structure for table `ico_menu`
--

DROP TABLE IF EXISTS `ico_menu`;
/*!40101 SET @saved_cs_client     = @@character_set_client */;
/*!40101 SET character_set_client = utf8 */;
CREATE TABLE `ico_menu` (
  `id` varchar(32) NOT NULL DEFAULT '',
  `pid` varchar(32) NOT NULL DEFAULT '',
  `menu_name` varchar(32) NOT NULL DEFAULT '',
  `url` varchar(255) DEFAULT NULL,
  `title` varchar(255) DEFAULT NULL,
  `target` varchar(255) DEFAULT NULL,
  `icon` varchar(255) DEFAULT NULL,
  `iconopen` varchar(255) DEFAULT NULL,
  `opened` varchar(1) DEFAULT NULL,
  `SORT_FLAG` int(11) DEFAULT NULL,
  `dept` int(11) DEFAULT NULL,
  `basic_menu` int(11) DEFAULT NULL,
  PRIMARY KEY (`id`)
) ENGINE=InnoDB DEFAULT CHARSET=gbk;
/*!40101 SET character_set_client = @saved_cs_client */;

--
-- Dumping data for table `ico_menu`
--

LOCK TABLES `ico_menu` WRITE;
/*!40000 ALTER TABLE `ico_menu` DISABLE KEYS */;
INSERT INTO `ico_menu` VALUES ('00','-1','系统菜单','javascript: void(0);',NULL,NULL,'img/menu.png','img/menu.png','1',0,NULL,NULL),('01','00','管理层','javascript: void(0);',NULL,NULL,'img/new/manage_dept.png','img/new/manage_dept.png','1',1,NULL,NULL),('0101','01','任务管理','projectManage.do?method=resetSearchCheckTask&status=1',NULL,'main','img/new/task_manage.gif','img/new/task_manage.gif',NULL,1,8,NULL),('0102','01','台帐统计','projectManage.do?method=resetSearchAccountStatistics',NULL,'main','img/new/account_manage.gif','img/new/account_manage.gif',NULL,2,8,NULL),('0103','01','项目管理','projectManage.do?method=resetSearchTenderProject',NULL,'main','img/new/project_manage.gif','img/new/project_manage.gif',NULL,3,8,NULL),('0104','01','公共资料','documentManage.do?method=resetSearchDocument',NULL,'main','img/new/info_manage.gif','img/new/info_manage.gif',NULL,4,8,1),('0105','01','信息交流','noticeManage.do?method=resetSearchNotice',NULL,'main','img/new/notice_manage.gif','img/new/notice_manage.gif',NULL,5,8,1),('0106','01','供应商管理','javascript: void(0);',NULL,'main','img/new/customer_manage.gif','img/new/customer_manage.gif',NULL,6,8,NULL),('010601','0106','备选供方','customerManage.do?method=resetSearchCustomer',NULL,'main',NULL,NULL,NULL,1,8,NULL),('010602','0106','合格供方','customerManage.do?method=resetSearchQualifiedCustomer',NULL,'main',NULL,NULL,NULL,2,8,NULL),('0107','01','立项备案','projectManage.do?method=resetSearchProjectApprovalRecord',NULL,'main',NULL,NULL,NULL,7,8,NULL),('0108','01','投标管理','tenderManage.do?method=resetSearchTenderProject',NULL,'main','img/new/tender_manage.gif','img/new/tender_manage.gif',NULL,9,8,NULL),('0109','01','投标评审','projectManage.do?method=resetSearchProjectApprovalCheck',NULL,'main',NULL,NULL,NULL,8,8,NULL),('02','00','市场部','javascript: void(0);',NULL,NULL,'img/new/shichang_dept.png','img/new/shichang_dept.png','1',2,NULL,NULL),('0201','02','任务管理','projectManage.do?method=resetSearchCheckTask&status=1',NULL,'main','img/new/task_manage.gif','img/new/task_manage.gif',NULL,1,3,NULL),('0202','02','台帐统计','projectManage.do?method=resetSearchAccountStatistics',NULL,'main','img/new/account_manage.gif','img/new/account_manage.gif',NULL,2,3,NULL),('0203','02','项目管理','projectManage.do?method=resetSearchTenderProject',NULL,'main','img/new/project_manage.gif','img/new/project_manage.gif',NULL,3,3,NULL),('0204','02','公共资料','documentManage.do?method=resetSearchDocument',NULL,'main','img/new/info_manage.gif','img/new/info_manage.gif',NULL,4,3,1),('0205','02','信息交流','noticeManage.do?method=resetSearchNotice',NULL,'main','img/new/notice_manage.gif','img/new/notice_manage.gif',NULL,5,3,1),('0206','02','供应商管理','javascript: void(0);',NULL,'main','img/new/customer_manage.gif','img/new/customer_manage.gif',NULL,6,3,NULL),('020601','0206','备选供方','customerManage.do?method=resetSearchCustomer','','main','','','',1,3,NULL),('020602','0206','合格供方','customerManage.do?method=resetSearchQualifiedCustomer','','main','','','',2,3,NULL),('0207','02','立项备案','projectManage.do?method=resetSearchProjectApprovalRecord',NULL,'main',NULL,NULL,NULL,7,3,NULL),('0208','02','投标管理','tenderManage.do?method=resetSearchTenderProject',NULL,'main','img/new/tender_manage.gif','img/new/tender_manage.gif',NULL,9,3,NULL),('0209','02','投标评审','projectManage.do?method=resetSearchProjectApprovalCheck','','main','','','',8,3,NULL),('03','00','环保工程部','javascript: void(0);',NULL,NULL,'img/new/huanbao_dept.png','img/new/huanbao_dept.png','1',3,NULL,NULL),('0301','03','任务管理','projectManage.do?method=resetSearchCheckTask&status=1',NULL,'main','img/new/task_manage.gif','img/new/task_manage.gif',NULL,1,2,NULL),('0302','03','台帐统计','projectManage.do?method=resetSearchAccountStatistics',NULL,'main','img/new/account_manage.gif','img/new/account_manage.gif',NULL,2,2,NULL),('0303','03','项目管理','projectManage.do?method=resetSearchTenderProject',NULL,'main','img/new/project_manage.gif','img/new/project_manage.gif',NULL,3,2,NULL),('0304','03','公共资料','documentManage.do?method=resetSearchDocument',NULL,'main','img/new/info_manage.gif','img/new/info_manage.gif',NULL,4,2,1),('0305','03','信息交流','noticeManage.do?method=resetSearchNotice',NULL,'main','img/new/notice_manage.gif','img/new/notice_manage.gif',NULL,5,2,1),('0306','03','供应商管理','javascript: void(0);',NULL,'main','img/new/customer_manage.gif','img/new/customer_manage.gif',NULL,6,2,NULL),('030601','0306','备选供方','customerManage.do?method=resetSearchCustomer','','main','','','',1,2,NULL),('030602','0306','合格供方','customerManage.do?method=resetSearchQualifiedCustomer','','main','','','',2,2,NULL),('0307','03','立项备案','projectManage.do?method=resetSearchProjectApprovalRecord',NULL,'main',NULL,NULL,NULL,7,2,NULL),('0308','03','投标管理','tenderManage.do?method=resetSearchTenderProject',NULL,'main','img/new/tender_manage.gif','img/new/tender_manage.gif',NULL,9,2,NULL),('0309','03','投标评审','projectManage.do?method=resetSearchProjectApprovalCheck','','main','','','',8,2,NULL),('04','00','新能源工程部','javascript: void(0);',NULL,NULL,'img/new/xinnengyuan_dept.png','img/new/xinnengyuan_dept.png','1',4,NULL,NULL),('0401','04','任务管理','projectManage.do?method=resetSearchCheckTask&status=1',NULL,'main','img/new/task_manage.gif','img/new/task_manage.gif',NULL,1,5,NULL),('0402','04','台帐统计','projectManage.do?method=resetSearchAccountStatistics',NULL,'main','img/new/account_manage.gif','img/new/account_manage.gif',NULL,2,5,NULL),('0403','04','项目管理','projectManage.do?method=resetSearchTenderProject',NULL,'main','img/new/project_manage.gif','img/new/project_manage.gif',NULL,3,5,NULL),('0404','04','公共资料','documentManage.do?method=resetSearchDocument',NULL,'main','img/new/info_manage.gif','img/new/info_manage.gif',NULL,4,5,1),('0405','04','信息交流','noticeManage.do?method=resetSearchNotice',NULL,'main','img/new/notice_manage.gif','img/new/notice_manage.gif',NULL,5,5,1),('0406','04','供应商管理','javascript: void(0);',NULL,'main','img/new/customer_manage.gif','img/new/customer_manage.gif',NULL,6,5,NULL),('040601','0406','备选供方','customerManage.do?method=resetSearchCustomer','','main','','','',1,5,NULL),('040602','0406','合格供方','customerManage.do?method=resetSearchQualifiedCustomer','','main','','','',2,5,NULL),('0407','04','立项备案','projectManage.do?method=resetSearchProjectApprovalRecord',NULL,'main',NULL,NULL,NULL,7,5,NULL),('0408','04','投标管理','tenderManage.do?method=resetSearchTenderProject',NULL,'main','img/new/tender_manage.gif','img/new/tender_manage.gif',NULL,9,5,NULL),('0409','04','投标评审','projectManage.do?method=resetSearchProjectApprovalCheck','','main','','','',8,5,NULL),('05','00','技术部','javascript: void(0);',NULL,NULL,'img/new/jishu_dept.png','img/new/jishu_dept.png','1',5,NULL,NULL),('0501','05','任务管理','projectManage.do?method=resetSearchCheckTask&status=1',NULL,'main','img/new/task_manage.gif','img/new/task_manage.gif',NULL,1,1,NULL),('0502','05','台帐统计','projectManage.do?method=resetSearchAccountStatistics',NULL,'main','img/new/account_manage.gif','img/new/account_manage.gif',NULL,2,1,NULL),('0503','05','项目管理','projectManage.do?method=resetSearchTenderProject',NULL,'main','img/new/project_manage.gif','img/new/project_manage.gif',NULL,3,1,NULL),('0504','05','公共资料','documentManage.do?method=resetSearchDocument',NULL,'main','img/new/info_manage.gif','img/new/info_manage.gif',NULL,4,1,1),('0505','05','信息交流','noticeManage.do?method=resetSearchNotice',NULL,'main','img/new/notice_manage.gif','img/new/notice_manage.gif',NULL,5,1,1),('0506','05','供应商管理','javascript: void(0);',NULL,'main','img/new/customer_manage.gif','img/new/customer_manage.gif',NULL,6,1,NULL),('050601','0506','备选供方','customerManage.do?method=resetSearchCustomer','','main','','','',1,1,NULL),('050602','0506','合格供方','customerManage.do?method=resetSearchQualifiedCustomer','','main','','','',2,1,NULL),('0507','05','立项备案','projectManage.do?method=resetSearchProjectApprovalRecord',NULL,'main',NULL,NULL,NULL,7,1,NULL),('0508','05','投标管理','tenderManage.do?method=resetSearchTenderProject',NULL,'main','img/new/tender_manage.gif','img/new/tender_manage.gif',NULL,9,1,NULL),('0509','05','投标评审','projectManage.do?method=resetSearchProjectApprovalCheck','','main','','','',8,1,NULL),('06','00','财务部','javascript: void(0);',NULL,NULL,'img/new/caiwu_dept.png','img/new/caiwu_dept.png','1',6,NULL,NULL),('0601','06','任务管理','projectManage.do?method=resetSearchCheckTask&status=1',NULL,'main','img/new/task_manage.gif','img/new/task_manage.gif',NULL,1,4,NULL),('0602','06','台帐统计','projectManage.do?method=resetSearchAccountStatistics',NULL,'main','img/new/account_manage.gif','img/new/account_manage.gif',NULL,2,4,NULL),('0603','06','项目管理','projectManage.do?method=resetSearchTenderProject',NULL,'main','img/new/project_manage.gif','img/new/project_manage.gif',NULL,3,4,NULL),('0604','06','公共资料','documentManage.do?method=resetSearchDocument',NULL,'main','img/new/info_manage.gif','img/new/info_manage.gif',NULL,4,4,1),('0605','06','信息交流','noticeManage.do?method=resetSearchNotice',NULL,'main','img/new/notice_manage.gif','img/new/notice_manage.gif',NULL,5,4,1),('0606','06','供应商管理','javascript: void(0);',NULL,'main','img/new/customer_manage.gif','img/new/customer_manage.gif',NULL,6,4,NULL),('060601','0606','备选供方','customerManage.do?method=resetSearchCustomer','','main','','','',1,4,NULL),('060602','0606','合格供方','customerManage.do?method=resetSearchQualifiedCustomer','','main','','','',2,4,NULL),('0607','06','立项备案','projectManage.do?method=resetSearchProjectApprovalRecord',NULL,'main',NULL,NULL,NULL,7,4,NULL),('0608','06','投标管理','tenderManage.do?method=resetSearchTenderProject',NULL,'main','img/new/tender_manage.gif','img/new/tender_manage.gif',NULL,9,4,NULL),('0609','06','投标评审','projectManage.do?method=resetSearchProjectApprovalCheck','','main','','','',8,4,NULL),('07','00','综合办公室','javascript: void(0);',NULL,NULL,'img/new/zonghe_dept.png','img/new/zonghe_dept.png','1',7,NULL,NULL),('0701','07','任务管理','projectManage.do?method=resetSearchCheckTask&status=1',NULL,'main','img/new/task_manage.gif','img/new/task_manage.gif',NULL,1,7,NULL),('0702','07','公共资料','documentManage.do?method=resetSearchDocument',NULL,'main','img/new/info_manage.gif','img/new/info_manage.gif',NULL,2,7,1),('0703','07','项目管理','projectManage.do?method=resetSearchTenderProject',NULL,'main','img/new/project_manage.gif','img/new/project_manage.gif',NULL,3,7,NULL),('0704','99','部门管理','departmentManage.do?method=resetSearchDepartment',NULL,'main','img/new/dept_manage.gif','img/new/dept_manage.gif',NULL,0,7,NULL),('0705','07','信息交流','noticeManage.do?method=resetSearchNotice',NULL,'main','img/new/notice_manage.gif','img/new/notice_manage.gif',NULL,5,7,1),('0706','07','供应商管理','javascript: void(0);',NULL,'main','img/new/customer_manage.gif','img/new/customer_manage.gif',NULL,6,7,NULL),('070601','0706','备选供方','customerManage.do?method=resetSearchCustomer','','main','','','',1,7,NULL),('070602','0706','合格供方','customerManage.do?method=resetSearchQualifiedCustomer','','main','','','',2,7,NULL),('0707','07','立项备案','projectManage.do?method=resetSearchProjectApprovalRecord',NULL,'main',NULL,NULL,NULL,7,7,NULL),('0708','07','投标管理','tenderManage.do?method=resetSearchTenderProject',NULL,'main','img/new/tender_manage.gif','img/new/tender_manage.gif',NULL,9,7,NULL),('0709','07','投标评审','projectManage.do?method=resetSearchProjectApprovalCheck','','main','','','',8,7,NULL),('08','00','项目管理部','javascript: void(0);',NULL,NULL,'img/new/guanli_dept.png','img/new/guanli_dept.png','1',8,NULL,NULL),('0801','08','任务管理','projectManage.do?method=resetSearchCheckTask&status=1',NULL,'main','img/new/task_manage.gif','img/new/task_manage.gif',NULL,1,6,NULL),('0802','08','台帐统计','projectManage.do?method=resetSearchAccountStatistics',NULL,'main','img/new/account_manage.gif','img/new/account_manage.gif',NULL,2,6,NULL),('0803','08','项目管理','projectManage.do?method=resetSearchTenderProject',NULL,'main','img/new/project_manage.gif','img/new/project_manage.gif',NULL,3,6,NULL),('0804','08','公共资料','documentManage.do?method=resetSearchDocument',NULL,'main','img/new/info_manage.gif','img/new/info_manage.gif',NULL,4,6,1),('0805','08','信息交流','noticeManage.do?method=resetSearchNotice',NULL,'main','img/new/notice_manage.gif','img/new/notice_manage.gif',NULL,5,6,1),('0806','08','供应商管理','javascript: void(0);',NULL,'main','img/new/customer_manage.gif','img/new/customer_manage.gif',NULL,6,6,NULL),('080601','0806','备选供方','customerManage.do?method=resetSearchCustomer','','main','','','',1,6,NULL),('080602','0806','合格供方','customerManage.do?method=resetSearchQualifiedCustomer','','main','','','',2,6,NULL),('0807','08','立项备案','projectManage.do?method=resetSearchProjectApprovalRecord',NULL,'main',NULL,NULL,NULL,7,6,NULL),('0808','08','投标管理','tenderManage.do?method=resetSearchTenderProject',NULL,'main','img/new/tender_manage.gif','img/new/tender_manage.gif',NULL,9,6,NULL),('0809','08','投标评审','projectManage.do?method=resetSearchProjectApprovalCheck','','main','','','',8,6,NULL),('99','00','系统设置','javascript: void(0);','','','img/new/system_setup.png','img/new/system_setup.png','1',99,NULL,NULL),('9901','99','修改密码','accountManager.do?method=load4ChangePWD',NULL,'main','img/new/pass_manage.gif','img/new/pass_manage.gif',NULL,1,NULL,NULL),('9902','99','员工管理','accountManager.do?method=resetSearchAccount',NULL,'main','img/new/employee_manage.gif','img/new/employee_manage.gif',NULL,2,99,NULL);
/*!40000 ALTER TABLE `ico_menu` ENABLE KEYS */;
UNLOCK TABLES;

--
-- Table structure for table `ico_permission`
--

DROP TABLE IF EXISTS `ico_permission`;
/*!40101 SET @saved_cs_client     = @@character_set_client */;
/*!40101 SET character_set_client = utf8 */;
CREATE TABLE `ico_permission` (
  `role_id` varchar(32) NOT NULL DEFAULT '',
  `resource_id` varchar(32) NOT NULL DEFAULT '',
  PRIMARY KEY (`role_id`,`resource_id`),
  KEY `FK734941D99A9E76C3` (`role_id`),
  KEY `FK734941D9CDF92343` (`resource_id`),
  CONSTRAINT `FK734941D99A9E76C3` FOREIGN KEY (`role_id`) REFERENCES `ico_role` (`id`),
  CONSTRAINT `FK734941D9CDF92343` FOREIGN KEY (`resource_id`) REFERENCES `ico_resource` (`id`)
) ENGINE=InnoDB DEFAULT CHARSET=gbk;
/*!40101 SET character_set_client = @saved_cs_client */;

--
-- Dumping data for table `ico_permission`
--

LOCK TABLES `ico_permission` WRITE;
/*!40000 ALTER TABLE `ico_permission` DISABLE KEYS */;
INSERT INTO `ico_permission` VALUES ('0','1'),('0','3'),('0','4'),('0','6'),('0','7'),('0','9');
/*!40000 ALTER TABLE `ico_permission` ENABLE KEYS */;
UNLOCK TABLES;

--
-- Table structure for table `ico_resource`
--

DROP TABLE IF EXISTS `ico_resource`;
/*!40101 SET @saved_cs_client     = @@character_set_client */;
/*!40101 SET character_set_client = utf8 */;
CREATE TABLE `ico_resource` (
  `id` varchar(32) NOT NULL DEFAULT '',
  `resource_code` varchar(255) NOT NULL DEFAULT '',
  `resource_name` varchar(255) NOT NULL DEFAULT '',
  `parent_name` varchar(255) DEFAULT NULL,
  `url` varchar(255) DEFAULT NULL,
  `acl_class` varchar(255) DEFAULT NULL,
  PRIMARY KEY (`id`)
) ENGINE=InnoDB DEFAULT CHARSET=gbk;
/*!40101 SET character_set_client = @saved_cs_client */;

--
-- Dumping data for table `ico_resource`
--

LOCK TABLES `ico_resource` WRITE;
/*!40000 ALTER TABLE `ico_resource` DISABLE KEYS */;
INSERT INTO `ico_resource` VALUES ('1','00','投标',NULL,'tenderManage.do',NULL),('3','01','项目管理',NULL,'projectManage.do',NULL),('4','03','文档',NULL,'documentManage.do',NULL),('6','04','往来单位',NULL,'customerManage.do',NULL),('7','99','员工管理',NULL,'accountManager.do',NULL),('9','99','部门管理',NULL,'departmentManage.do',NULL);
/*!40000 ALTER TABLE `ico_resource` ENABLE KEYS */;
UNLOCK TABLES;

--
-- Table structure for table `ico_role`
--

DROP TABLE IF EXISTS `ico_role`;
/*!40101 SET @saved_cs_client     = @@character_set_client */;
/*!40101 SET character_set_client = utf8 */;
CREATE TABLE `ico_role` (
  `id` varchar(32) NOT NULL DEFAULT '',
  `role_name` varchar(64) NOT NULL DEFAULT '',
  `role_type` varchar(1) DEFAULT NULL,
  `remark` varchar(255) DEFAULT NULL,
  PRIMARY KEY (`id`)
) ENGINE=InnoDB DEFAULT CHARSET=gbk;
/*!40101 SET character_set_client = @saved_cs_client */;

--
-- Dumping data for table `ico_role`
--

LOCK TABLES `ico_role` WRITE;
/*!40000 ALTER TABLE `ico_role` DISABLE KEYS */;
INSERT INTO `ico_role` VALUES ('0','管理员','1',NULL);
/*!40000 ALTER TABLE `ico_role` ENABLE KEYS */;
UNLOCK TABLES;

--
-- Table structure for table `ico_role_menu`
--

DROP TABLE IF EXISTS `ico_role_menu`;
/*!40101 SET @saved_cs_client     = @@character_set_client */;
/*!40101 SET character_set_client = utf8 */;
CREATE TABLE `ico_role_menu` (
  `role_id` varchar(32) NOT NULL DEFAULT '',
  `menu_id` varchar(32) NOT NULL DEFAULT '',
  PRIMARY KEY (`role_id`,`menu_id`),
  KEY `FK5C8E6E3E812FE223` (`menu_id`),
  KEY `FK5C8E6E3E9A9E76C3` (`role_id`)
) ENGINE=InnoDB DEFAULT CHARSET=gbk;
/*!40101 SET character_set_client = @saved_cs_client */;

--
-- Dumping data for table `ico_role_menu`
--

LOCK TABLES `ico_role_menu` WRITE;
/*!40000 ALTER TABLE `ico_role_menu` DISABLE KEYS */;
INSERT INTO `ico_role_menu` VALUES ('0','00'),('0','01'),('0','0101'),('0','0102'),('0','0103'),('0','0104'),('0','0105'),('0','02'),('0','0201'),('0','0202'),('0','0203'),('0','0204'),('0','0205'),('0','03'),('0','0301'),('0','0302'),('0','0303'),('0','0304'),('0','0305'),('0','04'),('0','0401'),('0','0402'),('0','0403'),('0','0404'),('0','0405'),('0','05'),('0','0501'),('0','0502'),('0','0503'),('0','0504'),('0','0505'),('0','06'),('0','0601'),('0','0602'),('0','0603'),('0','0604'),('0','0605'),('0','07'),('0','0701'),('0','0702'),('0','0703'),('0','0704'),('0','08'),('0','0801'),('0','0802'),('0','0803'),('0','0804'),('0','0805'),('0','0806'),('0','99'),('0','9901'),('0','9902');
/*!40000 ALTER TABLE `ico_role_menu` ENABLE KEYS */;
UNLOCK TABLES;

--
-- Table structure for table `infomation_notice`
--

DROP TABLE IF EXISTS `infomation_notice`;
/*!40101 SET @saved_cs_client     = @@character_set_client */;
/*!40101 SET character_set_client = utf8 */;
CREATE TABLE `infomation_notice` (
  `in_id` int(11) NOT NULL AUTO_INCREMENT,
  `in_theme` varchar(200) DEFAULT NULL,
  `in_dept` int(11) DEFAULT NULL,
  `in_secret_degree` int(11) DEFAULT NULL,
  `in_type` int(11) DEFAULT NULL,
  `in_release_date` date DEFAULT NULL,
  `in_remark` varchar(600) DEFAULT NULL,
  `in_flag` int(11) DEFAULT NULL,
  `in_create_user` varchar(45) DEFAULT NULL,
  `in_create_time` datetime DEFAULT NULL,
  PRIMARY KEY (`in_id`),
  UNIQUE KEY `in_id_UNIQUE` (`in_id`)
) ENGINE=InnoDB AUTO_INCREMENT=5 DEFAULT CHARSET=gbk;
/*!40101 SET character_set_client = @saved_cs_client */;

--
-- Dumping data for table `infomation_notice`
--

LOCK TABLES `infomation_notice` WRITE;
/*!40000 ALTER TABLE `infomation_notice` DISABLE KEYS */;
INSERT INTO `infomation_notice` VALUES (4,'aaa',3,NULL,1,'2014-11-25','',-1,'2c9f02ba3ca2d52f013ca32777ed0009',NULL);
/*!40000 ALTER TABLE `infomation_notice` ENABLE KEYS */;
UNLOCK TABLES;

--
-- Table structure for table `job_responsibility`
--

DROP TABLE IF EXISTS `job_responsibility`;
/*!40101 SET @saved_cs_client     = @@character_set_client */;
/*!40101 SET character_set_client = utf8 */;
CREATE TABLE `job_responsibility` (
  `jr_id` int(11) NOT NULL AUTO_INCREMENT,
  `jr_name` varchar(45) NOT NULL,
  `jr_flag` int(11) NOT NULL,
  PRIMARY KEY (`jr_id`),
  UNIQUE KEY `jr_id_UNIQUE` (`jr_id`)
) ENGINE=InnoDB AUTO_INCREMENT=13 DEFAULT CHARSET=gbk;
/*!40101 SET character_set_client = @saved_cs_client */;

--
-- Dumping data for table `job_responsibility`
--

LOCK TABLES `job_responsibility` WRITE;
/*!40000 ALTER TABLE `job_responsibility` DISABLE KEYS */;
INSERT INTO `job_responsibility` VALUES (1,'总体负责',1),(2,'负责总体技术',1),(3,'协助项目经理',1),(4,'协助项目经理负责采购工作',1),(5,'施工现场管理',1),(6,'质量管理',1),(7,'安全管理',1),(8,'材料管理',1),(9,'费用管理',1),(10,'文档管理',1),(11,'参与投标工作',1),(12,'其他',1);
/*!40000 ALTER TABLE `job_responsibility` ENABLE KEYS */;
UNLOCK TABLES;

--
-- Table structure for table `notice_attachment`
--

DROP TABLE IF EXISTS `notice_attachment`;
/*!40101 SET @saved_cs_client     = @@character_set_client */;
/*!40101 SET character_set_client = utf8 */;
CREATE TABLE `notice_attachment` (
  `na_id` int(11) NOT NULL AUTO_INCREMENT,
  `na_infomation_notice` int(11) DEFAULT NULL,
  `na_attachment_category` int(11) DEFAULT NULL,
  `na_code` varchar(45) DEFAULT NULL,
  `na_name` varchar(100) DEFAULT NULL,
  `na_url` varchar(100) DEFAULT NULL,
  `na_flag` int(11) NOT NULL,
  `na_create_user` varchar(45) NOT NULL,
  `na_create_time` datetime NOT NULL,
  `na_local_url` varchar(100) DEFAULT NULL,
  `na_secret_degree` int(11) DEFAULT NULL,
  `na_submit_date` date DEFAULT NULL,
  `na_description` varchar(200) DEFAULT NULL,
  `na_submit_department` int(11) DEFAULT NULL,
  `na_input_inerface` int(11) DEFAULT NULL,
  `na_contract` int(11) DEFAULT NULL,
  PRIMARY KEY (`na_id`),
  UNIQUE KEY `na_id_UNIQUE` (`na_id`)
) ENGINE=InnoDB AUTO_INCREMENT=4 DEFAULT CHARSET=gbk;
/*!40101 SET character_set_client = @saved_cs_client */;

--
-- Dumping data for table `notice_attachment`
--

LOCK TABLES `notice_attachment` WRITE;
/*!40000 ALTER TABLE `notice_attachment` DISABLE KEYS */;
INSERT INTO `notice_attachment` VALUES (3,4,5,'001','市场部公告','d:\\upload\\4\\1416897341919.exe',0,'2c9f02ba3ca2d52f013ca32777ed0009','2014-11-25 14:35:41','C:\\fakepath\\wordicon.exe',NULL,NULL,NULL,NULL,NULL,NULL);
/*!40000 ALTER TABLE `notice_attachment` ENABLE KEYS */;
UNLOCK TABLES;

--
-- Table structure for table `notice_type`
--

DROP TABLE IF EXISTS `notice_type`;
/*!40101 SET @saved_cs_client     = @@character_set_client */;
/*!40101 SET character_set_client = utf8 */;
CREATE TABLE `notice_type` (
  `nt_id` int(11) NOT NULL AUTO_INCREMENT,
  `nt_name` varchar(45) DEFAULT NULL,
  `nt_flag` int(11) DEFAULT NULL,
  PRIMARY KEY (`nt_id`),
  UNIQUE KEY `nt_id_UNIQUE` (`nt_id`)
) ENGINE=InnoDB AUTO_INCREMENT=4 DEFAULT CHARSET=gbk;
/*!40101 SET character_set_client = @saved_cs_client */;

--
-- Dumping data for table `notice_type`
--

LOCK TABLES `notice_type` WRITE;
/*!40000 ALTER TABLE `notice_type` DISABLE KEYS */;
INSERT INTO `notice_type` VALUES (1,'公司公告',1),(2,'部门公告',1),(3,'其他',1);
/*!40000 ALTER TABLE `notice_type` ENABLE KEYS */;
UNLOCK TABLES;

--
-- Table structure for table `payment_type`
--

DROP TABLE IF EXISTS `payment_type`;
/*!40101 SET @saved_cs_client     = @@character_set_client */;
/*!40101 SET character_set_client = utf8 */;
CREATE TABLE `payment_type` (
  `pt_id` int(11) NOT NULL AUTO_INCREMENT,
  `pt_name` varchar(45) NOT NULL,
  `pt_flag` int(11) NOT NULL,
  PRIMARY KEY (`pt_id`),
  UNIQUE KEY `rt_id_UNIQUE` (`pt_id`)
) ENGINE=InnoDB AUTO_INCREMENT=3 DEFAULT CHARSET=gbk;
/*!40101 SET character_set_client = @saved_cs_client */;

--
-- Dumping data for table `payment_type`
--

LOCK TABLES `payment_type` WRITE;
/*!40000 ALTER TABLE `payment_type` DISABLE KEYS */;
INSERT INTO `payment_type` VALUES (1,'收入',1),(2,'支出',1);
/*!40000 ALTER TABLE `payment_type` ENABLE KEYS */;
UNLOCK TABLES;

--
-- Table structure for table `person_status`
--

DROP TABLE IF EXISTS `person_status`;
/*!40101 SET @saved_cs_client     = @@character_set_client */;
/*!40101 SET character_set_client = utf8 */;
CREATE TABLE `person_status` (
  `ps_id` int(11) NOT NULL AUTO_INCREMENT,
  `ps_name` varchar(45) NOT NULL,
  `ps_flag` int(11) NOT NULL,
  PRIMARY KEY (`ps_id`),
  UNIQUE KEY `ps_id_UNIQUE` (`ps_id`)
) ENGINE=InnoDB AUTO_INCREMENT=4 DEFAULT CHARSET=gbk;
/*!40101 SET character_set_client = @saved_cs_client */;

--
-- Dumping data for table `person_status`
--

LOCK TABLES `person_status` WRITE;
/*!40000 ALTER TABLE `person_status` DISABLE KEYS */;
INSERT INTO `person_status` VALUES (1,'在职',1),(2,'离职',1),(3,'退休',1);
/*!40000 ALTER TABLE `person_status` ENABLE KEYS */;
UNLOCK TABLES;

--
-- Table structure for table `political_status`
--

DROP TABLE IF EXISTS `political_status`;
/*!40101 SET @saved_cs_client     = @@character_set_client */;
/*!40101 SET character_set_client = utf8 */;
CREATE TABLE `political_status` (
  `ps_id` int(11) NOT NULL AUTO_INCREMENT,
  `ps_name` varchar(45) NOT NULL,
  `ps_flag` int(11) NOT NULL,
  PRIMARY KEY (`ps_id`),
  UNIQUE KEY `ps_id_UNIQUE` (`ps_id`)
) ENGINE=InnoDB AUTO_INCREMENT=4 DEFAULT CHARSET=gbk;
/*!40101 SET character_set_client = @saved_cs_client */;

--
-- Dumping data for table `political_status`
--

LOCK TABLES `political_status` WRITE;
/*!40000 ALTER TABLE `political_status` DISABLE KEYS */;
INSERT INTO `political_status` VALUES (1,'党员',1),(2,'团员',1),(3,'群众',1);
/*!40000 ALTER TABLE `political_status` ENABLE KEYS */;
UNLOCK TABLES;

--
-- Table structure for table `post`
--

DROP TABLE IF EXISTS `post`;
/*!40101 SET @saved_cs_client     = @@character_set_client */;
/*!40101 SET character_set_client = utf8 */;
CREATE TABLE `post` (
  `p_id` int(11) NOT NULL AUTO_INCREMENT,
  `p_name` varchar(45) NOT NULL,
  `p_flag` int(11) NOT NULL,
  PRIMARY KEY (`p_id`),
  UNIQUE KEY `p_id_UNIQUE` (`p_id`)
) ENGINE=InnoDB AUTO_INCREMENT=15 DEFAULT CHARSET=gbk;
/*!40101 SET character_set_client = @saved_cs_client */;

--
-- Dumping data for table `post`
--

LOCK TABLES `post` WRITE;
/*!40000 ALTER TABLE `post` DISABLE KEYS */;
INSERT INTO `post` VALUES (0,'部门经理',-1),(1,'项目秘书',1),(2,'业务部门经理',1),(3,'项目经理',1),(4,'辅助部门经理',1),(5,'总经理',1),(6,'副总经理',1),(7,'一般用户',1),(8,'法务',1),(9,'印章管理专员',1),(10,'项目管理专员',1),(11,'费用管理专员',1),(12,'党委书记',1),(13,'总工程师',1),(14,'项目市场经理',1);
/*!40000 ALTER TABLE `post` ENABLE KEYS */;
UNLOCK TABLES;

--
-- Table structure for table `project_approval_record`
--

DROP TABLE IF EXISTS `project_approval_record`;
/*!40101 SET @saved_cs_client     = @@character_set_client */;
/*!40101 SET character_set_client = utf8 */;
CREATE TABLE `project_approval_record` (
  `par_id` int(11) NOT NULL AUTO_INCREMENT,
  `par_project_name` varchar(100) DEFAULT NULL,
  `par_project_owner` varchar(45) DEFAULT NULL,
  `par_design_company` varchar(45) DEFAULT NULL,
  `par_tender_company` varchar(45) DEFAULT NULL,
  `par_tender_price` double DEFAULT NULL,
  `par_tender_date` date DEFAULT NULL,
  `par_operating_expense` double DEFAULT NULL,
  `par_business_type` varchar(45) DEFAULT NULL,
  `par_business_relation` varchar(45) DEFAULT NULL,
  `par_project_remark` varchar(400) DEFAULT NULL,
  `par_risk_control` varchar(200) DEFAULT NULL,
  `par_actionability` varchar(200) DEFAULT NULL,
  `par_status` int(11) DEFAULT NULL,
  `par_create_user` varchar(45) DEFAULT NULL,
  `par_create_time` datetime DEFAULT NULL,
  `par_check_legalperson` int(11) DEFAULT NULL,
  `par_check_qualification` int(11) DEFAULT NULL,
  `par_check_system` int(11) DEFAULT NULL,
  `par_check_achievements` int(11) DEFAULT NULL,
  `par_check_register_capital` int(11) DEFAULT NULL,
  `par_check_tender_type` int(11) DEFAULT NULL,
  `par_check_authority_certificate` int(11) DEFAULT NULL,
  `par_illegal_record` int(11) DEFAULT NULL,
  `par_tender_member` varchar(45) DEFAULT NULL,
  `par_commit_dept` int(11) DEFAULT NULL,
  `par_tender_remark` varchar(200) DEFAULT NULL,
  `par_manager` varchar(45) DEFAULT NULL,
  `par_dept` int(11) DEFAULT NULL,
  `par_implement_dept` int(11) DEFAULT NULL,
  `par_market_manager` varchar(45) DEFAULT NULL,
  PRIMARY KEY (`par_id`),
  UNIQUE KEY `par_id_UNIQUE` (`par_id`)
) ENGINE=InnoDB AUTO_INCREMENT=84 DEFAULT CHARSET=gbk;
/*!40101 SET character_set_client = @saved_cs_client */;

--
-- Dumping data for table `project_approval_record`
--

LOCK TABLES `project_approval_record` WRITE;
/*!40000 ALTER TABLE `project_approval_record` DISABLE KEYS */;
INSERT INTO `project_approval_record` VALUES (9,'南翔5万吨/日污水处理厂提标工程（1级B→1级A)工程设备总包及安装','嘉定区城投','上海市政设计院','',1700,'2015-05-30',1.7,'设备总包及安装','','该项目为南翔5万吨/日污水处理厂提标工程（1级B→1级A)工程设备总包及安装，市政资金项目，出水达标为市政1级A，设备选型由业主方（主工艺设备）推荐品牌（ITT和STS)的选择','无风险，区财政项目','可行,',-1,'2c9f02ba3ca2d52f013ca32777ed0009','2014-12-12 11:22:06',NULL,NULL,NULL,NULL,NULL,NULL,NULL,NULL,NULL,NULL,NULL,'2c9f02ba3ca2d52f013ca323c3cc0005',3,NULL,NULL),(10,'合肥经开区污水处理厂一、二期提标工程（20万吨/日）','合肥经开区重点局','合肥市政工程设计院','合肥市招标中心',10000,'2015-05-30',8,'联合体投标','公司自营项目','一、二期现有各10万吨/日水量，现对一、二期工程提标改造，总量20万吨/日，出水达标起1级A（四类水）','该项目为成熟工艺，资金为市政财政费用，项目执行无风险。','可承接合同',5,'2c9f02ba3ca2d52f013ca32777ed0009','2014-12-23 14:14:38',1,1,1,1,1,-1,1,-1,'',3,'','2c9f02ba3ca2d52f013ca323c3cc0005',3,NULL,NULL),(11,'庐江县县城污水处理工程（二期）成套设备供货及安装调试工程','庐江县城市污水处理有限公司','','',3500,'2014-04-10',100,'','','庐江县县城污水处理工程（二期）成套设备供货及安装调试总承包商招标，范围包含庐江县县城污水处理二期工程技术规范所规定的范围内的设备供货、检验、运输，并提供设备安装和指导、人员培训、调试、试运行、机械性能考核、运行期间的售后服务等技术服务，及所有其它为完善安装、运行所必要的内容。','','',99,'8ad9907e47333cb7014738fe1b700013','2015-02-02 12:11:05',NULL,NULL,NULL,NULL,NULL,NULL,NULL,NULL,NULL,NULL,NULL,'8ad9907e47333cb7014738ff65c90015',3,NULL,NULL),(12,'合肥经济技术开发区污水处理厂三期工程 ——设备采购及安装项目','合肥市重点工程建设管理局','东华工程科技股份有限公司','合肥市政府采购中心',8633.1,'2013-11-05',100,'','','','','',99,'8ad9907e47333cb7014738fe1b700013','2015-02-02 12:16:11',NULL,NULL,NULL,NULL,NULL,NULL,NULL,NULL,NULL,NULL,NULL,'2c9f02ba3ca2d52f013ca323c3cc0005',3,NULL,NULL),(13,'延安东路隧道大修工程动力系统设备','上海公路桥梁（集团）有限公司','','',600,'2015-02-05',0,'','','上海公路桥梁（集团）有限公司承建的上海市延安东路隧道大修工程现已全面进入实施阶段，目前对 延安东路隧道大修工程动力系统设备 进行邀请招标','','为内部招标邀请',-1,'2c9f02ba3ca2d52f013ca32610e20007','2015-02-03 10:42:12',1,1,1,1,1,1,1,-1,'',3,'','2c9f02ba3ca2d52f013ca3234ae60004',3,NULL,NULL),(14,'延安东路隧道大修工程给排水系统设备','上海公路桥梁（集团）有限公司','','',150,'2015-02-05',0,'','','上海公路桥梁（集团）有限公司承建的上海市延安东路隧道大修工程现已全面进入实施阶段，目前对 延安东路隧道大修工程给排水系统设备 进行邀请招标。','','内部招标邀请',-1,'2c9f02ba3ca2d52f013ca32610e20007','2015-02-03 10:47:38',1,1,1,1,1,1,1,-1,'',3,'','2c9f02ba3ca2d52f013ca3234ae60004',3,NULL,NULL),(15,'延安东路隧道大修工程环控系统设备（风机）','上海公路桥梁（集团）有限公司','','',200,'2015-02-05',0,'','','上海公路桥梁（集团）有限公司承建的上海市延安东路隧道大修工程现已全面进入实施阶段，目前对 延安东路隧道大修工程环控系统设备 进行邀请招标','','内部招标邀请',-1,'2c9f02ba3ca2d52f013ca32610e20007','2015-02-03 10:48:48',1,1,1,1,1,1,1,-1,'',3,'','2c9f02ba3ca2d52f013ca3234ae60004',3,NULL,NULL),(16,'延安东路隧道大修工程环控系统设备（阀门）','上海公路桥梁（集团）有限公司','','',200,'2015-02-05',0,'','','上海公路桥梁（集团）有限公司承建的上海市延安东路隧道大修工程现已全面进入实施阶段，目前对延安东路隧道大修工程环控系统设备进行邀请招标','','内部招标邀请',-1,'2c9f02ba3ca2d52f013ca32610e20007','2015-02-03 10:50:40',1,1,1,1,1,-1,1,-1,'',3,'','2c9f02ba3ca2d52f013ca3234ae60004',3,NULL,NULL),(17,'河北白沙烟草有限责任公司保定卷烟厂易地搬迁项目异味处理系统','河北白沙烟草有限责任公司保定卷烟厂','','河北筑城工程招标咨询有限公司',800,'2015-03-12',0,'','','','','',6,'2c9f02ba3ca2d52f013ca32610e20007','2015-03-02 09:18:44',1,1,1,1,1,-1,1,-1,'',3,'','2c9f02ba3ca2d52f013ca3234ae60004',3,NULL,NULL),(18,'杭州七格40万吨/如污水厂提标工程设备总包及安装','天津创业环保及杭州水投','上海市政院总院三分院','待定 ',12000,'2015-04-30',4,'设备及安装总包','','杭州七格40万吨/如污水厂提标工程设备总包及安装','1、采用成熟的深床反硝化工艺技术，2、资金业主自筹；','公司具备完成杭州七格40万吨/如污水厂提标工程设备总包及安装的实力。',3,'2c9f02ba3ca2d52f013ca32777ed0009','2015-03-05 13:48:59',NULL,NULL,NULL,NULL,NULL,NULL,NULL,NULL,NULL,NULL,NULL,'2c9f02ba3ca2d52f013ca323c3cc0005',3,NULL,NULL),(19,'三金潭污水处理厂扩建工程(二期工程)（除臭设备标）','武汉市城市排水发展有限公司','中国市政工程中南设计研究总院有限公司','中国市政工程中南设计研究总院有限公司',1600,'2015-03-17',0,'联合体','','除臭设备供货。','该项目有梅斯泰克和我公司合作，之前已做过，投标保证金也由梅斯泰克支付，成熟工艺及设备，无须垫资，基本无风险。','之前已做过，投标保证金也由梅斯泰克支付，可投标。',4,'2c9f02ba3ca2d52f013ca32777ed0009','2015-03-11 12:53:23',1,1,1,1,1,1,1,-1,'',3,'','2c9f02ba3ca2d52f013ca3234ae60004',3,NULL,NULL),(20,'海滨泵站高压开关柜更新改造工程','上海市城市排水有限公司','','上海丛鑫建设咨询有限公司',0,'2015-04-07',0,'','','海滨泵站高压开关柜更新改造工程24台高压开关柜设备制造、安装，及其他零星土建。合同内容主要包括但不限于下列项目的设计、制造、供货、运送到现场、安装、调试，以及设备在本文规定的保修期内的维修保养，并且为达到安全、满意的运行所必须的所有装配部件及附属设施，提供开始运行时所必须的相关材料，并应保证设备在各方面均能达到泵站运行的要求','','合作项目 可信度高',4,'2c9f02ba3ca2d52f013ca32610e20007','2015-03-26 09:06:27',1,1,1,1,1,-1,1,-1,'',3,'合作项目','2c9f02ba3ca2d52f013ca3234ae60004',3,NULL,NULL),(21,'威海博通热电股份有限公司#3脱硫及湿式电除尘工程','威海博通热电股份有限公司','','山东信一项目管理有限公司',0,'2015-04-20',0,'','','','','',4,'2c9f02ba3ca2d52f013ca32777ed0009','2015-04-16 14:07:47',1,1,1,1,1,-1,1,-1,'',3,'合作项目','2c9f02ba3ca2d52f013ca3234ae60004',3,NULL,NULL),(22,'1×130t/h 煤粉锅炉烟气脱硫装置及配套设备总包项目','陕西煤业化工集团神木电化发展有限公司','','陕西秦源招标有限责任公司',1000,'2015-05-08',0,'','','1×130t/h 煤粉锅炉烟气脱硫装置（FGD工艺）的总承包，包括项目设计、设备采购、安装、调试及施工（土建部分负责设计，不包括土建施工）。同时承担人员培训、操作规程编写、工程试运行结束、配合招标人办理竣工验收等工作。\r\n本装置要求采用石灰-石膏湿法烟气脱硫（FGD）工艺\r\n','','合作项目',6,'2c9f02ba3ca2d52f013ca32777ed0009','2015-04-29 13:16:25',1,1,1,1,1,-1,1,-1,'',3,'合作项目','2c9f02ba3ca2d52f013ca3234ae60004',3,NULL,NULL),(23,'青岛热电股份有限公司1#-4#锅炉SCR脱硝环保改造项目','青岛热电股份有限公司','','青岛佳易工程管理有限公司',0,'2015-06-02',0,'','','','','合作项目',-1,'2c9f02ba3ca2d52f013ca32777ed0009','2015-05-25 09:17:32',1,1,1,1,1,-1,1,-1,'市场部',3,'','2c9f02ba3ca2d52f013ca3234ae60004',3,NULL,NULL),(24,'青岛1#-4#锅炉SCR脱硝环保改造项目招标','青岛热电股份有限公司','','青岛佳易工程管理有限公司',0,'2015-06-02',0,'','','','','合作项目',4,'2c9f02ba3ca2d52f013ca32610e20007','2015-05-25 13:06:23',1,1,1,1,1,-1,1,-1,'',3,'','2c9f02ba3ca2d52f013ca3234ae60004',3,NULL,NULL),(25,'世行贷款昆明市轨道交通3号线一期工程车站设备(风水电)安装及设备区装修工程(标段1)','昆明轨道交通集团有限公司','','',10000,'2015-07-17',20,'','','昆明市轨道交通3号线一期工程','','',4,'2c9f02ba3ca2d52f013ca32777ed0009','2015-06-23 09:10:38',1,1,1,1,1,-1,1,-1,'',3,'','2c9f02ba3ca2d52f013ca3234ae60004',3,NULL,NULL),(26,'太仓市港城组团污水处理厂改扩建工程设备采购、安装项目','太仓市水处理有限责任公司','','',0,'2015-07-03',0,'','','合作项目','','',4,'2c9f02ba3ca2d52f013ca32777ed0009','2015-06-23 09:21:34',1,1,1,1,1,-1,1,-1,'',3,'','2c9f02ba3ca2d52f013ca3234ae60004',3,NULL,NULL),(27,'扎兰屯市秸秆电厂项目','扎兰屯市人民政府','','',1000,'2015-09-30',2,'','','干','','',3,'2c9f02ba3ca2d52f013ca32777ed0009','2015-06-23 09:49:49',NULL,NULL,NULL,NULL,NULL,NULL,NULL,NULL,NULL,NULL,NULL,'2c9f02ba3ca2d52f013ca3234ae60004',3,NULL,NULL),(28,'抚顺市矿业集团污水处理项目','抚顺市矿业集团','','',0,'2015-09-30',0,'','','','','',-1,'2c9f02ba3ca2d52f013ca32777ed0009','2015-06-23 09:53:39',NULL,NULL,NULL,NULL,NULL,NULL,NULL,NULL,NULL,NULL,NULL,'2c9f02ba3ca2d52f013ca3234ae60004',3,NULL,NULL),(29,'抚顺市矿业集团环保项目','抚顺市矿业集团','','',0,'2015-09-30',0,'','','','','',3,'2c9f02ba3ca2d52f013ca32777ed0009','2015-06-23 09:57:19',NULL,NULL,NULL,NULL,NULL,NULL,NULL,NULL,NULL,NULL,NULL,'2c9f02ba3ca2d52f013ca3234ae60004',3,NULL,NULL),(30,'北方联合电力有限责任公司包头第二热电厂20万机组储灰场覆土、绿化及喷淋降尘','包头第二热电厂','','',0,'2015-07-30',0,'','','','','',3,'2c9f02ba3ca2d52f013ca32777ed0009','2015-06-23 10:57:27',NULL,NULL,NULL,NULL,NULL,NULL,NULL,NULL,NULL,NULL,NULL,'2c9f02ba3ca2d52f013ca3234ae60004',3,NULL,NULL),(31,'包钢机制公司铸钢车间环保治理项目总承包','包钢集团机械设备制造有限公司','','',800,'2015-08-07',0,'','','','','',4,'2c9f02ba3ca2d52f013ca32777ed0009','2015-07-31 13:55:48',1,1,1,1,1,1,1,-1,'',1,'','2c9f02ba3ca2d52f013ca3234ae60004',3,NULL,NULL),(32,'老港再生能源利用中心二期工程生活垃圾焚烧线设备','上海老港固废综合开发有限公司','','上海国际招标有限公司',0,'2015-10-13',0,'','','','','',2,'2c9f02ba3ca2d52f013ca32777ed0009','2015-08-27 11:38:43',1,1,1,1,1,1,1,-1,'',3,'','2c9f02ba3ca2d52f013ca3234ae60004',3,NULL,NULL),(33,'上海电机学院焊接基础及智能化实验平台采购项目','上海电机学院','','上海沪港咨询建设有限公司',0,'2015-09-18',0,'','','合作项目','','',3,'2c9f02ba3ca2d52f013ca32777ed0009','2015-09-08 08:58:20',NULL,NULL,NULL,NULL,NULL,NULL,NULL,NULL,NULL,NULL,NULL,'2c9f02ba3ca2d52f013ca3234ae60004',3,NULL,NULL),(34,'上海电机学院焊接基础实验教学系统采购项目','上海电机学院','','上海沪港咨询建设有限公司',0,'2015-09-18',0,'','','合作项目','','',3,'2c9f02ba3ca2d52f013ca32777ed0009','2015-09-08 08:59:33',NULL,NULL,NULL,NULL,NULL,NULL,NULL,NULL,NULL,NULL,NULL,'2c9f02ba3ca2d52f013ca3234ae60004',3,NULL,NULL),(35,'上海老港固废综合开发有限公司老港再生能源利用中心二期工程生活垃圾焚烧线设备采购项目','上海老港固废综合开发有限公司','','上海国际招标有限公',0,'2015-10-13',0,'','','包件1：往复式机械炉排炉/8套  包件2：余热锅炉和烟气净化系统/8套','','',5,'2c9f02ba3ca2d52f013ca32777ed0009','2015-09-28 13:09:35',1,1,1,1,1,1,1,-1,'市场部',3,'','2c9f02ba3ca2d52f013ca3234ae60004',3,NULL,NULL),(36,'包头市九原区阿嘎如泰苏木补柏树沟嘎查牧民新村生活污水处理站改造项','包头市九原区阿嘎如泰苏木人民政府','','',50,'2015-10-12',0,'','','合作项目','','',5,'2c9f02ba3ca2d52f013ca32777ed0009','2015-09-30 09:55:10',1,1,1,1,1,-1,1,-1,'市场部',3,'','2c9f02ba3ca2d52f013ca3234ae60004',3,NULL,NULL),(37,'邯郸市人民东污水处理厂及系统配套工程（一期）厂区设备采购','邯郸市市政排水有限责任公司','','',0,'2015-11-12',0,'','','','','',5,'2c9f02ba3ca2d52f013ca32777ed0009','2015-11-06 15:57:08',1,1,1,1,1,-1,1,-1,'',3,'合作项目','2c9f02ba3ca2d52f013ca323c3cc0005',3,NULL,NULL),(38,'龙口矿业集团有限公司2×50MW半焦发电项目','龙口矿业集团有限公司','','',80000,'2016-03-24',100,'','','山东能源龙矿集团是以煤炭生产为基础，集热电联产、油页岩综合利用、煤炭储备配送、机械加工、建工建材、物流服务为一体的大型企业集团，油页岩炼油，产生的瓦斯气体及半焦用于发电，发电产生的粉煤灰用于制作建材，该资源利用方式符合国家环保节能、综合利用相关要求。半焦发电在国内茂名、桦甸已有成功经验，龙矿集团利用半焦燃烧产生热能建设2×50MW机组发电项目具有必要性和可行性。','进行详细的可行性考察，同时邀请上海电气财务公司跟进项目\r\n','已经进行了项目前期考察，政府部门相关批复已得到了验证。公司已经到现场实地考察，项目可信性得到了证实。\r\n',1,'8ad9907e501a48a00150ef5279b50001','2015-11-10 15:06:25',NULL,NULL,NULL,NULL,NULL,NULL,NULL,NULL,NULL,NULL,NULL,'8ad9907e47333cb70147391918dd001c',3,NULL,NULL),(39,'龙口矿业集团有限公司2×50MW半焦发电项目','龙口矿业集团有限公司','','',0,'2015-12-20',0,'','','山东能源龙矿集团是以煤炭生产为基础，集热电联产、油页岩综合利用、煤炭储备配送、机械加工、建工建材、物流服务为一体的大型企业集团，油页岩炼油，产生的瓦斯气体及半焦用于发电，发电产生的粉煤灰用于制作建材，该资源利用方式符合国家环保节能、综合利用相关要求。半焦发电在国内茂名、桦甸已有成功经验，龙矿集团利用半焦燃烧产生热能建设2×50MW机组发电项目具有必要性和可行性。','进行详细的可行性考察，同时邀请上海电气财务公司跟进项目','已经进行了项目前期考察，政府部门相关批复已得到了验证。公司已经到现场实地考察，项目可信性得到了证实。',3,'2c9f02ba3ca2d52f013ca32777ed0009','2015-11-10 16:16:37',1,1,1,1,1,1,1,1,'戴世杰，孔凡成',3,'','2c9f02ba3ca2d52f013ca3234ae60004',3,NULL,NULL),(40,'杭州红山热电有限公司清洁化改造项目','杭州红山热电有限公司','','',0,'2015-11-25',0,'','','梅思泰克合作项目','','',4,'2c9f02ba3ca2d52f013ca32777ed0009','2015-11-13 09:04:48',1,1,1,1,1,-1,1,-1,'',3,'','2c9f02ba3ca2d52f013ca3234ae60004',3,NULL,NULL),(41,'沙特阿美铸锻厂总包项目','沙特阿美石油公司(Saudi Aramco)','','',0,'2015-11-20',0,'','','','','',99,'2c9f02ba3ca2d52f013ca32777ed0009','2015-11-19 12:43:09',NULL,NULL,NULL,NULL,NULL,NULL,NULL,NULL,NULL,NULL,NULL,'2c9f02ba3ca2d52f013ca3234ae60004',3,NULL,NULL),(42,'三角轮胎股份有限公司密炼异味处理装置采购项目','三角轮胎股份有限公司','','',0,'2015-12-15',0,'','','梅思泰克合作项目','','',1,'2c9f02ba3ca2d52f013ca32777ed0009','2015-12-03 16:29:17',NULL,NULL,NULL,NULL,NULL,NULL,NULL,NULL,NULL,NULL,NULL,'8ad9907e4a5c69c4014b4d56558d0002',3,NULL,NULL),(43,'密炼异味处理装置采购项目','三角轮胎股份有限公司','','',0,'2015-12-15',0,'','','','','',3,'2c9f02ba3ca2d52f013ca32777ed0009','2015-12-03 16:32:22',NULL,NULL,NULL,NULL,NULL,NULL,NULL,NULL,NULL,NULL,NULL,'2c9f02ba3ca2d52f013ca3234ae60004',3,NULL,NULL),(44,'上海国际金融中心项目','上海证券交易所，中国金融期货交易所股份有限公司，中国证券登记结算有限公司','','',0,'2015-12-29',0,'','','','','',3,'2c9f02ba3ca2d52f013ca32777ed0009','2015-12-09 09:43:04',NULL,NULL,NULL,NULL,NULL,NULL,NULL,NULL,NULL,NULL,NULL,'2c9f02ba3ca2d52f013ca3234ae60004',3,NULL,NULL),(45,'神华烟气脱硫脱硝及除尘技改项目锅炉改造EPC总承包','神华宁夏煤业集团有限责任公司','','',3000,'2016-03-01',20,'','','神华宁煤集团煤化工公司3台3×240t/h锅炉进行改造,4台锅炉管式空预器改造','主要风险是没有预付款，并且合同签定后要求开具保函。主要控制措施，合同签定后要求预付合同总额15%预付款','上海霍尔尼自动化系统有限公司能对锅炉、汽轮机进行设计、制造、质保、调试及运行工作，有丰富的项目工程经验',1,'8ad9907e501a48a00150ef5279b50001','2016-02-25 14:20:30',NULL,NULL,NULL,NULL,NULL,NULL,NULL,NULL,NULL,NULL,NULL,'8ad9907e47333cb70147391918dd001c',3,NULL,NULL),(46,'新疆烟草工商一体化物流配送中心空调设备采购项目','红云红河烟草（集团）有限责任公司新疆卷烟厂','','',350,'2016-03-01',5,'','','','','',1,'8ad9907e501a48a00150ef5279b50001','2016-02-25 16:54:06',NULL,NULL,NULL,NULL,NULL,NULL,NULL,NULL,NULL,NULL,NULL,'8ad9907e47333cb7014738ff65c90015',3,NULL,NULL),(47,'新疆烟草工商一体化物流配送中心机电安装工程 ','红云红河烟草（集团）有限责任公司新疆卷烟厂','','',1250,'2016-03-01',10,'','','','','',1,'8ad9907e501a48a00150ef5279b50001','2016-02-25 16:55:59',NULL,NULL,NULL,NULL,NULL,NULL,NULL,NULL,NULL,NULL,NULL,'8ad9907e47333cb7014738ff65c90015',3,NULL,NULL),(48,'龙华机场空调系统','中国东方航空','','',1,'2016-05-18',1,'','','','','',3,'8ad9907e47333cb7014738fe1b700013','2016-03-07 15:32:43',NULL,NULL,NULL,NULL,NULL,NULL,NULL,NULL,NULL,NULL,NULL,'8ad9907e47333cb701473933df140026',3,NULL,NULL),(49,'虹桥西区弱电系统','中国东方航空','','',1,'2016-06-02',1,'','','','','',3,'8ad9907e47333cb7014738fe1b700013','2016-03-07 15:34:43',NULL,NULL,NULL,NULL,NULL,NULL,NULL,NULL,NULL,NULL,NULL,'8ad9907e47333cb701473933df140026',3,NULL,NULL),(50,'龙华机场改造项目','常州机场','','',1,'2016-05-31',1,'','','','','',-1,'8ad9907e47333cb7014738fe1b700013','2016-03-23 08:44:24',1,1,1,1,1,-1,1,-1,'',3,'','8ad9907e47333cb701473933df140026',3,NULL,NULL),(51,'福建永荣动力站项目','福建永荣科技有限公司','','',50000,'2016-06-22',50,'','','福建永荣动力站项目，主机配置为3x230tph煤粉炉+2x18MW汽轮机','','',1,'8ad9907e47333cb7014738fe1b700013','2016-03-24 09:22:53',NULL,NULL,NULL,NULL,NULL,NULL,NULL,NULL,NULL,NULL,NULL,'8ad9907e47333cb701473933df140026',3,NULL,NULL),(52,'新疆烟草工商一体化物物流配送中心机电安装工程','红云红河烟草（集团）有限责任公司新疆卷烟厂','','',1250,'2016-04-04',5,'','','新疆烟草工商一体化物物流配送中心机电安装工程施工图纸及招标文件、清单、补充文件范围内的所有机电安装工作内容','','',1,'8ad9907e47333cb7014738fe1b700013','2016-03-31 12:49:36',NULL,NULL,NULL,NULL,NULL,NULL,NULL,NULL,NULL,NULL,NULL,'8ad9907e47333cb7014738ff65c90015',3,NULL,NULL),(53,'新疆烟草工商一体化物物流配送中心机电安装工程','红云红河烟草（集团）有限责任公司新疆卷烟厂','','',1250,'2016-04-30',5,'','','新疆烟草工商一体化物物流配送中心机电安装工程施工图纸及招标文件、清单、补充文件范围内的所有机电安装工作内容，4月6日资格预审通过后购买标书。','','',3,'8ad9907e47333cb7014738fe1b700013','2016-03-31 12:54:41',NULL,NULL,NULL,NULL,NULL,NULL,NULL,NULL,NULL,NULL,NULL,'8ad9907e47333cb7014738d601b70008',3,NULL,NULL),(54,'青岛恒源热电有限公司2*130t/h锅炉超低排放改造','青岛恒源热电有限公司','','',1504.67295,'2016-04-26',50,'','','梅思泰克合作项目','','',1,'8ad9907e47333cb7014738fe1b700013','2016-04-05 10:02:27',NULL,NULL,NULL,NULL,NULL,NULL,NULL,NULL,NULL,NULL,NULL,'8ad9907e47333cb701473933df140026',3,NULL,NULL),(55,'恒源热电生物质能源热电联产供热工程项目所需脱硫、脱硝系统','青岛恒源热电有限公司','','',1504.67295,'2016-04-26',50,'','','与梅思泰克合作项目','','',2,'8ad9907e47333cb7014738fe1b700013','2016-04-05 15:02:45',NULL,NULL,NULL,NULL,NULL,NULL,NULL,NULL,NULL,NULL,NULL,'8ad9907e47333cb701473933df140026',3,NULL,NULL),(56,'常州机场改造项目','常州机场','','',1500,'2016-12-21',0,'','','该项目属于政府投资项目，常州奔牛机场建成以来，由于能效达不到要求，急需改造。','该项目整体系统还需重新设计，我司缺乏这方面的经验。','经过实地考察，实施的可信性较高',3,'8ad9907e47333cb7014738fe1b700013','2016-05-11 11:06:57',NULL,NULL,NULL,NULL,NULL,NULL,NULL,NULL,NULL,NULL,NULL,'8ad9907e47333cb701473933df140026',3,NULL,NULL),(57,'顶峰热电有限公司5、6#锅炉本体检修与优化燃烧改造项目','武安顶峰热电有限公司','',' 浙江盾安供应链管理有限公司',3500,'2016-05-23',35,'','','该公司目前运行两台锅炉（240+350t/h）均为济南锅炉厂制造，5#锅炉额定蒸发量为240t/h，但从投产至今蒸汽负荷最大出力为195~200t/h左右，从未达到额定运行工况。且蒸汽温度最高不足420℃。6#锅炉额定蒸发量为350t/h，目前最高负荷为270t/h。用户求对其进行改造。','主要风险可控，有20%预付款，并且合同签定后要求开具保函。','对于武安顶峰热电有限公司锅炉改造项目，中标后由上海环保工程成套公司负责签定总包合同，上海霍尔尼公司负责项目实施与执行（包括锅炉设计、制造、安装、调试与售后服务）。',2,'8ad9907e47333cb7014738fe1b700013','2016-05-20 10:19:26',NULL,NULL,NULL,NULL,NULL,NULL,NULL,NULL,NULL,NULL,NULL,'8ad9907e47333cb701473933df140026',3,NULL,NULL),(58,'武安顶峰热电有限公司5、6#锅炉本体检修与优化燃烧改造项目','武安顶峰热电有限公司','','浙江盾安供应链管理有限公司',3500,'2016-05-23',35,'','','该公司目前运行两台锅炉（240+350t/h）均为济南锅炉厂制造，5#锅炉额定蒸发量为240t/h，但从投产至今蒸汽负荷最大出力为195~200t/h左右，从未达到额定运行工况。且蒸汽温度最高不足420℃。6#锅炉额定蒸发量为350t/h，目前最高负荷为270t/h。用户求对其进行改造。','主要风险可控，有20%预付款，并且合同签定后要求开具保函。','对于武安顶峰热电有限公司锅炉改造项目，中标后由上海环保工程成套公司负责签定总包合同，上海霍尔尼公司负责项目实施与执行（包括锅炉设计、制造、安装、调试与售后服务）。',1,'8ad9907e47333cb7014738fe1b700013','2016-05-20 13:53:10',NULL,NULL,NULL,NULL,NULL,NULL,NULL,NULL,NULL,NULL,NULL,'8ad9907e47333cb701473933df140026',3,NULL,NULL),(59,'青岛金泓热电3×116MW 循环流化床锅炉超低排放改造工程','青岛金泓热电有限公司','','山东万信项目管理有限公司',4170,'2016-05-31',12.5,'','','本工程拟建设青岛金泓热电有限公司3×116MW 循环流化床锅炉超低排放改造工程，招标内容包括三个标段：\r\n标段一:脱硫系统改造与新增湿式电除尘；2250万元\r\n标段二:新增SCR脱硝系统与空预器改造。1920万元\r\n标段三：布袋除尘器与风机改造。1638万元\r\n经过开会决定投标段一及标段二','该项目为与梅思泰克合作项目。具体风险及控制措施见会议纪要。','根据以往与梅思泰克的合作经验，实施的可信性有保障。',1,'8ad9907e47333cb7014738fe1b700013','2016-05-24 16:29:13',NULL,NULL,NULL,NULL,NULL,NULL,NULL,NULL,NULL,NULL,NULL,'8ad9907e47333cb701473933df140026',3,NULL,NULL),(60,'赤峰市固废废弃物综合处置中心建设项目生活垃圾焚烧发电厂（一期）特许经营项目','赤峰市住房和城乡建设委员会','','',60000,'2016-07-31',120,'','','本项目处理总规模为1200吨/日，其中，一期800吨/日，二期400吨/日。项目拟采取机械炉排炉工艺，垃圾焚烧炉采用空冷形式。本项目采取特许经营（BOT）方式进行建设，项目特许经营期30年，其中建设期2年，运营维护期28年。','政府BOT项目，工期紧，要求高。公司将甄选优秀的项目经理和执行团队，将风险降到最低。','公司已有相关发电机组执行经验，该项目技术上并没有特殊要求，有比较成熟的成型技术。',1,'8ad9907e47333cb7014738fe1b700013','2016-05-30 16:50:36',NULL,NULL,NULL,NULL,NULL,NULL,NULL,NULL,NULL,NULL,NULL,'8ad9907e47333cb701473933df140026',3,NULL,NULL),(61,'海宁市红宝热电有限公司脱硫湿电除尘改造项目','海宁市红宝热电有限公司','','海宁市红宝热电有限公司',2000,'2016-06-20',0,'','','本工程为总进行清洁化改造，通过改造后烟气污染物排放标准，即在基准氧含量6%条件下，在锅炉负荷40%~110%任意负荷情况下，烟尘排放浓度不大于5mg/m3、二氧化硫排放浓度不大于35mg/m3，本工程为总承包交钥匙工程。','项目预付款10%较低，但是有50%的到货款','红宝热电为红山热电的兄弟企业，且此次项目比当初红山热电项目在付款条件上有很明显改变',3,'8ad9907e47333cb7014738fe1b700013','2016-06-13 08:52:44',NULL,NULL,NULL,NULL,NULL,NULL,NULL,NULL,NULL,NULL,NULL,'8ad9907e47333cb701473933df140026',3,NULL,NULL),(62,'东方航空西北分公司空调等设备采购','中国东方航空股份有限公司西北分公司','','中国东方航空股份有限公司西北分公司',380,'2016-06-17',0,'','','中国东方航空西北分公司东方航空城A区工程空调设备、工程风机、冷却塔的加工、供货、安装指导、调试、验收、检测、培训、质保期服务与货物有关的运输和保险及其它伴随服务。','中国东方航空西北分公司东方航空城A区工程已由陕西省发展和改革委员会以陕发改综合【2011】356号《关于下达陕西省2011年国民经济和社会发展计划的通知》批准建设，采购资金来自企业自筹。','业主单位的信誉较好。',3,'8ad9907e47333cb7014738fe1b700013','2016-06-15 10:21:59',NULL,NULL,NULL,NULL,NULL,NULL,NULL,NULL,NULL,NULL,NULL,'8ad9907e47333cb701473933df140026',3,NULL,NULL),(63,'漕宝路115号15、16号楼空调系统设备采购与安装工程---招标文件','上海环保工程成套有限公司','','',430,'2016-06-22',5,'','','漕宝路115号15号楼、16号楼多联机空调系统、新风系统、排风系统，包括空调、新风、排风设备的采购，设备及系统管线的安装。','工期短，时间紧张，各个环节要考虑全面。','融资方为我们上海环保集团公司，保证施工进行。',99,'8ad9907e536ebba60155531b306d0001','2016-06-16 09:28:36',NULL,NULL,NULL,NULL,NULL,NULL,NULL,NULL,NULL,NULL,NULL,'8ad9907e47333cb7014738ff65c90015',2,NULL,NULL),(64,'漕宝路115号15、16号楼空调系统设备采购与安装工程---招标代理协议','上海环保工程成套有限公司','','',3.5,'2016-06-17',0.03,'','','','','',99,'8ad9907e536ebba60155531b306d0001','2016-06-16 09:38:25',NULL,NULL,NULL,NULL,NULL,NULL,NULL,NULL,NULL,NULL,NULL,'8ad9907e47333cb7014738ff65c90015',2,NULL,NULL),(65,'青浦百隆五金屋顶分布式光伏发电项目PC承包工程','上海申朗新能源科技发展股份有限公司','','',1200,'2016-06-24',0,'','','完成从太阳能光伏电站太阳能电池至并网点的全部工程设备材料采购供应、建筑安装工程施工、工程质量及工期控制、工程管理、设备监造、培训、调试、试运直至验收交付生产、以及在质量保修期内的消缺等全过程的工作，在满足合同其它责任和义务的同时使本项目符合相关达标验收的要求；工程实施过程中要求提供设备的试验、运行、维护手册。\r\n合同工期：工期120天','主要风险可控，每月20日前，承包人按照投标文件中价格报价文件格式，申报工程进度款，发包人对承包人的实体已完工程并已验收工程进行审核。发包人7日内完成审核，审核完毕后7日内完成支付。对于承包人已进场但未安装，或已安装但未验收项目，发包人不予支付。发包人每月支付审核进度的80%工程款，并网后支付到90%。上述支付不含项目预留金。','对于青浦百隆五金屋顶光伏发电项目PC承包工程1.38MWp，中标后由上海环保工程成套公司负责签定PC总包合同，上海申朗新能源科技发展股份有限公司负责项目实施与执行（包括设计、制造、安装、调试与售后服务）。\r\n',1,'8ad9907e47333cb7014738fe1b700013','2016-06-23 13:31:31',NULL,NULL,NULL,NULL,NULL,NULL,NULL,NULL,NULL,NULL,NULL,'8ad9907e47333cb701473933df140026',3,NULL,NULL),(66,'徐州2*130CFB生物质锅炉','徐州宜丰堡环保热电有限公司','','',20000,'2016-07-08',40,'','','徐州宜丰堡环保热电有限公司成立于2006年12月1日，法定代表申炎滨，注册资本6000万元人民币，位于徐州市铜山县三堡镇胜阳村，目前中国电力投资集团公司准备购买该公司的70%的股份，用以投资建设2*130CFB生物质锅炉项目。','付款风险，必须确认由中电投购买其70%的股份。','在中电投投资的情况下，能实施。',1,'8ad9907e47333cb7014738fe1b700013','2016-07-06 16:26:28',NULL,NULL,NULL,NULL,NULL,NULL,NULL,NULL,NULL,NULL,NULL,'8ad9907e47333cb701473933df140026',3,NULL,NULL),(67,'平山县寨北乡指角沟村西坡20兆瓦光伏电站项目','平山县天汇能源科技有限公司','','',7950,'2016-10-04',16,'','','平山县寨北乡指角沟村西坡20兆瓦光伏电站项目，我司负责项目EPC总包','财务融资风险，财务部将和投资公司一起就其担保等融资必要条件进行审核，降低风险','技术上没有特别的难点，控制财务融资风险后项目具有可行性',1,'8ad9907e47333cb7014738fe1b700013','2016-07-18 12:36:01',NULL,NULL,NULL,NULL,NULL,NULL,NULL,NULL,NULL,NULL,NULL,'8ad9907e47333cb701473933df140026',3,NULL,NULL),(68,'泰国宋卡25MW生物质发电EPC项目','菲达国际电力科技有限公司','湖南省电力设计院有限公司','',6000,'2016-06-16',18,'','','泰国宋卡25MW生物质发电EPC项目，使用橡胶木作为燃料，业主为GED（海湾能源发展有限公司），PPA购电协议将会和泰国国家电力管理局签署。本工程位于泰国南部宋卡省，距离Hadyai国际机场约45公里，距离发电局燃气电站约12公里。2016年7月11日为项目投标截止日期，菲达国际电力科技有限公司已在供应商名单之中，已参与此EPC项目的投标工作。我们公司作为此EPC项目的分包商，负责汽轮机岛，供电系统和上网系统的采购工作。','风险1：本公司作为此项目的分包商，与总承包方的职责划分并十分详细与明确。措施1：要在接下来的合作谈判中细化合同范围。风险2：分包合同预付款付款时间尚未明确。措施2：需要后续谈判和加强管理。\r\n','总包方为新加坡菲达国际电力科技有限公司，负责与泰国业主进行沟通协调，拥有较强大的背景关系。',3,'8ad9907e47333cb7014738fe1b700013','2016-07-25 15:49:46',NULL,NULL,NULL,NULL,NULL,NULL,NULL,NULL,NULL,NULL,NULL,'8ad9907e47333cb701473933df140026',3,NULL,NULL),(69,'嘉定区201602号污染场地修复方案编制及治理修复工程可行性研究','上海市嘉定区土地储备中心','','上海嘉定招投标工程审价咨询有限公司',70,'2016-08-10',0,'','','嘉定区201602号污染场地修复工地','与海达按照公司要求签订战略合作协议','该项目是与海达合作项目',3,'8ad9907e47333cb7014738fe1b700013','2016-07-26 15:34:54',NULL,NULL,NULL,NULL,NULL,NULL,NULL,NULL,NULL,NULL,NULL,'8ad9907e47333cb701473933df140026',3,NULL,NULL),(70,'肥西县中马排涝站工程设备采购及安装调试','肥西县建设局','','',2888,'2016-08-17',9,'','','肥西县中马排涝泵站服务面积3.93km2。主要内容包括新建1座排涝泵站、新建调蓄池、新建檀香路明渠等工程。其中新建泵站设计规模为20m3/s。付款方式：在承包方提供合同总价10%的预付款保函后，发包方提供合同总价10%的预付款；设备到货、验收合格后支付至到场货物价款的65%，安装费每月按发包方审核完成','无','可行',-1,'8ad9907e47333cb7014738fe1b700013','2016-07-27 14:16:00',NULL,NULL,NULL,NULL,NULL,NULL,NULL,NULL,NULL,NULL,NULL,'8ad9907e47333cb701473933df140026',3,NULL,NULL),(71,'肥西县中马排涝站工程设备采购及安装调试','肥西县建设局','济南市市政工程设计研究院（集团）有限责任公司','',2888,'2016-08-17',9,'','','肥西县中马排涝泵站服务面积3.93km2。主要内容包括新建1座排涝泵站、新建调蓄池、新建檀香路明渠等工程。其中新建泵站设计规模为20m3/s。付款方式：在承包方提供合同总价10%的预付款保函后，发包方提供合同总价10%的预付款；设备到货、验收合格后支付至到场货物价款的65%，安装费每月按发包方审核完成','无','可行',3,'8ad9907e47333cb7014738fe1b700013','2016-07-27 14:24:41',NULL,NULL,NULL,NULL,NULL,NULL,NULL,NULL,NULL,NULL,NULL,'8ad9907e47333cb701473933df140026',3,NULL,NULL),(72,'太原水塔项目','太原水塔绿色能源有限公司','','',31551,'2016-08-02',60,'','','项目主要内容：3台50t/h循环流化床生物质炉、配2×15MW空冷发电机组。项目总投资与资金使用情况：项目总投资31551万元，拟企业自筹11551万元，融资20000万元。','主要风险可控，承包人协调投资方，按照规定申报工程进度款，发包人对承包人的实体已完工程并已验收工程进行审核。','上海环保工程成套公司协调投资方与业主关系，负责签定EPC总包合同。 \r\n',1,'8ad9907e47333cb7014738fe1b700013','2016-08-15 14:58:24',NULL,NULL,NULL,NULL,NULL,NULL,NULL,NULL,NULL,NULL,NULL,'8ad9907e47333cb701473933df140026',3,NULL,NULL),(73,'光伏发电项目EPC承包工程50MWp','上海申朗新能源科技发展股份有限公司','','',30000,'2016-08-30',60,'','','完成从太阳能光伏电站太阳能电池至升压站变压器出口的设计、设备材料采购供应、建筑安装工程施工、工程质量及工期控制、调试试运行、验收移交、以及在质量保修期内保修的工作；本合同暂定建设容量50MWp，根据发包方项目实际审批进度分期实施，并按照实际建设容量进行同步结算。每单个具体项目另行签订项目确认书（价格，装机容量等），做为最终结算依据。','主要风险可控。工程部分：10%预付款；业主每月支付进度的90%工程款，并网后支付到合同工程部分价款基数95%.设备组件：我方垫资采购，180天内业主一次性付清100%设备总款项；后期所有问题均由业主承担。若业主不能按期支付，则迟付款项按同期银行贷款利率1.5倍计息。合同价款工程部分基数的5%作为质保金，质保期1年；\r\n','对于光伏发电项目EPC承包工程50MWp，中标后由上海环保工程成套公司负责签定EPC总包合同，上海申朗新能源科技发展股份有限公司负责项目实施与执行（包括设计、制造、安装、调试与售后服务）',1,'8ad9907e47333cb7014738fe1b700013','2016-08-19 15:26:35',NULL,NULL,NULL,NULL,NULL,NULL,NULL,NULL,NULL,NULL,NULL,'8ad9907e47333cb701473933df140026',3,NULL,NULL),(74,'上海竹园1100吨/天 污泥干化焚烧工程项目','上海城投水务集团','上海城建院','上海国招',40000,'2016-11-30',30,'','','上海市市政环保重点工程项目，采用污泥干化焚烧工艺技术','公司之前投标过类似工程项目 分别有：深圳老虎坑800吨/天污泥干化焚烧；深圳上洋800吨/天污泥干化焚烧及上海竹园一期800吨/天污泥干化焚烧项目 积累了较为丰富的技术经验，技术上无风险。业主方为城投水务集团，市政拨款，资金上无风险。','加强工程管理，实施无风险。',3,'8ad9907e47333cb7014738fe1b700013','2016-08-31 15:58:18',NULL,NULL,NULL,NULL,NULL,NULL,NULL,NULL,NULL,NULL,NULL,'8ad9907e47333cb701473933df140026',3,NULL,NULL),(75,'10MWp 分布式光伏发电集成系统工程','通裕重工股份有限公司','','',7000,'2016-08-18',14,'','','EPC工程总承包及融资服务，包括（但不仅限于）：所有电气设备采购、材料采购、运输及装卸和管理；所有工程施工准备与施工及验收（包括：并网验收；预验收；消防验收；竣工验收；竣工环保验收；并网安全性评价及相关部门要求完成的其他工作）；设备安装与调试及检 测试验；发电系统试运行；建设期工程保险；移交以及质保期内的服务。','投标方提供融资合作方，融资额占合同总金额80%。','上海环保工程成套公司协调投资方与业主关系，负责签定EPC总包合同。',1,'8ad9907e47333cb7014738fe1b700013','2016-09-01 16:30:33',NULL,NULL,NULL,NULL,NULL,NULL,NULL,NULL,NULL,NULL,NULL,'8ad9907e47333cb701473933df140026',3,NULL,NULL),(76,'青岛热电股份有限公司4×75t/h煤粉炉超低排放（脱硝环保）改造','青岛热电股份有限公司','山东中钢招标有限公司','',1500,'2016-09-19',0,'','','买方现有4台75t/h煤粉锅炉，制粉系统采用热风送粉，脱硝工艺为低氮燃烧+SCR脱硝系统（系统设计三层催化剂，现装备两层），可保证在50%～110%锅炉额定负荷下，SCR装置入口NOx浓度约为500mg/m3，SCR脱硝装置的NOx脱除率不低于80 %，出口NOx浓度≤100mg/m3。要求本次超低排放脱硝改造项目完成后卖方保证在50%～110%锅炉额定负荷下SCR脱硝装置出口NOx浓度≤50mg/m3（干基、标态、6%O2），达到超低排放标准的要求。','该项目为梅思泰克合作项目','付款方式较好，和业主以前有过合作。',3,'8ad9907e47333cb7014738fe1b700013','2016-09-13 14:34:04',NULL,NULL,NULL,NULL,NULL,NULL,NULL,NULL,NULL,NULL,NULL,'8ad9907e47333cb701473933df140026',3,NULL,NULL),(77,'新建','二','','',0,'2016-09-06',0,'','','','','',4,'8ad9907e47333cb7014738fe1b700013','2016-09-18 09:36:47',1,1,1,1,1,1,1,-1,'',3,'','8ad9907e47333cb701473933df140026',3,NULL,NULL),(78,'龙游县湖镇镇客路村30MWp农光互补光伏发电项目','中机国能龙游新能源有限公司 ','','',19500,'2016-09-26',39,'','','完成从太阳能光伏电站太阳能电池至升压站变压器出口的设计、设备材料采购供应、建筑安装工程施工、工程质量及工期控制、调试试运行、验收移交、以及在质量保修期内保修的工作；本合同建设容量30MWp。合同工期：每期建设周期为210天。自承包方收到足额预付款、双方确认具备开工条件时起算。','1、 主要风险可控。\r\n2、 合同签订5日后，支付总包额30%作为预付款；工程部份按每月支付工程进度的90%进度款，留5%作为质保金，质保期1年；设备部分按50%到货款，10%安装调试完毕支付，10%并网发电后支付。发包方未按期支付则按同期银行利率1.5倍计息。','对于光伏发电项目EPC承包工程30MWp，中标后由上海环保工程成套公司负责签定EPC总包合同，中机国能龙游新能源有限公司负责项目实施与执行（包括设计、制造、安装、调试与售后服务）。',1,'8ad9907e47333cb7014738fe1b700013','2016-09-28 14:04:33',NULL,NULL,NULL,NULL,NULL,NULL,NULL,NULL,NULL,NULL,NULL,'8ad9907e4de01b26014e6206ec750002',3,NULL,NULL),(79,'新疆城市综合发展项目南郊污水处理厂升级改造及已建部分改造设备设计、供货与安装项目电气仪表包','克拉玛依市建设局','新疆石油勘察设计研究院','五矿国际招标有限责任公司',4355,'2016-12-16',2,'','','项目规模为10×104m3/d。业主为克拉玛依市建设局，资金来源为亚行贷款。项目分为两部分：提标部分：从一级B到一级A，本工程计划采用硝化池+混凝沉淀+深床滤池的处理工艺方案。 工艺包采用美国STS的技术。改造部分：老厂区仪表、污泥脱水机等设备改造。','汇率风险需要管控','可实施',3,'8ad9907e47333cb7014738fe1b700013','2016-10-25 11:54:59',NULL,NULL,NULL,NULL,NULL,NULL,NULL,NULL,NULL,NULL,NULL,'8ad9907e47333cb7014738d72129000a',3,NULL,NULL),(80,'新疆城市综合发展项目南郊污水处理厂升级改造及已建部分改造设备设计、供货与安装项目核心工艺包','克拉玛依市建设局','新疆石油勘察设计研究院','五矿国际招标有限责任公司',6700,'2016-12-16',2,'','','项目规模为10×104m3/d。业主为克拉玛依市建设局，资金来源为亚行贷款。项目分为两部分：提标部分：从一级B到一级A，本工程计划采用硝化池+混凝沉淀+深床滤池的处理工艺方案。 工艺包采用美国STS的技术。改造部分：老厂区仪表、污泥脱水机等设备改造。','汇率风险需要管控','可实施',1,'8ad9907e47333cb7014738fe1b700013','2016-10-25 11:57:56',NULL,NULL,NULL,NULL,NULL,NULL,NULL,NULL,NULL,NULL,NULL,'8ad9907e47333cb7014738d72129000a',3,NULL,NULL),(81,'新疆城市综合发展项目南郊污水处理厂升级改造及已建部分改造设备设计、供货与安装项目设备包','克拉玛依市建设局','新疆石油勘察设计研究院','五矿国际招标有限责任公司',5695,'2016-12-16',2,'','','项目规模为10×104m3/d。业主为克拉玛依市建设局，资金来源为亚行贷款。项目分为两部分：提标部分：从一级B到一级A，本工程计划采用硝化池+混凝沉淀+深床滤池的处理工艺方案。 工艺包采用美国STS的技术。改造部分：老厂区仪表、污泥脱水机等设备改造。','汇率风险需要管控','可实施',1,'8ad9907e47333cb7014738fe1b700013','2016-10-25 12:00:01',NULL,NULL,NULL,NULL,NULL,NULL,NULL,NULL,NULL,NULL,NULL,'8ad9907e47333cb7014738d72129000a',3,NULL,NULL),(82,'项目市场经理测试','华鑫中心','','',12222,NULL,0,'','','','','',1,'8ad9907e47333cb7014738fe1b700013','2016-11-15 10:52:47',NULL,NULL,NULL,NULL,NULL,NULL,NULL,NULL,NULL,NULL,NULL,'8ad9907e47333cb701473901852c0018',3,2,'2c9f04e45865690d0158656b058d0001'),(83,'项目市场经理测试2','华鑫中心','','',0,NULL,0,'','','','','',1,'8ad9907e47333cb7014738fe1b700013','2016-11-15 10:55:47',NULL,NULL,NULL,NULL,NULL,NULL,NULL,NULL,NULL,NULL,NULL,'8ad9907e47333cb701473933df140026',3,2,'2c9f02ba3ca2d52f013ca326fd230008');
/*!40000 ALTER TABLE `project_approval_record` ENABLE KEYS */;
UNLOCK TABLES;

--
-- Table structure for table `project_attachment`
--

DROP TABLE IF EXISTS `project_attachment`;
/*!40101 SET @saved_cs_client     = @@character_set_client */;
/*!40101 SET character_set_client = utf8 */;
CREATE TABLE `project_attachment` (
  `pa_id` int(11) NOT NULL AUTO_INCREMENT,
  `pa_tender_project` int(11) DEFAULT NULL,
  `pa_attachment_category` int(11) DEFAULT NULL,
  `pa_code` varchar(45) DEFAULT NULL,
  `pa_name` varchar(100) DEFAULT NULL,
  `pa_url` varchar(100) DEFAULT NULL,
  `pa_flag` int(11) NOT NULL,
  `pa_create_user` varchar(45) NOT NULL,
  `pa_create_time` datetime NOT NULL,
  `pa_local_url` varchar(100) DEFAULT NULL,
  `pa_submit_date` date DEFAULT NULL,
  `pa_description` varchar(200) DEFAULT NULL,
  `pa_submit_department` int(11) DEFAULT NULL,
  `pa_input_interface` int(11) DEFAULT NULL,
  `pa_contract` int(11) DEFAULT NULL,
  `pa_project_approval_record` int(11) DEFAULT NULL,
  PRIMARY KEY (`pa_id`),
  UNIQUE KEY `pa_id_UNIQUE` (`pa_id`)
) ENGINE=InnoDB AUTO_INCREMENT=128 DEFAULT CHARSET=gbk;
/*!40101 SET character_set_client = @saved_cs_client */;

--
-- Dumping data for table `project_attachment`
--

LOCK TABLES `project_attachment` WRITE;
/*!40000 ALTER TABLE `project_attachment` DISABLE KEYS */;
INSERT INTO `project_attachment` VALUES (73,NULL,5,'Z-0001','孙提交的公共资料','d:\\upload\\\\1416965718576.exe',-1,'2c9f02ba3ca2d52f013ca32c298e0010','2014-11-26 09:35:18','C:\\fakepath\\winlinez.exe','2014-11-26','',2,1,NULL,NULL),(74,NULL,1,'A-0001','管理制度（一）','d:\\upload\\\\1422932259507.docx',0,'8ad9907e47333cb70147390326a90019','2015-02-03 10:57:39','C:\\fakepath\\上海环保工程成套有限公司项目管理制度（修订）-最终版.docx','2015-02-03','',6,1,NULL,NULL),(75,NULL,5,'Z-0003','保定异味处理招标文件','d:\\upload\\17\\1425435111146.20.doc',0,'2c9f02ba3ca2d52f013ca32610e20007','2015-03-04 10:11:51','C:\\fakepath\\保定异味处理 招标文件1.20.doc','2015-03-04',NULL,NULL,4,NULL,17),(76,NULL,4,'D-0002','招标文件','d:\\upload\\19\\1426059516737.zip',0,'2c9f02ba3ca2d52f013ca32777ed0009','2015-03-11 15:38:36','C:\\fakepath\\转发：技术规范三金潭除臭设备(一期工程)(2015-1-29).zip','2015-03-11',NULL,NULL,4,NULL,19),(77,52,4,'D-0003','设备维修保养合同','d:\\upload\\52\\1427098729513.rar',0,'2c9f02ba3ca2d52f013ca32777ed0009','2015-03-23 16:18:49','C:\\fakepath\\闵行维保项目合同2015.rar','2015-03-23',NULL,NULL,3,1,NULL),(78,54,5,'Z-0004','订进合同','d:\\upload\\54\\1427441086934.doc',0,'2c9f02ba3ca2d52f013ca32610e20007','2015-03-27 15:24:46','C:\\fakepath\\神华包头煤化工脱硫项目合同.doc','2015-03-27',NULL,NULL,2,NULL,NULL),(79,NULL,5,'Z-0005','招标文件','d:\\upload\\20\\1427680616857.doc',0,'2c9f02ba3ca2d52f013ca32610e20007','2015-03-30 09:56:56','C:\\fakepath\\海滨泵站高压柜更新改造招标文件打印稿.doc','2015-03-30',NULL,NULL,4,NULL,20),(80,NULL,5,'Z-0006','招标文件','d:\\upload\\22\\1430703795046.5.8（终稿）.doc',0,'2c9f02ba3ca2d52f013ca32777ed0009','2015-05-04 09:43:15','C:\\fakepath\\1×130th 煤粉锅炉烟气脱硫装置招标文件2015.5.8（终稿）.doc','2015-05-04',NULL,NULL,4,NULL,22),(81,NULL,5,'Z-0007','招标文件','d:\\upload\\21\\1431394412830.doc',0,'2c9f02ba3ca2d52f013ca32610e20007','2015-05-12 09:33:32','C:\\fakepath\\脱硫招标文件（威海博通）.doc','2015-05-12',NULL,NULL,4,NULL,21),(82,NULL,5,'Z-0008','招标文件','d:\\upload\\23\\1432529550107.doc',0,'2c9f02ba3ca2d52f013ca32610e20007','2015-05-25 12:52:30','C:\\fakepath\\青岛热电股份有限公司1-4号炉SCR脱硝.doc','2015-05-25',NULL,NULL,4,NULL,23),(83,NULL,5,'Z-0009','招标文件','d:\\upload\\24\\1432530577215.5.18 定稿（青岛）.doc',0,'2c9f02ba3ca2d52f013ca32610e20007','2015-05-25 13:09:37','C:\\fakepath\\1_-4_锅炉SCR脱硝环保改造项目 招标文件 2015.5.18 定稿（青岛）.doc','2015-05-25',NULL,NULL,4,NULL,24),(84,55,5,'Z-0010','山西华富秸秆项目循环水泵采购合同','d:\\upload\\55\\1434436744128.docx',0,'8ad9907e47333cb70147392c2bf80021','2015-06-16 14:39:04','','2015-06-16',NULL,NULL,3,2,NULL),(85,NULL,5,'Z-0011','招标文件','d:\\upload\\26\\1435027330127.doc',0,'2c9f02ba3ca2d52f013ca32777ed0009','2015-06-23 10:42:10','C:\\fakepath\\JITC-1504EL0796除臭采购招标文件（发售稿）-太仓.doc','2015-06-23',NULL,NULL,4,NULL,26),(86,57,5,'Z-0012','订进合同','d:\\upload\\57\\1435027597189.docx',-1,'2c9f02ba3ca2d52f013ca32777ed0009','2015-06-23 10:46:37','C:\\fakepath\\技术咨询合同-延安东路隧道（环保成套）.docx','2015-06-23',NULL,NULL,3,3,NULL),(87,56,5,'Z-0013','订进合同 ','d:\\upload\\56\\1435028087584.docx',-1,'2c9f02ba3ca2d52f013ca32777ed0009','2015-06-23 10:54:47','C:\\fakepath\\设施设备修理合同-708研究所.docx','2015-06-23',NULL,NULL,3,4,NULL),(88,NULL,5,'Z-0014','招标文件','d:\\upload\\25\\1435041794853.10世行贷款昆明市轨道交通3号线一期工程车站设备(风水电)安装及设备区装修工程(标段1)20150609.doc',0,'2c9f02ba3ca2d52f013ca32777ed0009','2015-06-23 14:43:14','C:\\fakepath\\SC 1.10世行贷款昆明市轨道交通3号线一期工程车站设备(风水电)安装及设备区装修工程(标段1)20150609.doc','2015-06-23',NULL,NULL,4,NULL,25),(89,56,5,'Z-0015','订进合同','d:\\upload\\56\\1435297988525.docx',0,'2c9f02ba3ca2d52f013ca32777ed0009','2015-06-26 13:53:08','C:\\fakepath\\设施设备修理合同-708研究所.docx','2015-06-26',NULL,NULL,3,4,NULL),(90,57,5,'Z-0016','订进合同','d:\\upload\\57\\1435298056293.docx',0,'2c9f02ba3ca2d52f013ca32777ed0009','2015-06-26 13:54:16','C:\\fakepath\\技术咨询合同-延安东路隧道（环保成套）.docx','2015-06-26',NULL,NULL,3,3,NULL),(91,58,5,'Z-0017','订进合同','d:\\upload\\58\\1435646823769.doc2015.6.26.doc',0,'2c9f02ba3ca2d52f013ca32777ed0009','2015-06-30 14:47:03','C:\\fakepath\\1-4#炉SCR环保改造项目合同.doc2015.6.26.doc','2015-06-30',NULL,NULL,3,5,NULL),(92,59,5,'Z-0018','订进合同','d:\\upload\\59\\1436147776332.doc2015.6.26 (1).doc',0,'2c9f02ba3ca2d52f013ca32777ed0009','2015-07-06 09:56:16','C:\\fakepath\\1-4#炉SCR环保改造项目合同.doc2015.6.26 (1).doc','2015-07-06',NULL,NULL,3,6,NULL),(93,49,5,'Z-0020','20150715庐江县城污水处理厂二期工程安装合同.doc','d:\\upload\\49\\1437378049883.doc',0,'8ad9907e47333cb7014738fdbae90012','2015-07-20 15:40:49','C:\\fakepath\\20150715庐江县城污水处理厂二期工程安装合同.doc','2015-07-20',NULL,NULL,3,7,NULL),(94,49,5,'Z-0020','庐江安装合同清单.doc','d:\\upload\\49\\1437378049883.doc',0,'8ad9907e47333cb7014738fdbae90012','2015-07-20 15:40:49','C:\\fakepath\\庐江安装合同清单.doc','2015-07-20',NULL,NULL,3,7,NULL),(95,48,5,'Z-0023','细格栅及沉砂池除臭密封罩采购合同书','d:\\upload\\48\\1437716164550.doc',0,'8ad9907e47333cb7014738fdbae90012','2015-07-24 13:36:04','C:\\fakepath\\合肥经开区三期工程合同--（杭州楚天--除臭系统）增补合同最终版本.doc','2015-07-24',NULL,NULL,3,8,NULL),(96,48,5,'Z-0023','除臭密封罩合同评审表','d:\\upload\\48\\1437716164565.doc',0,'8ad9907e47333cb7014738fdbae90012','2015-07-24 13:36:04','C:\\fakepath\\除臭密封罩合同评审表.doc','2015-07-24',NULL,NULL,3,8,NULL),(97,48,5,'Z-0023','项目预算表','d:\\upload\\48\\1437716164565.docx',0,'8ad9907e47333cb7014738fdbae90012','2015-07-24 13:36:04','C:\\fakepath\\项目预算表（经开三）--项目执行.docx','2015-07-24',NULL,NULL,3,8,NULL),(98,60,5,'Z-0024','中国能源建设集团湖南火电建设有限公司','d:\\upload\\60\\1438308203984.rar',0,'8ad9907e47333cb70147392c2bf80021','2015-07-31 10:03:23','','2015-07-31',NULL,NULL,3,9,NULL),(99,60,5,'Z-0025','广西昌菱项目合同','d:\\upload\\60\\1438311095051.pdf',0,'8ad9907e47333cb70147392c2bf80021','2015-07-31 10:51:35','','2015-07-31',NULL,NULL,3,10,NULL),(100,60,5,'Z-0026','广西昌菱项目投标价目表','d:\\upload\\60\\1438311269369.xlsx',0,'8ad9907e47333cb70147392c2bf80021','2015-07-31 10:54:29','','2015-07-31',NULL,NULL,3,11,NULL),(101,60,5,'Z-0027','广西昌菱项目合同2','d:\\upload\\60\\1438311499428.pdf',0,'8ad9907e47333cb70147392c2bf80021','2015-07-31 10:58:19','','2015-07-31',NULL,NULL,3,12,NULL),(102,60,5,'Z-0028','广西昌菱项目预算表','d:\\upload\\60\\1438312279745.xlsx',0,'8ad9907e47333cb70147392c2bf80021','2015-07-31 11:11:19','','2015-07-31',NULL,NULL,3,13,NULL),(103,60,5,'Z-0029','广西昌菱项目订进合同','d:\\upload\\60\\1438325973410.rar',0,'8ad9907e47333cb70147392c2bf80021','2015-07-31 14:59:33','','2015-07-31',NULL,NULL,3,15,NULL),(104,NULL,5,'Z-0030','招标文件','d:\\upload\\31\\1438582398534.doc',0,'2c9f02ba3ca2d52f013ca32777ed0009','2015-08-03 14:13:18','C:\\fakepath\\包钢机制公司铸钢车间环保治理项目总承包文件.doc','2015-08-03',NULL,NULL,4,NULL,31),(105,NULL,1,'A-0002','测试','d:\\upload\\\\1438584049667.doc',-1,'8ad9907e47333cb7014738de1ac6000c','2015-08-03 14:40:49','C:\\Documents and Settings\\admin\\桌面\\办文单(行政).doc','2015-08-03','',7,1,NULL,NULL),(106,60,5,'Z-0031','广西昌菱项目湖南设计院','d:\\upload\\60\\1438652024881.rar',0,'8ad9907e47333cb70147392c2bf80021','2015-08-04 09:33:44','','2015-08-04',NULL,NULL,3,16,NULL),(107,61,5,'Z-0032','南通垃圾焚烧热电项目订进合同','d:\\upload\\61\\1440393136461.pdf',0,'8ad9907e47333cb70147392c2bf80021','2015-08-24 13:12:08','','2015-08-24',NULL,NULL,3,17,NULL),(108,61,5,'Z-0032','南通垃圾焚烧热电项目订进合同','d:\\upload\\61\\1440393136492.pdf',0,'8ad9907e47333cb70147392c2bf80021','2015-08-24 13:12:12','','2015-08-24',NULL,NULL,3,17,NULL),(109,61,5,'Z-0034','南通垃圾焚烧热电项目订出合同','d:\\upload\\61\\1440394959808.pdf',0,'8ad9907e47333cb70147392c2bf80021','2015-08-24 13:42:39','','2015-08-24',NULL,NULL,3,18,NULL),(110,61,5,'Z-0035','南通垃圾焚烧热电项目订出合同（起重机）','d:\\upload\\61\\1440556602045.pdf',0,'8ad9907e47333cb70147392c2bf80021','2015-08-26 10:36:42','','2015-08-26',NULL,NULL,3,19,NULL),(111,NULL,5,'Z-0036','招标文件','d:\\upload\\32\\1441673725830.rar',0,'2c9f02ba3ca2d52f013ca32777ed0009','2015-09-08 08:55:25','','2015-09-08',NULL,NULL,4,NULL,32),(112,61,5,'Z-0037','山西华富秸秆项目订出合同（上海自仪）','d:\\upload\\61\\1441951448201.pdf',0,'8ad9907e47333cb70147392c2bf80021','2015-09-11 14:04:08','','2015-09-11',NULL,NULL,3,20,NULL),(113,NULL,5,'Z-0038','招标文件','d:\\upload\\35\\1444354837909.rar',0,'2c9f02ba3ca2d52f013ca32777ed0009','2015-10-09 09:40:37','','2015-10-09',NULL,NULL,4,NULL,35),(114,NULL,5,'Z-0039','招标文件','d:\\upload\\36\\1444354885084.doc',0,'2c9f02ba3ca2d52f013ca32777ed0009','2015-10-09 09:41:25','','2015-10-09',NULL,NULL,4,NULL,36),(115,NULL,5,'Z-0040','招标文件','d:\\upload\\37\\1447123951428.rar',0,'2c9f02ba3ca2d52f013ca32777ed0009','2015-11-10 10:52:31','','2015-11-10',NULL,NULL,4,NULL,37),(116,61,5,'Z-0041','南通热电项目（烟气改造）','d:\\upload\\61\\1447314826272.pdf',0,'8ad9907e47333cb70147392c2bf80021','2015-11-12 15:53:46','','2015-11-12',NULL,NULL,3,21,NULL),(117,NULL,5,'Z-0042','招标文件','d:\\upload\\40\\1447724164555.rar',0,'2c9f02ba3ca2d52f013ca32777ed0009','2015-11-17 09:36:04','','2015-11-17',NULL,NULL,4,NULL,40),(118,64,5,'Z-0043','订出合同','d:\\upload\\64\\1448589932011.docx',0,'8ad9907e47333cb7014738fdbae90012','2015-11-27 10:05:31','','2015-11-27',NULL,NULL,3,22,NULL),(119,58,5,'Z-0044','订出合同调整说明','d:\\upload\\58\\1449036743936.rar',0,'2c9f02ba3ca2d52f013ca32777ed0009','2015-12-02 14:12:23','','2015-12-02',NULL,NULL,3,23,NULL),(120,61,5,'Z-0045','南通热电项目订出合同（锅炉）','d:\\upload\\61\\1449198383441.pdf',0,'8ad9907e47333cb70147392c2bf80021','2015-12-04 11:06:23','','2015-12-04',NULL,NULL,3,24,NULL),(121,61,5,'Z-0046','广西昌菱项目订出合同发电机设备','d:\\upload\\61\\1452046413731.pdf',0,'8ad9907e47333cb70147392c2bf80021','2016-01-06 10:13:33','','2016-01-06',NULL,NULL,3,25,NULL),(122,60,5,'Z-0047','广西昌菱项目订出合同（发电机）','d:\\upload\\60\\1452046736191.pdf',0,'8ad9907e47333cb70147392c2bf80021','2016-01-06 10:18:56','','2016-01-06',NULL,NULL,3,26,NULL),(123,60,5,'Z-0048','广西昌菱项目订出合同（汽轮机）','d:\\upload\\60\\1452046954113.pdf',0,'8ad9907e47333cb70147392c2bf80021','2016-01-06 10:22:34','','2016-01-06',NULL,NULL,3,27,NULL),(124,61,5,'Z-0049','南通热电项目订出合同（在线监测）','d:\\upload\\61\\1456900843256.pdf',0,'8ad9907e47333cb70147392c2bf80021','2016-03-02 14:40:43','','2016-03-02',NULL,NULL,3,28,NULL),(125,60,5,'Z-0050','广西昌菱项目订出（汽轮机）','d:\\upload\\60\\1457058966458.pdf',0,'8ad9907e47333cb70147392c2bf80021','2016-03-04 10:36:06','','2016-03-04',NULL,NULL,3,29,NULL),(126,66,1,'','招标文件','d:\\upload\\66\\1460941657524.doc',0,'8ad9907e47333cb7014738fe1b700013','2016-04-18 09:07:37',NULL,'2016-04-18',NULL,NULL,2,NULL,NULL),(127,NULL,5,'Z-0051','招标文件','d:\\upload\\39\\1471245540163.doc',0,'8ad9907e47333cb7014738fe1b700013','2016-08-15 15:19:00','D:\\市场部\\龙口项目\\2×50MW半焦发电项目EPC建设总承包招标文件(zhengshi ).doc','2016-08-15',NULL,3,4,NULL,39);
/*!40000 ALTER TABLE `project_attachment` ENABLE KEYS */;
UNLOCK TABLES;

--
-- Table structure for table `project_budget`
--

DROP TABLE IF EXISTS `project_budget`;
/*!40101 SET @saved_cs_client     = @@character_set_client */;
/*!40101 SET character_set_client = utf8 */;
CREATE TABLE `project_budget` (
  `pb_id` int(11) NOT NULL AUTO_INCREMENT,
  `pb_project` int(11) DEFAULT NULL,
  `pb_type` int(11) DEFAULT NULL,
  `pb_onaccount` int(11) DEFAULT NULL,
  `pb_month` varchar(10) DEFAULT NULL,
  `pb_E7` int(11) DEFAULT NULL,
  `pb_E8` int(11) DEFAULT NULL,
  `pb_E9` int(11) DEFAULT NULL,
  `pb_E10` int(11) DEFAULT NULL,
  `pb_E11` int(11) DEFAULT NULL,
  `pb_E12` int(11) DEFAULT NULL,
  `pb_E13` int(11) DEFAULT NULL,
  `pb_E14` int(11) DEFAULT NULL,
  `pb_E15` int(11) DEFAULT NULL,
  `pb_E16` int(11) DEFAULT NULL,
  `pb_E17` int(11) DEFAULT NULL,
  `pb_E18` int(11) DEFAULT NULL,
  `pb_E19` int(11) DEFAULT NULL,
  `pb_E20` int(11) DEFAULT NULL,
  `pb_E21` int(11) DEFAULT NULL,
  `pb_E22` int(11) DEFAULT NULL,
  `pb_E23` int(11) DEFAULT NULL,
  `pb_E24` int(11) DEFAULT NULL,
  `pb_E25` int(11) DEFAULT NULL,
  `pb_E26` int(11) DEFAULT NULL,
  `pb_E27` int(11) DEFAULT NULL,
  `pb_E28` int(11) DEFAULT NULL,
  `pb_E29` int(11) DEFAULT NULL,
  `pb_E30` int(11) DEFAULT NULL,
  `pb_E31` int(11) DEFAULT NULL,
  `pb_E32` int(11) DEFAULT NULL,
  `pb_E33` int(11) DEFAULT NULL,
  `pb_E34` int(11) DEFAULT NULL,
  `pb_E35` int(11) DEFAULT NULL,
  `pb_E36` int(11) DEFAULT NULL,
  `pb_E37` int(11) DEFAULT NULL,
  `pb_E38` int(11) DEFAULT NULL,
  `pb_E39` int(11) DEFAULT NULL,
  `pb_E40` int(11) DEFAULT NULL,
  `pb_E41` int(11) DEFAULT NULL,
  `pb_E42` int(11) DEFAULT NULL,
  `pb_E43` int(11) DEFAULT NULL,
  `pb_E44` int(11) DEFAULT NULL,
  `pb_E45` int(11) DEFAULT NULL,
  `pb_E46` int(11) DEFAULT NULL,
  `pb_E47` int(11) DEFAULT NULL,
  `pb_status` int(11) DEFAULT NULL,
  `pb_check_result` int(11) DEFAULT NULL,
  PRIMARY KEY (`pb_id`),
  UNIQUE KEY `pb_id_UNIQUE` (`pb_id`)
) ENGINE=InnoDB AUTO_INCREMENT=188 DEFAULT CHARSET=gbk;
/*!40101 SET character_set_client = @saved_cs_client */;

--
-- Dumping data for table `project_budget`
--

LOCK TABLES `project_budget` WRITE;
/*!40000 ALTER TABLE `project_budget` DISABLE KEYS */;
INSERT INTO `project_budget` VALUES (183,66,1,-1,NULL,7218,7219,7225,7226,7227,7228,7229,7230,7231,7232,7235,7237,7238,7240,7242,7244,7250,7252,7254,7256,7258,7261,7263,7264,7267,7269,7274,7275,7277,7280,7282,7283,7286,7287,7289,7291,7292,7293,7294,NULL,NULL,0,0),(184,66,1,-1,NULL,7217,7220,7221,7222,7223,7224,7233,7234,7236,7239,7241,7243,7245,7246,7247,7248,7249,7251,7253,7255,7257,7259,7260,7262,7265,7266,7268,7270,7271,7272,7273,7276,7278,7279,7281,7284,7285,7288,7290,NULL,NULL,0,1),(185,65,1,-1,NULL,7295,7296,7297,7298,7299,7300,7301,7302,7303,7304,7305,7306,7308,7309,7312,7313,7315,7318,7320,7321,7324,7325,7328,7329,7332,7334,7336,7338,7340,7341,7343,7346,7348,7349,7351,7353,7355,7357,7359,NULL,NULL,0,0),(186,65,1,-1,NULL,7307,7310,7311,7314,7316,7317,7319,7322,7323,7326,7327,7330,7331,7333,7335,7337,7339,7342,7344,7345,7347,7350,7352,7354,7356,7358,7360,7361,7362,7363,7364,7365,7366,7367,7368,7369,7370,7371,7372,NULL,NULL,0,0),(187,63,5,-1,NULL,7646,7647,7648,7649,7650,7651,7652,7653,7654,7655,7656,7657,7658,7659,7660,7661,7662,7663,7664,7665,7666,7667,7668,7669,7670,7671,7672,7673,7674,7675,7676,7677,7678,7679,7680,7681,7682,7683,7684,NULL,NULL,0,1);
/*!40000 ALTER TABLE `project_budget` ENABLE KEYS */;
UNLOCK TABLES;

--
-- Table structure for table `project_contract`
--

DROP TABLE IF EXISTS `project_contract`;
/*!40101 SET @saved_cs_client     = @@character_set_client */;
/*!40101 SET character_set_client = utf8 */;
CREATE TABLE `project_contract` (
  `pc_id` int(11) NOT NULL AUTO_INCREMENT,
  `pc_project` int(11) DEFAULT NULL,
  `pc_title` varchar(100) DEFAULT NULL,
  `pc_remark` varchar(1000) DEFAULT NULL,
  `pc_customer` int(11) DEFAULT NULL,
  `pc_type` int(11) DEFAULT NULL,
  `pc_status` int(11) DEFAULT NULL,
  `pc_check_begin` datetime DEFAULT NULL,
  `pc_check_end` datetime DEFAULT NULL,
  `pc_check_result` int(11) DEFAULT NULL,
  `pc_contract_price` double DEFAULT NULL,
  `pc_price_diff` double DEFAULT NULL,
  `pc_pay_type` varchar(45) DEFAULT NULL,
  `pc_quality_amount_year` int(11) DEFAULT NULL,
  `pc_quality_amount_percent` float DEFAULT NULL,
  `pc_category` int(11) DEFAULT NULL,
  PRIMARY KEY (`pc_id`),
  UNIQUE KEY `pc_id_UNIQUE` (`pc_id`)
) ENGINE=InnoDB AUTO_INCREMENT=30 DEFAULT CHARSET=gbk;
/*!40101 SET character_set_client = @saved_cs_client */;

--
-- Dumping data for table `project_contract`
--

LOCK TABLES `project_contract` WRITE;
/*!40000 ALTER TABLE `project_contract` DISABLE KEYS */;
INSERT INTO `project_contract` VALUES (1,52,'设备维修保养合同','',56,2,1,'2015-03-23 16:21:24',NULL,NULL,180,0,'',0,0,1),(2,55,'山西华富秸秆项目','采购循环水泵头',58,1,3,'2015-06-16 14:39:15','2015-09-08 09:18:29',NULL,209800,0,'10%,40%,40%,10%',1,0,1),(3,57,'上海延安东路隧道大修工程动力系统设备采购、商务谈判、技术资料编写','合作项目，管理费3%',59,1,1,'2015-06-26 13:54:18',NULL,NULL,60.3575,0,'20；75；5',0,0,1),(4,56,'设施设备修理合同','合作项目 管理费3%',56,2,1,'2015-06-26 13:53:10',NULL,NULL,4.1446,0,'100',0,0,1),(5,58,'订进合同','合作项目',60,2,1,'2015-09-01 13:57:10',NULL,NULL,2761.86,0,'30；30；30；10',2,10,1),(6,59,'青岛热电股份有限公司1#-4#锅炉SCR脱硝环保改造项目总承包合同','',60,2,1,'2015-07-06 09:56:19',NULL,NULL,2761.86,0,'30;30;30;10',2,10,1),(7,49,'庐江县县城污水处理工程（二期）成套设备供货、安装及调试项目—材料采购及安装','订出合同单位为安徽省工业设备安装有限公司',44,1,1,'2015-07-20 15:53:42',NULL,NULL,37.8027,0,'30%30%20%15%5%',0,0.05,1),(8,48,'细格栅及沉砂池除臭密封罩采购合同书','合肥经济技术开发区污水处理厂三期工程——设备采购及安装项目第25个分包合同     分包商为杭州楚天科技有限公司',43,1,2,'2015-07-24 13:40:16',NULL,NULL,8,0,'30%、65%、5%',0,0.05,1),(9,60,'昌菱蔗渣 1×25MW 热电联供项目','',61,2,2,'2015-07-31 10:07:55',NULL,NULL,17513.0913,0,'',0,0,1),(10,60,'广西昌菱项目合同','',61,2,2,'2015-07-31 10:51:58',NULL,NULL,17513.0913,0,'',0,0,1),(11,60,'广西昌菱项目投标价目表','',61,1,2,'2015-07-31 10:54:34',NULL,NULL,0,0,'',0,0,1),(12,60,'广西昌菱项目合同2','',61,2,2,'2015-07-31 11:03:46',NULL,NULL,17513.0913,0,'',0,0,1),(13,60,'广西昌菱项目预算表','',62,2,2,'2015-07-31 11:11:00',NULL,NULL,17962.0913,0,'',0,0,1),(14,60,'广西昌菱项目订进合同','',61,2,-1,NULL,NULL,NULL,17513.0913,0,'',0,0,1),(15,60,'广西昌菱项目订进合同','',61,2,3,'2015-07-31 14:59:39','2015-09-08 09:18:49',NULL,17513.0913,0,'',0,0,1),(16,60,'广西昌菱项目','',63,1,3,'2015-08-04 09:33:51','2015-09-08 09:19:05',NULL,376,0,'',0,0,1),(17,61,'南通垃圾焚烧热电项目','',64,2,3,'2015-08-24 13:29:13','2015-09-09 10:33:34',NULL,7000,0,'30% 30% 30% 10%',1,0,1),(18,61,'南通垃圾焚烧热电项目','',65,1,3,'2015-08-24 13:42:44','2015-09-08 09:19:16',NULL,173.624,0,'30% 30% 30% 10%',1,0,1),(19,61,'南通垃圾焚烧热电项目','',66,1,3,'2015-08-26 10:36:50','2015-09-08 09:19:23',NULL,432,0,'30% 30% 30% 10%',2,0,1),(20,61,'山西华富秸秆项目','',68,1,3,'2015-09-11 14:04:14','2015-09-22 09:42:35',NULL,4.4,0,'100%',1,0,1),(21,61,'南通热电项目（烟气改造）','',69,1,3,'2015-11-12 15:53:57','2016-01-05 13:45:04',NULL,1140.46,0,'30% 30% 20%10%10%',1,0,1),(22,64,'上海延安东路隧道大修工程 动力系统设备采购、商务谈判、技术资料编写技术咨询合同','',70,1,1,'2015-11-27 10:05:36',NULL,NULL,58.5466,1.8109,'',0,0,1),(23,58,'合同金额调整说明','',71,1,1,'2015-12-02 14:12:27',NULL,NULL,0,0,'',0,0,1),(24,61,'南通热电项目订出合同（锅炉）','',72,1,3,'2015-12-04 11:07:24','2016-01-05 13:45:10',NULL,970,0,'30%20%30%10%10%',1,0,1),(25,61,'广西昌菱项目订出合同发电机设备','',74,1,1,'2016-01-06 10:13:46',NULL,NULL,260,0,'10% 80% 10%',1,0,1),(26,60,'广西昌菱项目发电机设备采购合同','',74,1,1,'2016-01-06 10:18:59',NULL,NULL,260,17702.0913,'10% 80% 10%',1,0,1),(27,60,'广西昌菱项目汽轮机设备采购合同','',75,1,1,'2016-01-06 10:22:36',NULL,NULL,1180,16782.0913,'10% 30%50% 10%',1,0,1),(28,61,'南通热电联产项目在线监测系统合同','',76,1,1,'2016-03-02 14:40:53',NULL,NULL,188.1485,0,'30% 30% 30% 10%',1,0,1),(29,60,'广西昌菱项目汽轮机采购合同','',75,1,1,'2016-03-04 10:36:12',NULL,NULL,1180,0,'10,30,50,10',1,10,1);
/*!40000 ALTER TABLE `project_contract` ENABLE KEYS */;
UNLOCK TABLES;

--
-- Table structure for table `project_role`
--

DROP TABLE IF EXISTS `project_role`;
/*!40101 SET @saved_cs_client     = @@character_set_client */;
/*!40101 SET character_set_client = utf8 */;
CREATE TABLE `project_role` (
  `pr_id` int(11) NOT NULL AUTO_INCREMENT,
  `pr_name` varchar(45) NOT NULL,
  `pr_flag` int(11) NOT NULL,
  `pr_job_responsibility` int(11) NOT NULL,
  PRIMARY KEY (`pr_id`),
  UNIQUE KEY `pr_id_UNIQUE` (`pr_id`)
) ENGINE=InnoDB AUTO_INCREMENT=12 DEFAULT CHARSET=gbk;
/*!40101 SET character_set_client = @saved_cs_client */;

--
-- Dumping data for table `project_role`
--

LOCK TABLES `project_role` WRITE;
/*!40000 ALTER TABLE `project_role` DISABLE KEYS */;
INSERT INTO `project_role` VALUES (1,'项目经理',1,1),(2,'技术负责人',1,2),(3,'项目副经理',1,3),(4,'商务副经理',1,4),(5,'施工员',1,5),(6,'质检员',1,6),(7,'安全员',1,7),(8,'材料员',1,8),(9,'预算员',1,9),(10,'其他',1,12),(11,'项目秘书',1,10);
/*!40000 ALTER TABLE `project_role` ENABLE KEYS */;
UNLOCK TABLES;

--
-- Table structure for table `project_schedule_stage`
--

DROP TABLE IF EXISTS `project_schedule_stage`;
/*!40101 SET @saved_cs_client     = @@character_set_client */;
/*!40101 SET character_set_client = utf8 */;
CREATE TABLE `project_schedule_stage` (
  `pss_id` int(11) NOT NULL AUTO_INCREMENT,
  `pss_tender_project` int(11) NOT NULL,
  `pss_name` varchar(100) NOT NULL,
  `pss_responsible_person` varchar(45) DEFAULT NULL,
  `pss_begin_date` date DEFAULT NULL,
  `pss_end_date` date DEFAULT NULL,
  `pss_work_period` int(11) DEFAULT NULL,
  `pss_create_user` varchar(45) NOT NULL,
  `pss_create_time` datetime NOT NULL,
  `pss_flag` int(11) NOT NULL,
  `pss_description` varchar(200) DEFAULT NULL,
  PRIMARY KEY (`pss_id`),
  UNIQUE KEY `pss_id_UNIQUE` (`pss_id`)
) ENGINE=InnoDB DEFAULT CHARSET=gbk;
/*!40101 SET character_set_client = @saved_cs_client */;

--
-- Dumping data for table `project_schedule_stage`
--

LOCK TABLES `project_schedule_stage` WRITE;
/*!40000 ALTER TABLE `project_schedule_stage` DISABLE KEYS */;
/*!40000 ALTER TABLE `project_schedule_stage` ENABLE KEYS */;
UNLOCK TABLES;

--
-- Table structure for table `project_schedule_task`
--

DROP TABLE IF EXISTS `project_schedule_task`;
/*!40101 SET @saved_cs_client     = @@character_set_client */;
/*!40101 SET character_set_client = utf8 */;
CREATE TABLE `project_schedule_task` (
  `pst_id` int(11) NOT NULL AUTO_INCREMENT,
  `pst_project_schedule_stage` int(11) NOT NULL,
  `pst_pre_task` int(11) DEFAULT NULL,
  `pst_name` varchar(100) NOT NULL,
  `pst_responsible_person` varchar(45) DEFAULT NULL,
  `pst_description` varchar(200) DEFAULT NULL,
  `pst_begin_date` date DEFAULT NULL,
  `pst_end_date` date DEFAULT NULL,
  `pst_work_period` int(11) DEFAULT NULL,
  `pst_create_user` varchar(45) NOT NULL,
  `pst_create_time` datetime NOT NULL,
  `pst_finish_percentry` int(11) DEFAULT NULL,
  `pst_finish_description` varchar(200) DEFAULT NULL,
  `pst_finish_change_time` datetime DEFAULT NULL,
  `pst_flag` int(11) DEFAULT NULL,
  PRIMARY KEY (`pst_id`),
  UNIQUE KEY `pst_id_UNIQUE` (`pst_id`)
) ENGINE=InnoDB DEFAULT CHARSET=gbk;
/*!40101 SET character_set_client = @saved_cs_client */;

--
-- Dumping data for table `project_schedule_task`
--

LOCK TABLES `project_schedule_task` WRITE;
/*!40000 ALTER TABLE `project_schedule_task` DISABLE KEYS */;
/*!40000 ALTER TABLE `project_schedule_task` ENABLE KEYS */;
UNLOCK TABLES;

--
-- Table structure for table `project_status`
--

DROP TABLE IF EXISTS `project_status`;
/*!40101 SET @saved_cs_client     = @@character_set_client */;
/*!40101 SET character_set_client = utf8 */;
CREATE TABLE `project_status` (
  `ps_id` int(11) NOT NULL AUTO_INCREMENT,
  `ps_name` varchar(45) NOT NULL,
  `ps_flag` int(11) NOT NULL,
  PRIMARY KEY (`ps_id`),
  UNIQUE KEY `ps_id_UNIQUE` (`ps_id`)
) ENGINE=InnoDB AUTO_INCREMENT=7 DEFAULT CHARSET=gbk;
/*!40101 SET character_set_client = @saved_cs_client */;

--
-- Dumping data for table `project_status`
--

LOCK TABLES `project_status` WRITE;
/*!40000 ALTER TABLE `project_status` DISABLE KEYS */;
INSERT INTO `project_status` VALUES (-1,'删除',0),(1,'跟踪期',0),(2,'投标期',0),(3,'施工期',0),(4,'质保期',0),(5,'未投标',0),(6,'未中标',0);
/*!40000 ALTER TABLE `project_status` ENABLE KEYS */;
UNLOCK TABLES;

--
-- Table structure for table `project_team`
--

DROP TABLE IF EXISTS `project_team`;
/*!40101 SET @saved_cs_client     = @@character_set_client */;
/*!40101 SET character_set_client = utf8 */;
CREATE TABLE `project_team` (
  `pt_id` int(11) NOT NULL AUTO_INCREMENT,
  `pt_tender_project` int(11) NOT NULL,
  `pt_account` varchar(45) NOT NULL,
  `pt_project_role` int(11) DEFAULT NULL,
  `pt_tender_role` int(11) DEFAULT NULL,
  `pt_job_responsibility` int(11) DEFAULT NULL,
  `pt_create_user` varchar(45) NOT NULL,
  `pt_create_time` datetime NOT NULL,
  `pt_flag` int(11) NOT NULL,
  `pt_remark` varchar(100) DEFAULT NULL,
  PRIMARY KEY (`pt_id`),
  UNIQUE KEY `pt_id_UNIQUE` (`pt_id`)
) ENGINE=InnoDB AUTO_INCREMENT=141 DEFAULT CHARSET=gbk;
/*!40101 SET character_set_client = @saved_cs_client */;

--
-- Dumping data for table `project_team`
--

LOCK TABLES `project_team` WRITE;
/*!40000 ALTER TABLE `project_team` DISABLE KEYS */;
INSERT INTO `project_team` VALUES (72,38,'2c9f02ba3ca2d52f013ca32777ed0009',11,NULL,10,'2c9f02ba3ca2d52f013ca32777ed0009','2014-11-26 09:47:13',0,NULL),(73,38,'2c9f02ba3ca2d52f013ca326fd230008',1,NULL,1,'2c9f02ba3ca2d52f013ca32777ed0009','2014-11-26 09:47:13',-1,NULL),(74,38,'2c9f02ba3ca2d52f013ca323c3cc0005',1,NULL,1,'2c9f02ba3ca2d52f013ca32777ed0009','2014-11-26 09:47:36',0,NULL),(75,39,'2c9f02ba3ca2d52f013ca32777ed0009',11,NULL,10,'2c9f02ba3ca2d52f013ca32777ed0009','2014-11-26 10:03:12',0,NULL),(76,39,'2c9f02ba3ca2d52f013ca326fd230008',1,NULL,1,'2c9f02ba3ca2d52f013ca32777ed0009','2014-11-26 10:03:12',0,NULL),(77,40,'8ad9907e47333cb7014738fe1b700013',11,NULL,10,'8ad9907e47333cb7014738fe1b700013','2014-11-28 10:30:55',0,NULL),(78,40,'8ad9907e47333cb701473900408d0016',1,NULL,1,'8ad9907e47333cb7014738fe1b700013','2014-11-28 10:30:55',0,NULL),(79,41,'2c9f02ba3ca2d52f013ca32a57ee000e',11,NULL,10,'2c9f02ba3ca2d52f013ca32a57ee000e','2014-11-28 10:31:42',0,NULL),(80,41,'8ad9907e47333cb70147392a5d44001f',1,NULL,1,'2c9f02ba3ca2d52f013ca32a57ee000e','2014-11-28 10:31:42',0,NULL),(81,42,'8ad9907e47333cb7014738fdbae90012',11,NULL,10,'8ad9907e47333cb7014738fdbae90012','2014-12-09 10:10:09',0,NULL),(82,42,'8ad9907e47333cb7014739038923001a',1,NULL,1,'8ad9907e47333cb7014738fdbae90012','2014-12-09 10:10:09',0,NULL),(83,43,'8ad9907e47333cb70147392af6770020',11,NULL,10,'8ad9907e47333cb70147392af6770020','2014-12-09 10:14:37',0,NULL),(84,43,'8ad9907e47333cb701473933df140026',1,NULL,1,'8ad9907e47333cb70147392af6770020','2014-12-09 10:14:37',0,NULL),(85,44,'8ad9907e47333cb7014738fe1b700013',11,NULL,10,'8ad9907e47333cb7014738fe1b700013','2014-12-17 10:25:18',0,NULL),(86,44,'8ad9907e47333cb701473900e0170017',1,NULL,1,'8ad9907e47333cb7014738fe1b700013','2014-12-17 10:25:19',0,NULL),(87,45,'8ad9907e47333cb70147392c2bf80021',11,NULL,10,'8ad9907e47333cb70147392c2bf80021','2014-12-23 14:39:38',0,NULL),(88,45,'8ad9907e47333cb7014739188ded001b',1,NULL,1,'8ad9907e47333cb70147392c2bf80021','2014-12-23 14:39:38',0,NULL),(89,46,'8ad9907e47333cb70147392c2bf80021',11,NULL,10,'8ad9907e47333cb70147392c2bf80021','2014-12-24 13:37:33',0,NULL),(90,46,'8ad9907e47333cb7014739188ded001b',1,NULL,1,'8ad9907e47333cb70147392c2bf80021','2014-12-24 13:37:33',0,NULL),(91,45,'2c9f02ba3ca2d52f013ca329730c000c',6,NULL,6,'8ad9907e47333cb70147392c2bf80021','2014-12-25 14:05:09',0,''),(92,45,'2c9f02ba3ca2d52f013ca329730c000c',7,NULL,7,'8ad9907e47333cb70147392c2bf80021','2014-12-25 14:05:09',0,''),(93,45,'2c9f02ba3ca2d52f013ca328e4a3000b',10,NULL,12,'8ad9907e47333cb70147392c2bf80021','2014-12-25 14:05:09',0,'资料员'),(94,45,'8ad9907e47333cb70147391918dd001c',10,NULL,12,'8ad9907e47333cb70147392c2bf80021','2014-12-25 14:05:09',0,'现场经理'),(95,45,'8ad9907e47333cb701473919e984001d',10,NULL,12,'8ad9907e47333cb70147392c2bf80021','2014-12-25 14:09:37',0,'总工程师'),(96,45,'8ad9907e47333cb70147393488cb0027',10,NULL,12,'8ad9907e47333cb70147392c2bf80021','2014-12-25 14:09:37',0,'土建工程师'),(97,45,'8ad9907e47333cb7014738c862660005',10,NULL,12,'8ad9907e47333cb70147392c2bf80021','2014-12-25 14:09:37',0,'光伏系统工程师'),(98,45,'8ad9907e47333cb70147392dc56a0023',10,NULL,12,'8ad9907e47333cb70147392c2bf80021','2014-12-25 14:09:37',0,'电气工程师'),(99,45,'8ad9907e47333cb70147392af6770020',11,NULL,10,'8ad9907e47333cb70147392c2bf80021','2014-12-25 14:19:32',0,''),(100,47,'8ad9907e47333cb7014738fdbae90012',11,NULL,10,'8ad9907e47333cb7014738fdbae90012','2015-01-29 09:19:06',0,NULL),(101,47,'8ad9907e47333cb7014738d601b70008',1,NULL,1,'8ad9907e47333cb7014738fdbae90012','2015-01-29 09:19:06',0,NULL),(102,48,'8ad9907e47333cb7014738fe1b700013',11,NULL,10,'8ad9907e47333cb7014738fe1b700013','2015-01-30 16:06:37',0,NULL),(103,48,'8ad9907e47333cb7014738ff65c90015',1,NULL,1,'8ad9907e47333cb7014738fe1b700013','2015-01-30 16:06:37',0,NULL),(104,49,'8ad9907e47333cb7014738fe1b700013',11,NULL,10,'8ad9907e47333cb7014738fe1b700013','2015-01-30 16:17:23',0,NULL),(105,49,'8ad9907e47333cb7014738ff65c90015',1,NULL,1,'8ad9907e47333cb7014738fe1b700013','2015-01-30 16:17:23',0,NULL),(106,50,'8ad9907e4a5c69c4014b4d128e530001',11,NULL,10,'8ad9907e4a5c69c4014b4d128e530001','2015-02-03 09:44:13',0,NULL),(107,50,'8ad9907e47333cb7014739038923001a',1,NULL,1,'8ad9907e4a5c69c4014b4d128e530001','2015-02-03 09:44:13',0,NULL),(108,51,'2c9f02ba3ca2d52f013ca32610e20007',11,NULL,10,'2c9f02ba3ca2d52f013ca32610e20007','2015-03-09 09:52:23',0,NULL),(109,52,'2c9f02ba3ca2d52f013ca32777ed0009',11,NULL,10,'2c9f02ba3ca2d52f013ca32777ed0009','2015-03-13 14:06:47',0,NULL),(110,52,'2c9f02ba3ca2d52f013ca3234ae60004',1,NULL,1,'2c9f02ba3ca2d52f013ca32777ed0009','2015-03-13 14:06:47',0,NULL),(111,53,'2c9f02ba3ca2d52f013ca32777ed0009',11,NULL,10,'2c9f02ba3ca2d52f013ca32777ed0009','2015-03-13 14:25:23',0,NULL),(112,53,'2c9f02ba3ca2d52f013ca3234ae60004',1,NULL,1,'2c9f02ba3ca2d52f013ca32777ed0009','2015-03-13 14:25:23',0,NULL),(113,52,'2c9f02ba3ca2d52f013ca32777ed0009',11,NULL,10,'2c9f02ba3ca2d52f013ca32777ed0009','2015-03-13 14:34:50',0,NULL),(114,52,'2c9f02ba3ca2d52f013ca32777ed0009',11,NULL,10,'2c9f02ba3ca2d52f013ca32777ed0009','2015-03-13 14:35:37',0,NULL),(115,52,'2c9f02ba3ca2d52f013ca32777ed0009',11,NULL,10,'2c9f02ba3ca2d52f013ca32777ed0009','2015-03-13 14:40:20',0,NULL),(116,52,'2c9f02ba3ca2d52f013ca32777ed0009',11,NULL,10,'2c9f02ba3ca2d52f013ca32777ed0009','2015-03-18 09:35:32',0,NULL),(117,54,'2c9f02ba3ca2d52f013ca32610e20007',11,NULL,10,'2c9f02ba3ca2d52f013ca32610e20007','2015-03-27 15:13:30',0,NULL),(118,54,'2c9f02ba3ca2d52f013ca3234ae60004',1,NULL,1,'2c9f02ba3ca2d52f013ca32610e20007','2015-03-27 15:13:30',0,NULL),(119,55,'8ad9907e47333cb70147392c2bf80021',11,NULL,10,'8ad9907e47333cb70147392c2bf80021','2015-06-16 13:43:46',0,NULL),(120,55,'8ad9907e47333cb70147392c2bf80021',11,NULL,10,'8ad9907e47333cb70147392c2bf80021','2015-06-16 13:43:46',0,NULL),(121,55,'2c9f02ba3ca2d52f013ca32b6bfa000f',1,NULL,1,'8ad9907e47333cb70147392c2bf80021','2015-06-16 13:43:46',0,NULL),(122,56,'2c9f02ba3ca2d52f013ca32610e20007',11,NULL,10,'2c9f02ba3ca2d52f013ca32610e20007','2015-06-23 10:24:22',0,NULL),(123,56,'2c9f02ba3ca2d52f013ca3234ae60004',1,NULL,1,'2c9f02ba3ca2d52f013ca32610e20007','2015-06-23 10:24:22',0,NULL),(124,57,'2c9f02ba3ca2d52f013ca32610e20007',11,NULL,10,'2c9f02ba3ca2d52f013ca32610e20007','2015-06-23 10:35:05',0,NULL),(125,57,'2c9f02ba3ca2d52f013ca3234ae60004',1,NULL,1,'2c9f02ba3ca2d52f013ca32610e20007','2015-06-23 10:35:05',0,NULL),(126,58,'2c9f02ba3ca2d52f013ca32777ed0009',11,NULL,10,'2c9f02ba3ca2d52f013ca32777ed0009','2015-06-30 14:43:52',0,NULL),(127,58,'2c9f02ba3ca2d52f013ca3234ae60004',1,NULL,1,'2c9f02ba3ca2d52f013ca32777ed0009','2015-06-30 14:43:52',0,NULL),(128,59,'2c9f02ba3ca2d52f013ca32777ed0009',11,NULL,10,'2c9f02ba3ca2d52f013ca32777ed0009','2015-07-06 09:50:29',0,NULL),(129,59,'2c9f02ba3ca2d52f013ca3234ae60004',1,NULL,1,'2c9f02ba3ca2d52f013ca32777ed0009','2015-07-06 09:50:29',0,NULL),(130,60,'8ad9907e47333cb70147392af6770020',11,NULL,10,'8ad9907e47333cb70147392af6770020','2015-07-30 15:21:14',0,NULL),(131,60,'2c9f02ba3ca2d52f013ca32855dc000a',1,NULL,1,'8ad9907e47333cb70147392af6770020','2015-07-30 15:21:14',-1,NULL),(132,60,'8ad9907e4e94b430014ee2001e460001',1,NULL,1,'8ad9907e47333cb70147392c2bf80021','2015-07-31 11:00:44',0,''),(133,61,'8ad9907e47333cb70147392c2bf80021',11,NULL,10,'8ad9907e47333cb70147392c2bf80021','2015-08-24 13:04:29',0,NULL),(134,61,'2c9f02ba3ca2d52f013ca32b6bfa000f',1,NULL,1,'8ad9907e47333cb70147392c2bf80021','2015-08-24 13:04:29',0,NULL),(135,62,'8ad9907e47333cb70147392c2bf80021',11,NULL,10,'8ad9907e47333cb70147392c2bf80021','2015-08-24 13:34:59',0,NULL),(136,62,'2c9f02ba3ca2d52f013ca32b6bfa000f',1,NULL,1,'8ad9907e47333cb70147392c2bf80021','2015-08-24 13:34:59',0,NULL),(137,63,'2c9f02ba3ca2d52f013ca32777ed0009',11,NULL,10,'2c9f02ba3ca2d52f013ca32777ed0009','2015-09-08 09:18:18',0,NULL),(138,64,'8ad9907e47333cb7014738fdbae90012',11,NULL,10,'8ad9907e47333cb7014738fdbae90012','2015-11-27 10:01:48',0,NULL),(139,64,'2c9f02ba3ca2d52f013ca3234ae60004',1,NULL,1,'8ad9907e47333cb7014738fdbae90012','2015-11-27 10:01:48',0,NULL),(140,66,'8ad9907e47333cb701473933df140026',1,NULL,1,'8ad9907e47333cb7014738fe1b700013','2016-11-15 14:10:54',0,NULL);
/*!40000 ALTER TABLE `project_team` ENABLE KEYS */;
UNLOCK TABLES;

--
-- Table structure for table `secret_degree`
--

DROP TABLE IF EXISTS `secret_degree`;
/*!40101 SET @saved_cs_client     = @@character_set_client */;
/*!40101 SET character_set_client = utf8 */;
CREATE TABLE `secret_degree` (
  `sd_id` int(11) NOT NULL AUTO_INCREMENT,
  `sd_name` varchar(45) NOT NULL,
  `sd_flag` int(11) NOT NULL,
  PRIMARY KEY (`sd_id`),
  UNIQUE KEY `sd_id_UNIQUE` (`sd_id`)
) ENGINE=InnoDB AUTO_INCREMENT=4 DEFAULT CHARSET=gbk;
/*!40101 SET character_set_client = @saved_cs_client */;

--
-- Dumping data for table `secret_degree`
--

LOCK TABLES `secret_degree` WRITE;
/*!40000 ALTER TABLE `secret_degree` DISABLE KEYS */;
INSERT INTO `secret_degree` VALUES (1,'一级',1),(2,'二级',1),(3,'三级',1);
/*!40000 ALTER TABLE `secret_degree` ENABLE KEYS */;
UNLOCK TABLES;

--
-- Table structure for table `task_change_record`
--

DROP TABLE IF EXISTS `task_change_record`;
/*!40101 SET @saved_cs_client     = @@character_set_client */;
/*!40101 SET character_set_client = utf8 */;
CREATE TABLE `task_change_record` (
  `tcr_id` int(11) NOT NULL AUTO_INCREMENT,
  `tcr_task` int(11) NOT NULL,
  `tcr_point` varchar(100) DEFAULT NULL,
  `tcr_reason` varchar(100) NOT NULL,
  `tcr_flag` int(11) NOT NULL,
  `tcr_change_person` varchar(45) NOT NULL,
  `tcr_change_time` datetime NOT NULL,
  `tcr_check_person` varchar(45) DEFAULT NULL,
  `tcr_check_time` datetime DEFAULT NULL,
  PRIMARY KEY (`tcr_id`),
  UNIQUE KEY `pscr_id_UNIQUE` (`tcr_id`)
) ENGINE=InnoDB DEFAULT CHARSET=gbk;
/*!40101 SET character_set_client = @saved_cs_client */;

--
-- Dumping data for table `task_change_record`
--

LOCK TABLES `task_change_record` WRITE;
/*!40000 ALTER TABLE `task_change_record` DISABLE KEYS */;
/*!40000 ALTER TABLE `task_change_record` ENABLE KEYS */;
UNLOCK TABLES;

--
-- Table structure for table `task_implement_record`
--

DROP TABLE IF EXISTS `task_implement_record`;
/*!40101 SET @saved_cs_client     = @@character_set_client */;
/*!40101 SET character_set_client = utf8 */;
CREATE TABLE `task_implement_record` (
  `tir_id` int(11) NOT NULL AUTO_INCREMENT,
  `tir_task` int(11) NOT NULL,
  `tir_begin_date` date NOT NULL,
  `tir_end_date` date NOT NULL,
  `tir_implement_percent` int(11) NOT NULL,
  `tir_description` varchar(200) DEFAULT NULL,
  `tir_create_date` datetime NOT NULL,
  `tir_create_user` varchar(45) NOT NULL,
  `tir_flag` int(11) NOT NULL,
  PRIMARY KEY (`tir_id`),
  UNIQUE KEY `tir_id_UNIQUE` (`tir_id`)
) ENGINE=InnoDB DEFAULT CHARSET=gbk;
/*!40101 SET character_set_client = @saved_cs_client */;

--
-- Dumping data for table `task_implement_record`
--

LOCK TABLES `task_implement_record` WRITE;
/*!40000 ALTER TABLE `task_implement_record` DISABLE KEYS */;
/*!40000 ALTER TABLE `task_implement_record` ENABLE KEYS */;
UNLOCK TABLES;

--
-- Table structure for table `tender_attachment`
--

DROP TABLE IF EXISTS `tender_attachment`;
/*!40101 SET @saved_cs_client     = @@character_set_client */;
/*!40101 SET character_set_client = utf8 */;
CREATE TABLE `tender_attachment` (
  `ta_id` int(11) NOT NULL AUTO_INCREMENT,
  `ta_tender_project` int(11) DEFAULT NULL,
  `ta_attachment_category` int(11) DEFAULT NULL,
  `ta_code` varchar(45) DEFAULT NULL,
  `ta_name` varchar(100) DEFAULT NULL,
  `ta_url` varchar(100) DEFAULT NULL,
  `ta_flag` int(11) NOT NULL,
  `ta_create_user` varchar(45) NOT NULL,
  `ta_create_time` datetime NOT NULL,
  `ta_local_url` varchar(100) DEFAULT NULL,
  PRIMARY KEY (`ta_id`),
  UNIQUE KEY `ta_id_UNIQUE` (`ta_id`)
) ENGINE=InnoDB DEFAULT CHARSET=gbk;
/*!40101 SET character_set_client = @saved_cs_client */;

--
-- Dumping data for table `tender_attachment`
--

LOCK TABLES `tender_attachment` WRITE;
/*!40000 ALTER TABLE `tender_attachment` DISABLE KEYS */;
/*!40000 ALTER TABLE `tender_attachment` ENABLE KEYS */;
UNLOCK TABLES;

--
-- Table structure for table `tender_budget_item`
--

DROP TABLE IF EXISTS `tender_budget_item`;
/*!40101 SET @saved_cs_client     = @@character_set_client */;
/*!40101 SET character_set_client = utf8 */;
CREATE TABLE `tender_budget_item` (
  `tbi_id` int(11) NOT NULL AUTO_INCREMENT,
  `tbi_tender_project_id` int(11) DEFAULT NULL,
  `tbi_classification_item_name` varchar(64) DEFAULT NULL,
  `tbi_sort` int(11) DEFAULT NULL,
  `tbi_balance_payment_type` int(11) DEFAULT NULL,
  `tbi_price` double DEFAULT NULL,
  `tbi_comment` varchar(256) DEFAULT NULL,
  `tbi_status` int(11) NOT NULL,
  `tbi_create_user` varchar(45) DEFAULT NULL,
  `tbi_create_time` datetime DEFAULT NULL,
  `tbi_update_user` varchar(45) DEFAULT NULL,
  `tbi_update_time` datetime DEFAULT NULL,
  PRIMARY KEY (`tbi_id`),
  UNIQUE KEY `tbi_id_UNIQUE` (`tbi_id`)
) ENGINE=InnoDB DEFAULT CHARSET=gbk;
/*!40101 SET character_set_client = @saved_cs_client */;

--
-- Dumping data for table `tender_budget_item`
--

LOCK TABLES `tender_budget_item` WRITE;
/*!40000 ALTER TABLE `tender_budget_item` DISABLE KEYS */;
/*!40000 ALTER TABLE `tender_budget_item` ENABLE KEYS */;
UNLOCK TABLES;

--
-- Table structure for table `tender_budget_subitem`
--

DROP TABLE IF EXISTS `tender_budget_subitem`;
/*!40101 SET @saved_cs_client     = @@character_set_client */;
/*!40101 SET character_set_client = utf8 */;
CREATE TABLE `tender_budget_subitem` (
  `tbs_id` int(11) NOT NULL AUTO_INCREMENT,
  `tbs_budget_item_id` int(11) DEFAULT NULL,
  `tbs_classification_subitem_name` varchar(64) DEFAULT NULL,
  `tbs_balance_payment_type` int(11) DEFAULT NULL,
  `tbs_price` double DEFAULT NULL,
  `tbs_comment` varchar(256) DEFAULT NULL,
  `tbs_sort` int(11) DEFAULT NULL,
  `tbs_status` int(11) NOT NULL,
  `tbs_create_user` varchar(45) DEFAULT NULL,
  `tbs_create_time` datetime DEFAULT NULL,
  `tbs_update_user` varchar(45) DEFAULT NULL,
  `tbs_update_time` datetime DEFAULT NULL,
  PRIMARY KEY (`tbs_id`),
  UNIQUE KEY `tbs_id_UNIQUE` (`tbs_id`)
) ENGINE=InnoDB DEFAULT CHARSET=gbk;
/*!40101 SET character_set_client = @saved_cs_client */;

--
-- Dumping data for table `tender_budget_subitem`
--

LOCK TABLES `tender_budget_subitem` WRITE;
/*!40000 ALTER TABLE `tender_budget_subitem` DISABLE KEYS */;
/*!40000 ALTER TABLE `tender_budget_subitem` ENABLE KEYS */;
UNLOCK TABLES;

--
-- Table structure for table `tender_project`
--

DROP TABLE IF EXISTS `tender_project`;
/*!40101 SET @saved_cs_client     = @@character_set_client */;
/*!40101 SET character_set_client = utf8 */;
CREATE TABLE `tender_project` (
  `tp_id` int(11) NOT NULL AUTO_INCREMENT,
  `tp_name` varchar(100) NOT NULL,
  `tp_customer` int(11) DEFAULT NULL,
  `tp_manager` varchar(45) DEFAULT NULL,
  `tp_address` varchar(100) DEFAULT NULL,
  `tp_description` varchar(300) DEFAULT NULL,
  `tp_begin_date` date DEFAULT NULL,
  `tp_end_date` date DEFAULT NULL,
  `tp_workday_count` int(11) DEFAULT NULL,
  `tp_contract_amount` double DEFAULT NULL,
  `tp_status` int(11) NOT NULL,
  `tp_create_user` varchar(45) NOT NULL,
  `tp_create_time` datetime NOT NULL,
  `tp_dept` int(11) DEFAULT NULL,
  `tp_tenderdoc_check_status` int(11) DEFAULT NULL,
  `tp_market_manager` varchar(45) DEFAULT NULL,
  PRIMARY KEY (`tp_id`),
  UNIQUE KEY `tp_id_UNIQUE` (`tp_id`)
) ENGINE=InnoDB AUTO_INCREMENT=67 DEFAULT CHARSET=gbk;
/*!40101 SET character_set_client = @saved_cs_client */;

--
-- Dumping data for table `tender_project`
--

LOCK TABLES `tender_project` WRITE;
/*!40000 ALTER TABLE `tender_project` DISABLE KEYS */;
INSERT INTO `tender_project` VALUES (38,'陈敏发布',12,'2c9f02ba3ca2d52f013ca323c3cc0005','紫江','','2014-11-05','2014-11-30',18,100,-1,'2c9f02ba3ca2d52f013ca32777ed0009','2014-11-26 09:47:13',3,NULL,NULL),(39,'陈敏发布',13,'2c9f02ba3ca2d52f013ca326fd230008','大','','2014-11-01','2014-11-30',20,100,-1,'2c9f02ba3ca2d52f013ca32777ed0009','2014-11-26 10:03:12',3,NULL,NULL),(40,'陈云云项目',13,'8ad9907e47333cb701473900408d0016','大','','2014-11-27','2014-11-30',2,0,-1,'8ad9907e47333cb7014738fe1b700013','2014-11-28 10:30:55',3,NULL,NULL),(41,'黄恩乐项目',13,'8ad9907e47333cb70147392a5d44001f',' 寺','','2014-11-03','2014-11-25',17,0,-1,'2c9f02ba3ca2d52f013ca32a57ee000e','2014-11-28 10:31:42',5,NULL,NULL),(42,'卫颖发布的项目',15,'8ad9907e47333cb7014739038923001a','淞沪路','','2012-12-31','2014-12-31',523,1500,-1,'8ad9907e47333cb7014738fdbae90012','2014-12-09 10:10:08',6,NULL,NULL),(43,'新能源部项目1',14,'8ad9907e47333cb701473933df140026','思南路','','2013-12-03','2014-12-30',281,23400,-1,'8ad9907e47333cb70147392af6770020','2014-12-09 10:14:37',5,NULL,NULL),(44,'ddd',16,'8ad9907e47333cb701473900e0170017','ddd','','2014-12-17','2014-12-31',11,0,-1,'8ad9907e47333cb7014738fe1b700013','2014-12-17 10:25:18',3,NULL,NULL),(45,'山西华富光伏项目',17,'8ad9907e47333cb7014739188ded001b','山西省襄垣县虒亭镇史家岭村','','2014-11-01','2015-04-30',129,2171,3,'8ad9907e47333cb70147392c2bf80021','2014-12-23 14:39:38',5,NULL,NULL),(46,'山西华富光伏项目',17,'8ad9907e47333cb7014739188ded001b','山西省襄垣县虒亭镇史家岭村','','2014-11-01','2015-04-30',129,2171,-1,'8ad9907e47333cb70147392c2bf80021','2014-12-24 13:37:32',5,NULL,NULL),(47,'石家庄',28,'8ad9907e47333cb7014738d601b70008','石家庄','','2014-06-18','2015-06-30',270,0,3,'8ad9907e47333cb7014738fdbae90012','2015-01-29 09:19:06',6,NULL,NULL),(48,'合肥经济技术开发区污水处理厂三期工程-设备采购及安装项目',43,'8ad9907e47333cb7014738ff65c90015','合肥经济技术开发区污水处理厂','合肥经济技术开发区污水处理厂三期工程—设备采购及安装项目，位于合肥经开区污水处理厂一、二期工程的东南侧，设计规模为10万m3/d，出水水质在稳定达到《城镇污水处理厂污染物排放标准》（GB18918-2002）中一级A标准的基础上，总磷、总氮、氨氮、化学需氧量4项指标浓度值分别不高于0.3mg/L、5mg/L、1.5mg/L和30mg/L，该项目预计于2015年7月完工。','2014-04-08','2015-06-30',321,0,3,'8ad9907e47333cb7014738fe1b700013','2015-01-30 16:06:37',3,NULL,NULL),(49,'庐江县县城污水处理工程（二期）成套设备供货及安装调试总承包',44,'8ad9907e47333cb7014738ff65c90015','庐江县庐城镇文昌西路171号','庐江县污水处理厂二期工程出水在稳定达到《城镇污水处理厂污染物排放标准》（GB18918-2002）中的一级A标准的基础上，对COD、氨氮、总氮、总磷指标有了更严格的控制。各项出水指标如下：\r\nCODCr≤30（40）mg/l\r\nBOD5≤10mg/l\r\nSS≤10mg/l\r\nTN≤10（15）mg/l\r\nNH3-N≤2.5（4）mg/l\r\nTP≤0.3mg/l\r\n二级污水处理采用A2/O工艺，深度处理选用DN反硝化生物滤池工艺+微絮凝+D型滤池工艺，污泥处理采用板框压滤脱水方式，对剩余污泥进行深度脱水。该项目预计于2015年8月完工。\r\n','2014-07-15','2015-08-31',295,0,3,'8ad9907e47333cb7014738fe1b700013','2015-01-30 16:17:23',3,NULL,NULL),(50,'深圳地铁7号线7501标段',45,'8ad9907e47333cb7014739038923001a','深圳市','','2014-10-01','2016-01-31',348,91080685,3,'8ad9907e4a5c69c4014b4d128e530001','2015-02-03 09:44:13',1,NULL,NULL),(51,'河北白沙烟草有限责任公司保定卷烟厂易地搬迁项目异味处理系统',53,NULL,NULL,NULL,'2015-03-09','2015-03-09',NULL,0,-1,'2c9f02ba3ca2d52f013ca32610e20007','2015-03-09 09:52:23',3,NULL,NULL),(52,'设备维护保养合同',56,'2c9f02ba3ca2d52f013ca3234ae60004','上海西藏南路1688号','中国船舶工业集团公司第七〇八研究所设备维护保养合同，','2015-01-01','2015-12-31',261,180,3,'8ad9907e47333cb7014738fe1b700013','2015-03-13 14:06:47',3,NULL,NULL),(53,'设备维护合同',56,'2c9f02ba3ca2d52f013ca3234ae60004','上海市西藏南路1688号 ','设备维护合同','2015-01-01','2015-12-31',261,180,-1,'2c9f02ba3ca2d52f013ca32777ed0009','2015-03-13 14:25:23',3,NULL,NULL),(54,'神华包头煤化工有限责任公司热电中心脱硫装置一炉一塔单元制改造项目EPC总承包工程',57,'2c9f02ba3ca2d52f013ca3234ae60004','神华包头煤化工有限责任公司热电中','','2015-03-01','2015-12-31',219,3574,-1,'2c9f02ba3ca2d52f013ca32610e20007','2015-03-27 15:13:29',3,NULL,NULL),(55,'山西华富秸秆项目',58,'2c9f02ba3ca2d52f013ca32b6bfa000f','郑州市百花路19号锦绣华庭B座2404室','','2013-05-01','2015-12-31',697,209800,3,'8ad9907e47333cb70147392c2bf80021','2015-06-16 13:43:38',5,NULL,NULL),(56,'中国船舶工业集团公司第七O八研究所设施设备修理合同',56,'2c9f02ba3ca2d52f013ca3234ae60004','中国船舶工业集团公司第七O八研究所闵行分部','','2015-06-01','2015-12-01',132,0,3,'2c9f02ba3ca2d52f013ca32610e20007','2015-06-23 10:24:22',3,NULL,NULL),(57,'上海延安东路隧道大修工程动力系统设备采购、商务谈判、技术资料编写技术咨询合同',59,'2c9f02ba3ca2d52f013ca3234ae60004','无','','2015-06-01','2015-12-01',132,60.3575,3,'2c9f02ba3ca2d52f013ca32610e20007','2015-06-23 10:35:05',3,NULL,NULL),(58,'青岛热电股份有限公司1#-4#锅炉SCR脱硝环保改造项目',60,'2c9f02ba3ca2d52f013ca3234ae60004','青岛市南京路262号','','2015-07-01','2015-10-28',86,2761.86,3,'2c9f02ba3ca2d52f013ca32777ed0009','2015-06-30 14:43:52',3,NULL,NULL),(59,'青岛热电股份有限公司1#-4#锅炉SCR脱硝环保改造项目',60,'2c9f02ba3ca2d52f013ca3234ae60004','青岛市南京路262号','','2015-06-29','2015-10-28',88,2761.86,3,'2c9f02ba3ca2d52f013ca32777ed0009','2015-07-06 09:50:29',3,NULL,NULL),(60,'昌菱蔗渣1×25MW热电联供项目',61,'8ad9907e4e94b430014ee2001e460001','广西防城港市上思县在妙镇','本项目由广西南能昌菱清洁能源有限公司投资建设，拟建1×25MW双抽汽凝汽式汽轮发电机组，配一台蔗渣或糠醛渣锅炉，同时向昌菱制糖有限公司的制糖和糠醛生产工艺供汽，项目拟定厂址位于防城港市上思县昌菱制糖有限公司南侧，电厂布置于昌菱制糖有限公司糠醛生产车间外，用地长约623m，宽约233m。','2015-11-02','2016-11-01',262,0,3,'8ad9907e47333cb70147392af6770020','2015-07-30 15:21:14',5,NULL,NULL),(61,'南通垃圾焚烧热电项目',64,'2c9f02ba3ca2d52f013ca32b6bfa000f','如皋市石庄镇','','2015-05-01','2015-12-01',153,7420,3,'8ad9907e47333cb70147392c2bf80021','2015-08-24 13:04:29',5,NULL,NULL),(62,'南通垃圾焚烧热电项目',65,'2c9f02ba3ca2d52f013ca32b6bfa000f','如皋市石庄镇','','2015-05-01','2015-12-01',153,173.624,-1,'8ad9907e47333cb70147392c2bf80021','2015-08-24 13:34:59',5,NULL,NULL),(63,'1×130t/h 煤粉锅炉烟气脱硫装置及配套设备总包项目',67,'2c9f02ba3ca2d52f013ca3234ae60004',NULL,NULL,'2015-09-08','2015-09-08',NULL,0,3,'2c9f02ba3ca2d52f013ca32777ed0009','2015-09-08 09:18:18',3,NULL,NULL),(64,'上海延安东路隧道大修工程 动力系统设备采购、商务谈判、技术资料编写',70,'2c9f02ba3ca2d52f013ca3234ae60004','上海','','2015-03-10','2017-02-01',497,0,3,'8ad9907e47333cb7014738fdbae90012','2015-11-27 10:01:48',6,NULL,NULL),(65,'上海国际金融中心项目',73,'2c9f02ba3ca2d52f013ca3234ae60004','浦东新区杨高南路378号','','2015-12-29','2016-12-28',262,0,3,'8ad9907e47333cb70147392af6770020','2015-12-09 09:40:46',3,NULL,NULL),(66,'青岛恒源热电有限公司2*130t/h锅炉超低排放改造项目',77,'8ad9907e47333cb701473933df140026','山东','2×130t/h锅炉超低排放改造范围内所有设计、设备制造、设备运输、保管、建筑、安装、调试、竣工、分部试运行、整套启动试运行、技术服务（含培训）、缺陷责任和最终交付等所有工作，也包括招标文件中要求的运行及维护的培训。本工程采用EPC总包模式，由中标方负责整个系统的成套，并对其负有全责。','2016-05-31','2016-12-30',154,5000,3,'8ad9907e47333cb70147392af6770020','2016-04-18 09:07:37',5,NULL,'8ad9907e47333cb7014738d72129000a');
/*!40000 ALTER TABLE `tender_project` ENABLE KEYS */;
UNLOCK TABLES;

--
-- Table structure for table `tender_role`
--

DROP TABLE IF EXISTS `tender_role`;
/*!40101 SET @saved_cs_client     = @@character_set_client */;
/*!40101 SET character_set_client = utf8 */;
CREATE TABLE `tender_role` (
  `tr_id` int(11) NOT NULL AUTO_INCREMENT,
  `tr_name` varchar(45) NOT NULL,
  `tr_flag` int(11) NOT NULL,
  `tr_job_responsibility` int(11) NOT NULL,
  PRIMARY KEY (`tr_id`),
  UNIQUE KEY `tr_id_UNIQUE` (`tr_id`)
) ENGINE=InnoDB AUTO_INCREMENT=7 DEFAULT CHARSET=gbk;
/*!40101 SET character_set_client = @saved_cs_client */;

--
-- Dumping data for table `tender_role`
--

LOCK TABLES `tender_role` WRITE;
/*!40000 ALTER TABLE `tender_role` DISABLE KEYS */;
INSERT INTO `tender_role` VALUES (1,'项目经理',1,1),(2,'技术负责人',1,2),(3,'项目副经理',1,3),(4,'项目秘书',1,10),(5,'项目成员',1,11),(6,'其他',1,12);
/*!40000 ALTER TABLE `tender_role` ENABLE KEYS */;
UNLOCK TABLES;

--
-- Table structure for table `trade_type`
--

DROP TABLE IF EXISTS `trade_type`;
/*!40101 SET @saved_cs_client     = @@character_set_client */;
/*!40101 SET character_set_client = utf8 */;
CREATE TABLE `trade_type` (
  `tt_id` int(11) NOT NULL AUTO_INCREMENT,
  `tt_name` varchar(45) NOT NULL,
  `tt_flag` int(11) NOT NULL,
  PRIMARY KEY (`tt_id`),
  UNIQUE KEY `tt_id_UNIQUE` (`tt_id`)
) ENGINE=InnoDB AUTO_INCREMENT=5 DEFAULT CHARSET=gbk;
/*!40101 SET character_set_client = @saved_cs_client */;

--
-- Dumping data for table `trade_type`
--

LOCK TABLES `trade_type` WRITE;
/*!40000 ALTER TABLE `trade_type` DISABLE KEYS */;
INSERT INTO `trade_type` VALUES (1,'环保',1),(2,'其它',1),(3,'楼宇机电',1),(4,'新能源',1);
/*!40000 ALTER TABLE `trade_type` ENABLE KEYS */;
UNLOCK TABLES;

--
-- Table structure for table `usr_account`
--

DROP TABLE IF EXISTS `usr_account`;
/*!40101 SET @saved_cs_client     = @@character_set_client */;
/*!40101 SET character_set_client = utf8 */;
CREATE TABLE `usr_account` (
  `id` varchar(32) NOT NULL DEFAULT '',
  `account_name` varchar(64) NOT NULL DEFAULT '',
  `password` varchar(64) DEFAULT NULL,
  `enabled` varchar(1) DEFAULT NULL,
  `flag` int(11) DEFAULT NULL,
  PRIMARY KEY (`id`),
  UNIQUE KEY `account_name` (`account_name`),
  UNIQUE KEY `id_UNIQUE` (`id`),
  KEY `fk_person` (`id`),
  CONSTRAINT `fk_person` FOREIGN KEY (`id`) REFERENCES `usr_person` (`ID`) ON DELETE NO ACTION ON UPDATE NO ACTION
) ENGINE=InnoDB DEFAULT CHARSET=gbk;
/*!40101 SET character_set_client = @saved_cs_client */;

--
-- Dumping data for table `usr_account`
--

LOCK TABLES `usr_account` WRITE;
/*!40000 ALTER TABLE `usr_account` DISABLE KEYS */;
INSERT INTO `usr_account` VALUES ('0','admin','EE10C315EBA2C75B403EA99136F5B48D','1',0),('2c9f02ba3ca2d52f013ca320bf5a0001','songjj','E10ADC3949BA59ABBE56E057F20F883E','1',0),('2c9f02ba3ca2d52f013ca321d6240002','wufl','0A8C1EB7701131C2D13FAEFE3D5BAB64','1',0),('2c9f02ba3ca2d52f013ca3226b700003','linmj','E10ADC3949BA59ABBE56E057F20F883E','1',0),('2c9f02ba3ca2d52f013ca3234ae60004','jiy','E10ADC3949BA59ABBE56E057F20F883E','0',-1),('2c9f02ba3ca2d52f013ca323c3cc0005','yaox','E10ADC3949BA59ABBE56E057F20F883E','0',-1),('2c9f02ba3ca2d52f013ca3244dd20006','yaoy','E10ADC3949BA59ABBE56E057F20F883E','0',-1),('2c9f02ba3ca2d52f013ca32610e20007','shaoj','E10ADC3949BA59ABBE56E057F20F883E','0',0),('2c9f02ba3ca2d52f013ca326fd230008','zhangzy','E10ADC3949BA59ABBE56E057F20F883E','1',0),('2c9f02ba3ca2d52f013ca32777ed0009','chenm','E10ADC3949BA59ABBE56E057F20F883E','0',0),('2c9f02ba3ca2d52f013ca32855dc000a','hefy','E10ADC3949BA59ABBE56E057F20F883E','1',0),('2c9f02ba3ca2d52f013ca328e4a3000b','liyzh','E10ADC3949BA59ABBE56E057F20F883E','1',0),('2c9f02ba3ca2d52f013ca329730c000c','zhengfr','E10ADC3949BA59ABBE56E057F20F883E','1',0),('2c9f02ba3ca2d52f013ca329f68d000d','dux','E10ADC3949BA59ABBE56E057F20F883E','0',-1),('2c9f02ba3ca2d52f013ca32a57ee000e','huangel','E10ADC3949BA59ABBE56E057F20F883E','1',0),('2c9f02ba3ca2d52f013ca32b6bfa000f','yinjt','E10ADC3949BA59ABBE56E057F20F883E','1',0),('2c9f02ba3ca2d52f013ca32c298e0010','sunsb','E10ADC3949BA59ABBE56E057F20F883E','1',0),('2c9f02ba3ca2d52f013ca32cb1240011','yangh','E10ADC3949BA59ABBE56E057F20F883E','1',0),('2c9f02ba3ca2d52f013ca32d698a0012','tengf','E10ADC3949BA59ABBE56E057F20F883E','1',0),('2c9f02ba3ca2d52f013ca32dccfd0013','lilan','E10ADC3949BA59ABBE56E057F20F883E','1',0),('2c9f02ba3ca2d52f013ca32e3e930014','zhangyk','E10ADC3949BA59ABBE56E057F20F883E','1',0),('2c9f02ba3ca2d52f013ca32ebd920015','liuyt','E10ADC3949BA59ABBE56E057F20F883E','1',0),('2c9f02ba3ca2d52f013ca32f52ef0016','fengx','E10ADC3949BA59ABBE56E057F20F883E','1',0),('2c9f02c03c194027013c1940aae60001','huaxl','9E1D701928ABD20DED1F097B111C34E9','1',0),('2c9f02c03c19415f013c1941d9f40001','chenp','E10ADC3949BA59ABBE56E057F20F883E','1',0),('2c9f02c03c19415f013c19422e740002','chenlm','E10ADC3949BA59ABBE56E057F20F883E','1',0),('2c9f02c13e2f62d4013e2f63e9520001','renl','E10ADC3949BA59ABBE56E057F20F883E','1',0),('2c9f02d43bb70e7e013bb76442760004','wangshb','2532E74E8238802137EF1E719A4827C6','1',0),('2c9f02d43bb70e7e013bb7772eeb0007','lihc','E10ADC3949BA59ABBE56E057F20F883E','0',0),('2c9f02d43bb780fe013bb78620170002','taowm','E10ADC3949BA59ABBE56E057F20F883E','0',-1),('2c9f02d43bb7898d013bb78bd7d60002','xurzh','E10ADC3949BA59ABBE56E057F20F883E','0',0),('2c9f02d43bb7898d013bb78c77cc0003','lil','E10ADC3949BA59ABBE56E057F20F883E','1',0),('2c9f02d43bb7898d013bb78d03d30004','yangjr','E10ADC3949BA59ABBE56E057F20F883E','1',0),('2c9f02d43bb7898d013bb78d80cf0005','xuxl','E10ADC3949BA59ABBE56E057F20F883E','1',0),('2c9f04e45865690d0158656b058d0001','scjl','E10ADC3949BA59ABBE56E057F20F883E','1',0),('8ad9907e47333cb7014738c04f5f0001','wangshb2','2532E74E8238802137EF1E719A4827C6','1',-1),('8ad9907e47333cb7014738c596020002','guoy','E10ADC3949BA59ABBE56E057F20F883E','0',0),('8ad9907e47333cb7014738c63cfb0003','miaoxf','E10ADC3949BA59ABBE56E057F20F883E','1',0),('8ad9907e47333cb7014738c7b9c80004','cheny','E10ADC3949BA59ABBE56E057F20F883E','1',0),('8ad9907e47333cb7014738c862660005','guoyj','E10ADC3949BA59ABBE56E057F20F883E','1',0),('8ad9907e47333cb7014738c979dd0006','lujq','E10ADC3949BA59ABBE56E057F20F883E','0',0),('8ad9907e47333cb7014738ca91ef0007','wangshb3','2532E74E8238802137EF1E719A4827C6','1',-1),('8ad9907e47333cb7014738d601b70008','zhangl','E10ADC3949BA59ABBE56E057F20F883E','1',0),('8ad9907e47333cb7014738d6a91c0009','zhounj','E10ADC3949BA59ABBE56E057F20F883E','1',0),('8ad9907e47333cb7014738d72129000a','zhangm','E10ADC3949BA59ABBE56E057F20F883E','1',0),('8ad9907e47333cb7014738dd88b4000b','zhangjg','E10ADC3949BA59ABBE56E057F20F883E','1',0),('8ad9907e47333cb7014738de1ac6000c','zhangyx','E10ADC3949BA59ABBE56E057F20F883E','1',0),('8ad9907e47333cb7014738ded07e000d','gaojy','E10ADC3949BA59ABBE56E057F20F883E','1',0),('8ad9907e47333cb7014738df3bce000e','xiaj','E10ADC3949BA59ABBE56E057F20F883E','1',0),('8ad9907e47333cb7014738dff81a000f','luj','E10ADC3949BA59ABBE56E057F20F883E','0',0),('8ad9907e47333cb7014738e089ee0010','wangk','E10ADC3949BA59ABBE56E057F20F883E','1',0),('8ad9907e47333cb7014738e125ee0011','zhouxy','E10ADC3949BA59ABBE56E057F20F883E','1',0),('8ad9907e47333cb7014738fdbae90012','weiy','E10ADC3949BA59ABBE56E057F20F883E','1',0),('8ad9907e47333cb7014738fe1b700013','chenyy','E10ADC3949BA59ABBE56E057F20F883E','1',0),('8ad9907e47333cb7014738fe86340014','gujw','E10ADC3949BA59ABBE56E057F20F883E','0',-1),('8ad9907e47333cb7014738ff65c90015','wangzhw','E10ADC3949BA59ABBE56E057F20F883E','0',0),('8ad9907e47333cb701473900408d0016','chenjunh','E10ADC3949BA59ABBE56E057F20F883E','1',0),('8ad9907e47333cb701473900e0170017','chaoyg','E10ADC3949BA59ABBE56E057F20F883E','1',0),('8ad9907e47333cb701473901852c0018','chenjieh','E10ADC3949BA59ABBE56E057F20F883E','1',0),('8ad9907e47333cb70147390326a90019','zhanglr','E10ADC3949BA59ABBE56E057F20F883E','1',0),('8ad9907e47333cb7014739038923001a','lizh','E10ADC3949BA59ABBE56E057F20F883E','1',0),('8ad9907e47333cb7014739188ded001b','lih','E10ADC3949BA59ABBE56E057F20F883E','0',0),('8ad9907e47333cb70147391918dd001c','kongfch','AFB178BA8C3667FE95A12ED3F81890FE','0',-1),('8ad9907e47333cb701473919e984001d','yangzhx','E10ADC3949BA59ABBE56E057F20F883E','1',0),('8ad9907e47333cb70147391ab867001e','gaolj','E10ADC3949BA59ABBE56E057F20F883E','1',0),('8ad9907e47333cb70147392a5d44001f','gaozhw','E10ADC3949BA59ABBE56E057F20F883E','1',0),('8ad9907e47333cb70147392af6770020','caoq','E10ADC3949BA59ABBE56E057F20F883E','1',0),('8ad9907e47333cb70147392c2bf80021','wuxy','E10ADC3949BA59ABBE56E057F20F883E','1',0),('8ad9907e47333cb70147392d3c2e0022','xuyx','E10ADC3949BA59ABBE56E057F20F883E','1',0),('8ad9907e47333cb70147392dc56a0023','xiejf','E10ADC3949BA59ABBE56E057F20F883E','1',0),('8ad9907e47333cb70147392e64290024','yinqp','E10ADC3949BA59ABBE56E057F20F883E','1',0),('8ad9907e47333cb7014739328b690025','songzhh','E10ADC3949BA59ABBE56E057F20F883E','1',0),('8ad9907e47333cb701473933df140026','hezh','E10ADC3949BA59ABBE56E057F20F883E','0',0),('8ad9907e47333cb70147393488cb0027','ruiyf','E10ADC3949BA59ABBE56E057F20F883E','1',0),('8ad9907e47333cb7014739359f670028','zhour','E10ADC3949BA59ABBE56E057F20F883E','1',0),('8ad9907e47333cb7014739363a3f0029','yushj','E10ADC3949BA59ABBE56E057F20F883E','0',0),('8ad9907e4a5c69c4014b4d128e530001','zhanglr1','E10ADC3949BA59ABBE56E057F20F883E','1',-1),('8ad9907e4a5c69c4014b4d56558d0002','jiy1','E10ADC3949BA59ABBE56E057F20F883E','1',-1),('8ad9907e4a5c69c4014b727d4bc20003','daishj','E10ADC3949BA59ABBE56E057F20F883E','1',0),('8ad9907e4a5c69c4014becb25cdd0004','yaox1','E10ADC3949BA59ABBE56E057F20F883E','1',-1),('8ad9907e4de01b26014dff3867ad0001','yinjt1','E10ADC3949BA59ABBE56E057F20F883E','1',-1),('8ad9907e4de01b26014e6206ec750002','duanyz','E10ADC3949BA59ABBE56E057F20F883E','1',0),('8ad9907e4e94b430014ee2001e460001','hefy1','E10ADC3949BA59ABBE56E057F20F883E','1',-1),('8ad9907e4e94b430014ee2022efb0002','duanyzh','7A9ACF0E22F5D88D634A998B95B4D9BE','1',-1),('8ad9907e501a48a00150ef5279b50001','zhangb','E10ADC3949BA59ABBE56E057F20F883E','0',0),('8ad9907e501a48a001513c26557f0002','fanj','BBDC27D59E6CCA65F83DCFF1CB92AC54','1',0),('8ad9907e51c70fb501534ff7dd080001','kongfch1','E10ADC3949BA59ABBE56E057F20F883E','1',-1),('8ad9907e536ebba60155531b306d0001','lishw','E10ADC3949BA59ABBE56E057F20F883E','1',0),('8ad9907e55a527030155a53a10110001','qiuzhw','E10ADC3949BA59ABBE56E057F20F883E','1',0),('8ad9907e55a527030155a54db3d00002','guzhq','E10ADC3949BA59ABBE56E057F20F883E','1',0),('8ad9907e55a527030155a54f8f800003','wubn','E10ADC3949BA59ABBE56E057F20F883E','1',0),('8ad9907e55a527030155a55065360004','dingy','E10ADC3949BA59ABBE56E057F20F883E','1',0),('8ad9907e55a527030155a553869e0005','yanjw','E10ADC3949BA59ABBE56E057F20F883E','1',0),('8ad9907e55a527030155a5541fb20006','mozhg','E10ADC3949BA59ABBE56E057F20F883E','1',0),('8ad9907e55a527030155a554cb7b0007','huangh','E10ADC3949BA59ABBE56E057F20F883E','1',0),('8ad9907e55a527030155a5556f390008','guxx','E10ADC3949BA59ABBE56E057F20F883E','1',0),('8ad9907e568d548b01573b17cf180001','zhoujl','E10ADC3949BA59ABBE56E057F20F883E','1',0),('8ad9907e568d548b01573b19efe00002','wuw','E10ADC3949BA59ABBE56E057F20F883E','1',0);
/*!40000 ALTER TABLE `usr_account` ENABLE KEYS */;
UNLOCK TABLES;

--
-- Table structure for table `usr_person`
--

DROP TABLE IF EXISTS `usr_person`;
/*!40101 SET @saved_cs_client     = @@character_set_client */;
/*!40101 SET character_set_client = utf8 */;
CREATE TABLE `usr_person` (
  `ID` varchar(32) NOT NULL DEFAULT '',
  `PERSON_CODE` varchar(32) NOT NULL DEFAULT '',
  `PERSON_NAME` varchar(32) NOT NULL DEFAULT '',
  `SEX` varchar(1) DEFAULT NULL,
  `EMAIL` varchar(100) DEFAULT NULL,
  `PHONE` varchar(45) DEFAULT NULL,
  `ADDRESS` varchar(100) DEFAULT NULL,
  `BIRTHDAY` date DEFAULT NULL,
  `DEPT` int(11) DEFAULT NULL,
  `POST` int(11) DEFAULT NULL,
  `EDUCATION` int(11) DEFAULT NULL,
  `CREATEDATE` varchar(8) DEFAULT NULL,
  `LASTDATE` varchar(8) DEFAULT NULL,
  `STATUS` int(11) DEFAULT NULL,
  `POLITICAL_STATUS` int(11) DEFAULT NULL,
  `MOBILE` varchar(45) DEFAULT NULL,
  `ENTRY_DATE` date DEFAULT NULL,
  PRIMARY KEY (`ID`)
) ENGINE=InnoDB DEFAULT CHARSET=gbk;
/*!40101 SET character_set_client = @saved_cs_client */;

--
-- Dumping data for table `usr_person`
--

LOCK TABLES `usr_person` WRITE;
/*!40000 ALTER TABLE `usr_person` DISABLE KEYS */;
INSERT INTO `usr_person` VALUES ('0','','系统管理员','1','','','',NULL,NULL,NULL,NULL,'20130204','20130204',NULL,NULL,'',NULL),('2c9f02ba3ca2d52f013ca320bf5a0001','','宋娇娇','2','','','',NULL,4,7,NULL,'20140715','20140715',1,NULL,'',NULL),('2c9f02ba3ca2d52f013ca321d6240002','','邬方良','1','','','',NULL,6,10,NULL,'20160918','20160918',1,NULL,'',NULL),('2c9f02ba3ca2d52f013ca3226b700003','','林梅菁','2','','','',NULL,1,1,NULL,'20140715','20140715',1,NULL,'',NULL),('2c9f02ba3ca2d52f013ca3234ae60004','','吉勇','1','','31160138','',NULL,3,3,NULL,'20160727','20160727',2,NULL,'',NULL),('2c9f02ba3ca2d52f013ca323c3cc0005','','姚旋','1','','','',NULL,3,3,NULL,'20160623','20160623',1,NULL,'',NULL),('2c9f02ba3ca2d52f013ca3244dd20006','','姚元','1','','','',NULL,3,7,NULL,'20141128','20141128',2,NULL,'',NULL),('2c9f02ba3ca2d52f013ca32610e20007','','邵捷','1','','','',NULL,3,1,NULL,'20141210','20141210',1,NULL,'',NULL),('2c9f02ba3ca2d52f013ca326fd230008','','张哲源','1','','','',NULL,3,7,NULL,'20161115','20161115',1,NULL,'',NULL),('2c9f02ba3ca2d52f013ca32777ed0009','','陈敏','2','','','',NULL,3,1,NULL,'20160701','20160701',3,NULL,'',NULL),('2c9f02ba3ca2d52f013ca32855dc000a','','何飞源','1','','31160152','',NULL,8,5,NULL,'20160929','20160929',1,NULL,'',NULL),('2c9f02ba3ca2d52f013ca328e4a3000b','','李月珍','2','','','',NULL,5,7,NULL,'20160701','20160701',2,NULL,'',NULL),('2c9f02ba3ca2d52f013ca329730c000c','','郑复荣','1','','','',NULL,5,7,NULL,'20141201','20141201',1,NULL,'',NULL),('2c9f02ba3ca2d52f013ca329f68d000d','','杜轩','1','','','',NULL,5,7,NULL,'20160701','20160701',2,NULL,'',NULL),('2c9f02ba3ca2d52f013ca32a57ee000e','','黄恩乐','2','','','',NULL,5,7,NULL,'20160701','20160701',1,NULL,'',NULL),('2c9f02ba3ca2d52f013ca32b6bfa000f','','尹剑彤','1','','','',NULL,5,3,NULL,'20150617','20150617',1,NULL,'',NULL),('2c9f02ba3ca2d52f013ca32c298e0010','','孙颂斌','1','','31160132','',NULL,6,4,NULL,'20160304','20160304',1,NULL,'',NULL),('2c9f02ba3ca2d52f013ca32cb1240011','','杨海','1','','31160132','','2014-04-01',2,1,NULL,'20160407','20160407',1,NULL,'',NULL),('2c9f02ba3ca2d52f013ca32d698a0012','','腾飞','1','','31160133','',NULL,2,7,NULL,'20141201','20141201',1,NULL,'',NULL),('2c9f02ba3ca2d52f013ca32dccfd0013','','李岚','2','','','',NULL,2,7,NULL,'20140715','20140715',1,NULL,'',NULL),('2c9f02ba3ca2d52f013ca32e3e930014','','张永奎','1','','','',NULL,4,4,NULL,'20150304','20150304',1,NULL,'',NULL),('2c9f02ba3ca2d52f013ca32ebd920015','','刘鹰铁','1','','','',NULL,2,2,NULL,'20160701','20160701',1,NULL,'',NULL),('2c9f02ba3ca2d52f013ca32f52ef0016','','冯兴','1','','','',NULL,2,7,NULL,'20141201','20141201',1,NULL,'',NULL),('2c9f02c03c194027013c1940aae60001','','华小龙','1','','31160153','',NULL,8,12,NULL,'20160929','20160929',1,1,'',NULL),('2c9f02c03c19415f013c1941d9f40001','','陈萍','2','','','',NULL,4,7,NULL,'20140715','20140715',1,NULL,'',NULL),('2c9f02c03c19415f013c19422e740002','','陈龙妹','2','','','',NULL,6,8,NULL,'20141217','20141217',1,NULL,'',NULL),('2c9f02c13e2f62d4013e2f63e9520001','','任玲','2','','','',NULL,7,7,NULL,'20140715','20140715',NULL,NULL,'',NULL),('2c9f02d43bb70e7e013bb76442760004','','王少波','1','','','',NULL,8,6,1,'20160701','20160701',1,NULL,'',NULL),('2c9f02d43bb70e7e013bb7772eeb0007','','李红词','1','','','',NULL,8,6,5,'20160701','20160701',2,1,'',NULL),('2c9f02d43bb780fe013bb78620170002','','陶伟民','1','','','',NULL,8,5,5,'20160701','20160701',2,1,'',NULL),('2c9f02d43bb7898d013bb78bd7d60002','','徐瑞忠','1','','','',NULL,8,6,NULL,'20160701','20160701',2,1,'',NULL),('2c9f02d43bb7898d013bb78c77cc0003','','李玲','2','','','',NULL,7,4,NULL,'20140715','20140715',1,NULL,'',NULL),('2c9f02d43bb7898d013bb78d03d30004','','杨建荣','1','','31160136','',NULL,4,4,NULL,'20140715','20140715',1,1,'',NULL),('2c9f02d43bb7898d013bb78d80cf0005','','许心镭','1','','','',NULL,4,7,NULL,'20140715','20140715',1,NULL,'',NULL),('2c9f04e45865690d0158656b058d0001','','scjl','1','','','',NULL,NULL,NULL,NULL,'20161115','20161115',NULL,NULL,'',NULL),('8ad9907e47333cb7014738c04f5f0001','','王少波','1','','','',NULL,1,2,NULL,'20141201','20141201',1,NULL,'',NULL),('8ad9907e47333cb7014738c596020002','','郭岩','1','','','',NULL,1,7,NULL,'20160701','20160701',2,NULL,'',NULL),('8ad9907e47333cb7014738c63cfb0003','','缪幸福','1','','','',NULL,1,7,NULL,'20141201','20141201',NULL,NULL,'',NULL),('8ad9907e47333cb7014738c7b9c80004','','陈旸','1','','','',NULL,1,7,NULL,'20140715','20140715',1,NULL,'',NULL),('8ad9907e47333cb7014738c862660005','','郭延军','1','','','',NULL,1,7,NULL,'20160701','20160701',1,NULL,'',NULL),('8ad9907e47333cb7014738c979dd0006','','陆嘉琪','1','','','',NULL,1,7,NULL,'20160701','20160701',2,NULL,'',NULL),('8ad9907e47333cb7014738ca91ef0007','','王少波','1','','','',NULL,6,4,NULL,'20141201','20141201',1,NULL,'',NULL),('8ad9907e47333cb7014738d601b70008','','张荦','1','','','',NULL,3,3,NULL,'20160701','20160701',1,NULL,'',NULL),('8ad9907e47333cb7014738d6a91c0009','','周宁劼','1','','','',NULL,3,7,NULL,'20141201','20141201',1,NULL,'',NULL),('8ad9907e47333cb7014738d72129000a','','张明','1','','','',NULL,3,7,NULL,'20161115','20161115',1,NULL,'',NULL),('8ad9907e47333cb7014738dd88b4000b','','张建纲','1','','','',NULL,7,7,NULL,'20140715','20140715',1,NULL,'',NULL),('8ad9907e47333cb7014738de1ac6000c','','张赟星','1','','','',NULL,7,9,NULL,'20150128','20150128',1,NULL,'',NULL),('8ad9907e47333cb7014738ded07e000d','','高洁云','2','','','',NULL,7,7,NULL,'20140715','20140715',1,NULL,'',NULL),('8ad9907e47333cb7014738df3bce000e','','夏吉','1','','','',NULL,7,7,NULL,'20160701','20160701',1,NULL,'',NULL),('8ad9907e47333cb7014738dff81a000f','','陆俊','1','','','',NULL,7,7,NULL,'20160701','20160701',2,NULL,'',NULL),('8ad9907e47333cb7014738e089ee0010','','王凯','1','','','',NULL,7,7,NULL,'20140715','20140715',1,NULL,'',NULL),('8ad9907e47333cb7014738e125ee0011','','周晓燕','2','','','',NULL,7,7,NULL,'20140715','20140715',1,NULL,'',NULL),('8ad9907e47333cb7014738fdbae90012','','卫颖','2','','','',NULL,6,1,NULL,'20160407','20160407',1,NULL,'',NULL),('8ad9907e47333cb7014738fe1b700013','','陈云云','2','','','',NULL,3,1,NULL,'20160215','20160215',1,NULL,'',NULL),('8ad9907e47333cb7014738fe86340014','','顾建伟','1','','','',NULL,2,7,NULL,'20160701','20160701',2,NULL,'',NULL),('8ad9907e47333cb7014738ff65c90015','','王志卫','1','','','',NULL,2,3,NULL,'20160701','20160701',2,NULL,'',NULL),('8ad9907e47333cb701473900408d0016','','陈俊华','1','','','',NULL,2,7,NULL,'20141201','20141201',1,NULL,'',NULL),('8ad9907e47333cb701473900e0170017','','晁勇刚','1','','','',NULL,2,7,NULL,'20140715','20140715',1,NULL,'',NULL),('8ad9907e47333cb701473901852c0018','','陈捷虹','1','','','',NULL,2,7,NULL,'20141201','20141201',1,NULL,'',NULL),('8ad9907e47333cb70147390326a90019','','张来蓉','2','','','',NULL,6,4,NULL,'20160701','20160701',1,NULL,'',NULL),('8ad9907e47333cb7014739038923001a','','李政','1','','','',NULL,2,7,NULL,'20141201','20141201',1,NULL,'',NULL),('8ad9907e47333cb7014739188ded001b','','李红','2','','','',NULL,5,2,NULL,'20160701','20160701',2,NULL,'',NULL),('8ad9907e47333cb70147391918dd001c','','孔凡成','1','','','',NULL,3,2,NULL,'20160727','20160727',2,NULL,'',NULL),('8ad9907e47333cb701473919e984001d','','杨志祥','1','','','',NULL,5,7,NULL,'20141201','20141201',1,NULL,'',NULL),('8ad9907e47333cb70147391ab867001e','','高丽娟','1','','','',NULL,5,7,NULL,'20141201','20141201',1,NULL,'',NULL),('8ad9907e47333cb70147392a5d44001f','','高占武','1','','','',NULL,5,7,NULL,'20141201','20141201',1,NULL,'',NULL),('8ad9907e47333cb70147392af6770020','','曹琴','1','','','',NULL,5,1,NULL,'20140715','20140715',1,NULL,'',NULL),('8ad9907e47333cb70147392c2bf80021','','吴晓艳','1','','','',NULL,5,1,NULL,'20141211','20141211',1,NULL,'',NULL),('8ad9907e47333cb70147392d3c2e0022','','徐应心','1','','','',NULL,5,7,NULL,'20141201','20141201',1,NULL,'',NULL),('8ad9907e47333cb70147392dc56a0023','','谢剑锋','1','','','',NULL,5,7,NULL,'20141201','20141201',1,NULL,'',NULL),('8ad9907e47333cb70147392e64290024','','银群平','1','','','',NULL,5,7,NULL,'20141201','20141201',1,NULL,'',NULL),('8ad9907e47333cb7014739328b690025','','宋振还','1','','','',NULL,5,7,NULL,'20141201','20141201',3,NULL,'',NULL),('8ad9907e47333cb701473933df140026','','何震','1','','','',NULL,3,3,NULL,'20160928','20160928',2,NULL,'',NULL),('8ad9907e47333cb70147393488cb0027','','芮云峰','1','','','',NULL,5,7,NULL,'20141201','20141201',1,NULL,'',NULL),('8ad9907e47333cb7014739359f670028','','周锐','1','','','',NULL,5,7,NULL,'20141201','20141201',1,NULL,'',NULL),('8ad9907e47333cb7014739363a3f0029','','于绍杰','1','','','',NULL,5,7,NULL,'20160701','20160701',2,NULL,'',NULL),('8ad9907e4a5c69c4014b4d128e530001','','张来蓉','2','','','',NULL,1,1,NULL,'20150203','20150203',NULL,NULL,'',NULL),('8ad9907e4a5c69c4014b4d56558d0002','','吉勇','1','','','',NULL,3,2,NULL,'20150203','20150203',NULL,NULL,'',NULL),('8ad9907e4a5c69c4014b727d4bc20003','','戴世杰','1','','','',NULL,8,6,NULL,'20160701','20160701',NULL,NULL,'',NULL),('8ad9907e4a5c69c4014becb25cdd0004','','姚旋','1','','','',NULL,3,2,NULL,'20150306','20150306',NULL,NULL,'',NULL),('8ad9907e4de01b26014dff3867ad0001','','尹剑彤','1','','','',NULL,5,3,NULL,'20150617','20150617',NULL,NULL,'',NULL),('8ad9907e4de01b26014e6206ec750002','','段毅忠','1','','','',NULL,2,2,NULL,'20160928','20160928',1,NULL,'',NULL),('8ad9907e4e94b430014ee2001e460001','','何飞源','1','','','',NULL,5,3,NULL,'20150731','20150731',NULL,NULL,'',NULL),('8ad9907e4e94b430014ee2022efb0002','','段毅忠','1','','','',NULL,2,2,NULL,'20150731','20150731',NULL,NULL,'',NULL),('8ad9907e501a48a00150ef5279b50001','','张彪','1','','','',NULL,3,1,NULL,'20160701','20160701',2,NULL,'',NULL),('8ad9907e501a48a001513c26557f0002','','樊进','1','','','',NULL,8,6,NULL,'20160701','20160701',NULL,NULL,'',NULL),('8ad9907e51c70fb501534ff7dd080001','','孔凡成','1','','','',NULL,3,3,NULL,'20160307','20160307',NULL,NULL,'',NULL),('8ad9907e536ebba60155531b306d0001','','黎诗文','2','','','',NULL,2,1,NULL,'20160918','20160918',NULL,NULL,'',NULL),('8ad9907e55a527030155a53a10110001','','邱智威','1','','','',NULL,NULL,NULL,NULL,'20160701','20160701',1,NULL,'',NULL),('8ad9907e55a527030155a54db3d00002','','顾治强','1','','','',NULL,NULL,NULL,NULL,'20160701','20160701',1,NULL,'',NULL),('8ad9907e55a527030155a54f8f800003','','吴柏宁','1','','','',NULL,NULL,NULL,NULL,'20160701','20160701',1,NULL,'',NULL),('8ad9907e55a527030155a55065360004','','丁彦','1','','','',NULL,NULL,NULL,NULL,'20160929','20160929',1,NULL,'',NULL),('8ad9907e55a527030155a553869e0005','','晏金炜','1','','','',NULL,NULL,NULL,NULL,'20160701','20160701',1,NULL,'',NULL),('8ad9907e55a527030155a5541fb20006','','莫志刚','1','','','',NULL,NULL,NULL,NULL,'20160701','20160701',1,NULL,'',NULL),('8ad9907e55a527030155a554cb7b0007','','黄华','1','','','',NULL,NULL,NULL,NULL,'20160701','20160701',1,NULL,'',NULL),('8ad9907e55a527030155a5556f390008','','顾祥翔','1','','','',NULL,NULL,NULL,NULL,'20160701','20160701',1,NULL,'',NULL),('8ad9907e568d548b01573b17cf180001','','周金龙','1','','','',NULL,NULL,NULL,NULL,'20160918','20160918',1,NULL,'',NULL),('8ad9907e568d548b01573b19efe00002','','吴伟','1','','','',NULL,NULL,NULL,NULL,'20160918','20160918',1,NULL,'',NULL);
/*!40000 ALTER TABLE `usr_person` ENABLE KEYS */;
UNLOCK TABLES;

--
-- Table structure for table `usr_post`
--

DROP TABLE IF EXISTS `usr_post`;
/*!40101 SET @saved_cs_client     = @@character_set_client */;
/*!40101 SET character_set_client = utf8 */;
CREATE TABLE `usr_post` (
  `id` int(11) NOT NULL AUTO_INCREMENT,
  `usr_id` varchar(32) DEFAULT NULL,
  `dept` int(11) DEFAULT NULL,
  `post` int(11) DEFAULT NULL,
  `flag` int(11) DEFAULT NULL,
  PRIMARY KEY (`id`),
  UNIQUE KEY `id_UNIQUE` (`id`)
) ENGINE=InnoDB AUTO_INCREMENT=376 DEFAULT CHARSET=gbk;
/*!40101 SET character_set_client = @saved_cs_client */;

--
-- Dumping data for table `usr_post`
--

LOCK TABLES `usr_post` WRITE;
/*!40000 ALTER TABLE `usr_post` DISABLE KEYS */;
INSERT INTO `usr_post` VALUES (148,'2c9f02ba3ca2d52f013ca320bf5a0001',4,7,1),(149,'2c9f02ba3ca2d52f013ca321d6240002',5,7,1),(150,'2c9f02ba3ca2d52f013ca3226b700003',1,1,1),(151,'2c9f02ba3ca2d52f013ca3234ae60004',3,3,1),(152,'2c9f02ba3ca2d52f013ca323c3cc0005',3,3,1),(153,'2c9f02ba3ca2d52f013ca3244dd20006',3,7,1),(154,'2c9f02ba3ca2d52f013ca32610e20007',3,1,1),(155,'2c9f02ba3ca2d52f013ca326fd230008',3,7,1),(156,'2c9f02ba3ca2d52f013ca32777ed0009',3,1,1),(157,'2c9f02ba3ca2d52f013ca32855dc000a',8,5,1),(158,'2c9f02ba3ca2d52f013ca328e4a3000b',5,7,1),(159,'2c9f02ba3ca2d52f013ca329730c000c',5,7,1),(160,'2c9f02ba3ca2d52f013ca329f68d000d',5,7,1),(161,'2c9f02ba3ca2d52f013ca32a57ee000e',5,7,1),(162,'2c9f02ba3ca2d52f013ca32b6bfa000f',5,3,1),(163,'2c9f02ba3ca2d52f013ca32c298e0010',6,4,1),(164,'2c9f02ba3ca2d52f013ca32cb1240011',2,1,1),(165,'2c9f02ba3ca2d52f013ca32d698a0012',2,7,1),(166,'2c9f02ba3ca2d52f013ca32dccfd0013',2,7,1),(167,'2c9f02ba3ca2d52f013ca32e3e930014',4,4,1),(168,'2c9f02ba3ca2d52f013ca32ebd920015',3,7,1),(169,'2c9f02ba3ca2d52f013ca32f52ef0016',2,7,1),(170,'2c9f02c03c194027013c1940aae60001',8,12,1),(171,'2c9f02c03c19415f013c1941d9f40001',4,7,1),(172,'2c9f02c03c19415f013c19422e740002',6,8,1),(173,'2c9f02c13e2f62d4013e2f63e9520001',7,7,1),(174,'2c9f02d43bb70e7e013bb76442760004',8,6,1),(175,'2c9f02d43bb70e7e013bb7772eeb0007',8,6,1),(176,'2c9f02d43bb780fe013bb78620170002',8,5,1),(177,'2c9f02d43bb7898d013bb78bd7d60002',8,6,1),(178,'2c9f02d43bb7898d013bb78c77cc0003',7,4,1),(179,'2c9f02d43bb7898d013bb78d03d30004',4,4,1),(180,'2c9f02d43bb7898d013bb78d80cf0005',4,7,1),(181,'8ad9907e47333cb7014738c04f5f0001',1,2,1),(182,'8ad9907e47333cb7014738c596020002',1,7,1),(183,'8ad9907e47333cb7014738c63cfb0003',1,7,1),(184,'8ad9907e47333cb7014738c7b9c80004',1,7,1),(185,'8ad9907e47333cb7014738c862660005',5,7,1),(186,'8ad9907e47333cb7014738c979dd0006',1,7,1),(187,'8ad9907e47333cb7014738ca91ef0007',6,4,1),(188,'8ad9907e47333cb7014738d601b70008',2,3,1),(189,'8ad9907e47333cb7014738d6a91c0009',3,7,1),(190,'8ad9907e47333cb7014738d72129000a',3,3,1),(191,'8ad9907e47333cb7014738dd88b4000b',7,7,1),(192,'8ad9907e47333cb7014738de1ac6000c',7,9,1),(193,'8ad9907e47333cb7014738ded07e000d',7,7,1),(194,'8ad9907e47333cb7014738df3bce000e',2,7,1),(195,'8ad9907e47333cb7014738dff81a000f',7,7,1),(196,'8ad9907e47333cb7014738e089ee0010',7,7,1),(197,'8ad9907e47333cb7014738e125ee0011',7,7,1),(198,'8ad9907e47333cb7014738fdbae90012',6,1,1),(199,'8ad9907e47333cb7014738fe1b700013',3,1,1),(200,'8ad9907e47333cb7014738fe86340014',2,7,1),(201,'8ad9907e47333cb7014738ff65c90015',2,3,1),(202,'8ad9907e47333cb701473900408d0016',2,7,1),(203,'8ad9907e47333cb701473900e0170017',2,7,1),(204,'8ad9907e47333cb701473901852c0018',2,7,1),(205,'8ad9907e47333cb70147390326a90019',6,10,1),(206,'8ad9907e47333cb7014739038923001a',2,7,1),(207,'8ad9907e47333cb7014739188ded001b',5,2,1),(208,'8ad9907e47333cb70147391918dd001c',3,2,1),(209,'8ad9907e47333cb701473919e984001d',5,7,1),(210,'8ad9907e47333cb70147391ab867001e',5,7,1),(211,'8ad9907e47333cb70147392a5d44001f',5,7,1),(212,'8ad9907e47333cb70147392af6770020',5,1,1),(213,'8ad9907e47333cb70147392c2bf80021',5,1,1),(214,'8ad9907e47333cb70147392d3c2e0022',5,7,1),(215,'8ad9907e47333cb70147392dc56a0023',5,7,1),(216,'8ad9907e47333cb70147392e64290024',5,7,1),(217,'8ad9907e47333cb7014739328b690025',5,7,1),(218,'8ad9907e47333cb701473933df140026',3,3,1),(219,'8ad9907e47333cb70147393488cb0027',5,7,1),(220,'8ad9907e47333cb7014739359f670028',5,7,1),(221,'8ad9907e47333cb7014739363a3f0029',5,7,1),(222,'8ad9907e4a5c69c4014b4d128e530001',1,1,1),(223,'8ad9907e4a5c69c4014b4d56558d0002',3,2,1),(224,'8ad9907e4a5c69c4014b727d4bc20003',3,6,1),(225,'8ad9907e4a5c69c4014becb25cdd0004',3,2,1),(226,'8ad9907e4de01b26014dff3867ad0001',5,3,1),(227,'8ad9907e4de01b26014e6206ec750002',5,2,1),(228,'8ad9907e4e94b430014ee2001e460001',5,3,1),(229,'8ad9907e4e94b430014ee2022efb0002',2,2,1),(230,'8ad9907e501a48a00150ef5279b50001',2,1,1),(231,'8ad9907e501a48a001513c26557f0002',4,6,1),(232,'8ad9907e51c70fb501534ff7dd080001',3,3,1),(233,'8ad9907e536ebba60155531b306d0001',5,1,1),(275,'2c9f02ba3ca2d52f013ca32855dc000a',5,6,0),(276,'2c9f02ba3ca2d52f013ca32855dc000a',NULL,NULL,0),(277,'2c9f02ba3ca2d52f013ca3234ae60004',3,2,0),(278,'2c9f02ba3ca2d52f013ca3234ae60004',NULL,NULL,0),(279,'8ad9907e47333cb70147391918dd001c',3,3,0),(280,'8ad9907e47333cb70147391918dd001c',NULL,NULL,0),(281,'2c9f02d43bb70e7e013bb76442760004',1,2,0),(282,'2c9f02d43bb70e7e013bb76442760004',NULL,NULL,0),(283,'2c9f02ba3ca2d52f013ca323c3cc0005',3,2,0),(284,'2c9f02ba3ca2d52f013ca323c3cc0005',NULL,NULL,0),(285,'8ad9907e47333cb70147390326a90019',NULL,NULL,0),(286,'8ad9907e47333cb70147390326a90019',NULL,NULL,0),(287,'8ad9907e55a527030155a53a10110001',3,2,0),(288,'8ad9907e55a527030155a53a10110001',NULL,NULL,0),(289,'8ad9907e55a527030155a53a10110001',NULL,NULL,0),(290,'8ad9907e501a48a00150ef5279b50001',NULL,NULL,0),(291,'8ad9907e501a48a00150ef5279b50001',NULL,NULL,0),(292,'8ad9907e47333cb7014738d601b70008',NULL,NULL,0),(293,'8ad9907e47333cb7014738d601b70008',NULL,NULL,0),(294,'8ad9907e4a5c69c4014b727d4bc20003',NULL,NULL,0),(295,'8ad9907e4a5c69c4014b727d4bc20003',NULL,NULL,0),(296,'8ad9907e501a48a001513c26557f0002',NULL,NULL,0),(297,'8ad9907e501a48a001513c26557f0002',NULL,NULL,0),(298,'8ad9907e47333cb7014738fe86340014',NULL,NULL,0),(299,'8ad9907e47333cb7014738fe86340014',NULL,NULL,0),(300,'2c9f02ba3ca2d52f013ca329f68d000d',NULL,NULL,0),(301,'2c9f02ba3ca2d52f013ca329f68d000d',NULL,NULL,0),(302,'2c9f02ba3ca2d52f013ca32777ed0009',NULL,NULL,0),(303,'2c9f02ba3ca2d52f013ca32777ed0009',NULL,NULL,0),(304,'8ad9907e47333cb7014738c596020002',NULL,NULL,0),(305,'8ad9907e47333cb7014738c596020002',NULL,NULL,0),(306,'8ad9907e47333cb7014738c862660005',NULL,NULL,0),(307,'8ad9907e47333cb7014738c862660005',NULL,NULL,0),(308,'2c9f02ba3ca2d52f013ca32a57ee000e',NULL,NULL,0),(309,'2c9f02ba3ca2d52f013ca32a57ee000e',NULL,NULL,0),(310,'8ad9907e47333cb7014739188ded001b',NULL,NULL,0),(311,'8ad9907e47333cb7014739188ded001b',NULL,NULL,0),(312,'2c9f02d43bb70e7e013bb7772eeb0007',NULL,NULL,0),(313,'2c9f02d43bb70e7e013bb7772eeb0007',NULL,NULL,0),(314,'2c9f02ba3ca2d52f013ca32ebd920015',NULL,NULL,0),(315,'2c9f02ba3ca2d52f013ca32ebd920015',NULL,NULL,0),(316,'2c9f02ba3ca2d52f013ca328e4a3000b',NULL,NULL,0),(317,'2c9f02ba3ca2d52f013ca328e4a3000b',NULL,NULL,0),(318,'8ad9907e47333cb7014738dff81a000f',NULL,NULL,0),(319,'8ad9907e47333cb7014738dff81a000f',NULL,NULL,0),(320,'8ad9907e47333cb7014738c979dd0006',NULL,NULL,0),(321,'8ad9907e47333cb7014738c979dd0006',NULL,NULL,0),(322,'2c9f02d43bb780fe013bb78620170002',NULL,NULL,0),(323,'2c9f02d43bb780fe013bb78620170002',NULL,NULL,0),(324,'8ad9907e47333cb7014738ff65c90015',NULL,NULL,0),(325,'8ad9907e47333cb7014738ff65c90015',NULL,NULL,0),(326,'8ad9907e47333cb7014738df3bce000e',NULL,NULL,0),(327,'8ad9907e47333cb7014738df3bce000e',NULL,NULL,0),(328,'2c9f02d43bb7898d013bb78bd7d60002',NULL,NULL,0),(329,'2c9f02d43bb7898d013bb78bd7d60002',NULL,NULL,0),(330,'8ad9907e47333cb7014739363a3f0029',NULL,NULL,0),(331,'8ad9907e47333cb7014739363a3f0029',NULL,NULL,0),(332,'8ad9907e55a527030155a54db3d00002',8,5,0),(333,'8ad9907e55a527030155a54db3d00002',NULL,NULL,0),(334,'8ad9907e55a527030155a54db3d00002',NULL,NULL,0),(335,'8ad9907e55a527030155a54f8f800003',6,7,0),(336,'8ad9907e55a527030155a54f8f800003',NULL,NULL,0),(337,'8ad9907e55a527030155a54f8f800003',NULL,NULL,0),(338,'8ad9907e55a527030155a55065360004',8,6,0),(339,'8ad9907e55a527030155a55065360004',2,2,0),(340,'8ad9907e55a527030155a55065360004',2,6,0),(341,'8ad9907e55a527030155a553869e0005',8,5,0),(342,'8ad9907e55a527030155a553869e0005',NULL,NULL,0),(343,'8ad9907e55a527030155a553869e0005',NULL,NULL,0),(344,'8ad9907e55a527030155a5541fb20006',5,2,0),(345,'8ad9907e55a527030155a5541fb20006',NULL,NULL,0),(346,'8ad9907e55a527030155a5541fb20006',NULL,NULL,0),(347,'8ad9907e55a527030155a554cb7b0007',1,7,0),(348,'8ad9907e55a527030155a554cb7b0007',NULL,NULL,0),(349,'8ad9907e55a527030155a554cb7b0007',NULL,NULL,0),(350,'8ad9907e55a527030155a5556f390008',1,7,0),(351,'8ad9907e55a527030155a5556f390008',NULL,NULL,0),(352,'8ad9907e55a527030155a5556f390008',NULL,NULL,0),(353,'8ad9907e4de01b26014e6206ec750002',5,3,0),(354,'8ad9907e4de01b26014e6206ec750002',NULL,NULL,0),(355,'8ad9907e568d548b01573b17cf180001',5,1,0),(356,'8ad9907e568d548b01573b17cf180001',NULL,NULL,0),(357,'8ad9907e568d548b01573b17cf180001',NULL,NULL,0),(358,'2c9f02ba3ca2d52f013ca321d6240002',NULL,NULL,0),(359,'2c9f02ba3ca2d52f013ca321d6240002',NULL,NULL,0),(360,'8ad9907e536ebba60155531b306d0001',NULL,NULL,0),(361,'8ad9907e536ebba60155531b306d0001',NULL,NULL,0),(362,'8ad9907e568d548b01573b19efe00002',5,7,0),(363,'8ad9907e568d548b01573b19efe00002',NULL,NULL,0),(364,'8ad9907e568d548b01573b19efe00002',NULL,NULL,0),(365,'8ad9907e47333cb701473933df140026',NULL,NULL,0),(366,'8ad9907e47333cb701473933df140026',NULL,NULL,0),(367,'2c9f02c03c194027013c1940aae60001',6,6,0),(368,'2c9f02c03c194027013c1940aae60001',NULL,NULL,0),(369,'8ad9907e47333cb7014738d72129000a',3,14,0),(370,'8ad9907e47333cb7014738d72129000a',NULL,NULL,0),(371,'2c9f04e45865690d0158656b058d0001',2,14,0),(372,'2c9f04e45865690d0158656b058d0001',2,7,0),(373,'2c9f04e45865690d0158656b058d0001',NULL,NULL,0),(374,'2c9f02ba3ca2d52f013ca326fd230008',3,14,0),(375,'2c9f02ba3ca2d52f013ca326fd230008',NULL,NULL,0);
/*!40000 ALTER TABLE `usr_post` ENABLE KEYS */;
UNLOCK TABLES;

--
-- Table structure for table `yx_stu_firstpage_access`
--

DROP TABLE IF EXISTS `yx_stu_firstpage_access`;
/*!40101 SET @saved_cs_client     = @@character_set_client */;
/*!40101 SET character_set_client = utf8 */;
CREATE TABLE `yx_stu_firstpage_access` (
  `ID` varchar(32) NOT NULL DEFAULT '',
  `ACCESS_DATE` date NOT NULL DEFAULT '1970-01-01',
  `ACCESS_TIME` time NOT NULL DEFAULT '00:00:00',
  `ACCESS_IP` varchar(32) DEFAULT NULL,
  PRIMARY KEY (`ID`),
  UNIQUE KEY `PRIMARY001` (`ID`)
) ENGINE=InnoDB DEFAULT CHARSET=gbk;
/*!40101 SET character_set_client = @saved_cs_client */;

--
-- Dumping data for table `yx_stu_firstpage_access`
--

LOCK TABLES `yx_stu_firstpage_access` WRITE;
/*!40000 ALTER TABLE `yx_stu_firstpage_access` DISABLE KEYS */;
/*!40000 ALTER TABLE `yx_stu_firstpage_access` ENABLE KEYS */;
UNLOCK TABLES;

--
-- Table structure for table `yx_stu_mainpage_access`
--

DROP TABLE IF EXISTS `yx_stu_mainpage_access`;
/*!40101 SET @saved_cs_client     = @@character_set_client */;
/*!40101 SET character_set_client = utf8 */;
CREATE TABLE `yx_stu_mainpage_access` (
  `ID` varchar(32) NOT NULL DEFAULT '',
  `USER_NAME` varchar(32) NOT NULL DEFAULT '',
  `TRUE_NAME` varchar(32) DEFAULT NULL,
  `ACCESS_DATE` date NOT NULL DEFAULT '1970-01-01',
  `ACCESS_TIME` time NOT NULL DEFAULT '00:00:00',
  `IP_ADDRESS` varchar(32) DEFAULT NULL,
  PRIMARY KEY (`ID`),
  UNIQUE KEY `PRIMARY002` (`ID`)
) ENGINE=InnoDB DEFAULT CHARSET=gbk;
/*!40101 SET character_set_client = @saved_cs_client */;

--
-- Dumping data for table `yx_stu_mainpage_access`
--

LOCK TABLES `yx_stu_mainpage_access` WRITE;
/*!40000 ALTER TABLE `yx_stu_mainpage_access` DISABLE KEYS */;
INSERT INTO `yx_stu_mainpage_access` VALUES ('2c9f020a3bbc7cbe013bbca969460002','admin','系统管理员','2012-12-21','16:51:00','0:0:0:0:0:0:0:1'),('2c9f020a3bbc7cbe013bbcb3af890003','admin','系统管理员','2012-12-21','17:03:00','0:0:0:0:0:0:0:1'),('2c9f020a3bbc7cbe013bc5bf252b0004','admin','系统管理员','2012-12-23','11:12:00','0:0:0:0:0:0:0:1'),('2c9f02c03b5e7797013b5e7866530001','admin','系统管理员','2012-12-03','09:54:00','127.0.0.1'),('2c9f02c03b5e7c01013b5e7c49b20001','admin','系统管理员','2012-12-03','09:58:00','127.0.0.1'),('2c9f02c03b5ea173013b5ea2104d0001','admin','系统管理员','2012-12-03','10:39:00','127.0.0.1'),('2c9f02c03b5ec87e013b5ec8f7410001','admin','系统管理员','2012-12-03','11:22:00','127.0.0.1'),('2c9f02c03b5ecd7d013b5ecddbcf0001','admin','系统管理员','2012-12-03','11:27:00','127.0.0.1'),('2c9f02c03b5ed64d013b5ed6c45c0001','admin','系统管理员','2012-12-03','11:37:00','127.0.0.1'),('2c9f02c03b5ed84b013b5ed89e0a0001','admin','系统管理员','2012-12-03','11:39:00','127.0.0.1'),('2c9f02c03b5ed84b013b5f15e9d30002','admin','系统管理员','2012-12-03','12:46:00','127.0.0.1'),('2c9f02c03b5f3711013b5f3757560001','admin','系统管理员','2012-12-03','13:22:00','127.0.0.1'),('2c9f02c03b5f410f013b5f4164310001','admin','系统管理员','2012-12-03','13:33:00','127.0.0.1'),('2c9f02c03b5f4db4013b5f4e02a90001','admin','系统管理员','2012-12-03','13:47:00','127.0.0.1'),('2c9f02c03b5f556a013b5f55e8aa0001','admin','系统管理员','2012-12-03','13:56:00','127.0.0.1'),('2c9f02c03b5f74ec013b5f7531090001','admin','系统管理员','2012-12-03','14:30:00','127.0.0.1'),('2c9f02c03b5f8beb013b5f8c57b40001','admin','系统管理员','2012-12-03','14:55:00','127.0.0.1'),('2c9f02c03b5fa75b013b5fa7c27e0001','admin','系统管理员','2012-12-03','15:25:00','127.0.0.1'),('2c9f02c03b5fca17013b5fca9d010001','admin','系统管理员','2012-12-03','16:03:00','127.0.0.1'),('2c9f02c03b5fd069013b5fd0b5490001','admin','系统管理员','2012-12-03','16:10:00','127.0.0.1'),('2c9f02c03b5fd62b013b5fd68f950001','admin','系统管理员','2012-12-03','16:16:00','127.0.0.1'),('2c9f02c03b5ff2b1013b5ff373830001','admin','系统管理员','2012-12-03','16:48:00','127.0.0.1'),('2c9f02c03b60069f013b6006f7c30001','admin','系统管理员','2012-12-03','17:09:00','127.0.0.1'),('2c9f02c03b637df3013b637e664f0001','admin','系统管理员','2012-12-04','09:18:00','127.0.0.1'),('2c9f02c03b63ae6e013b63b0a4820001','admin','系统管理员','2012-12-04','10:13:00','127.0.0.1'),('2c9f02c03b63da8a013b63db3a930001','admin','系统管理员','2012-12-04','11:00:00','127.0.0.1'),('2c9f02c03b63dc54013b63dc8ae10001','admin','系统管理员','2012-12-04','11:01:00','127.0.0.1'),('2c9f02c03b63eaed013b63eb52520001','admin','系统管理员','2012-12-04','11:17:00','127.0.0.1'),('2c9f02c03b63f947013b63f990bc0001','admin','系统管理员','2012-12-04','11:33:00','127.0.0.1'),('2c9f02c03b63f947013b644809e70002','admin','系统管理员','2012-12-04','12:59:00','127.0.0.1'),('2c9f02c03b644ebf013b644f1bdb0001','admin','系统管理员','2012-12-04','13:06:00','127.0.0.1'),('2c9f02c03b645db9013b645e7e230001','admin','系统管理员','2012-12-04','13:23:00','127.0.0.1'),('2c9f02c03b646a53013b646a9fdd0001','admin','系统管理员','2012-12-04','13:36:00','127.0.0.1'),('2c9f02c03b646fda013b64703adf0001','admin','系统管理员','2012-12-04','13:42:00','127.0.0.1'),('2c9f02c03b646fda013b647b5e5e0002','admin','系统管理员','2012-12-04','13:55:00','127.0.0.1'),('2c9f02c03b6493a8013b6495b2eb0001','admin','系统管理员','2012-12-04','14:23:00','127.0.0.1'),('2c9f02c03b649940013b6499a7690001','admin','系统管理员','2012-12-04','14:28:00','127.0.0.1'),('2c9f02c03b64cfe3013b64d029e90001','admin','系统管理员','2012-12-04','15:27:00','127.0.0.1'),('2c9f02c03bc0fab6013bc0fb072d0001','admin','系统管理员','2012-12-22','12:59:00','127.0.0.1'),('2c9f02c13bac4086013bac4202f80001','admin','系统管理员','2012-12-18','12:25:00','127.0.0.1'),('2c9f02c13bac6ca4013bac6cfa6f0001','admin','系统管理员','2012-12-18','13:12:00','127.0.0.1'),('2c9f02c13bac9198013bac91d2470001','admin','系统管理员','2012-12-18','13:52:00','127.0.0.1'),('2c9f02c13bac9b66013bac9bbada0001','admin','系统管理员','2012-12-18','14:03:00','127.0.0.1'),('2c9f02c13bacd98a013bacda38690001','admin','系统管理员','2012-12-18','15:11:00','127.0.0.1'),('2c9f02c13bacde2a013bacde89650001','admin','系统管理员','2012-12-18','15:16:00','127.0.0.1'),('2c9f02c13bace764013bace7b7070001','admin','系统管理员','2012-12-18','15:26:00','127.0.0.1'),('2c9f02c13bad2114013bad2174430001','admin','系统管理员','2012-12-18','16:29:00','127.0.0.1'),('2c9f02c13bb0c120013bb0c1b6430001','admin','系统管理员','2012-12-19','09:23:00','127.0.0.1'),('2c9f02c13bb0efd2013bb0f028c50001','admin','系统管理员','2012-12-19','10:13:00','127.0.0.1'),('2c9f02c13bb11b98013bb122ebab0001','admin','系统管理员','2012-12-19','11:09:00','127.0.0.1'),('2c9f02c13bb11b98013bb1247f990002','admin','系统管理员','2012-12-19','11:10:00','127.0.0.1'),('2c9f02c13bb1773a013bb1ce3aa40001','admin','系统管理员','2012-12-19','14:16:00','127.0.0.1'),('2c9f02c13bb1f7c9013bb1f83b260001','admin','系统管理员','2012-12-19','15:02:00','127.0.0.1'),('2c9f02c13bb1fc40013bb1fca98a0001','admin','系统管理员','2012-12-19','15:07:00','127.0.0.1'),('2c9f02c13bb1ff8e013bb2001c570001','admin','系统管理员','2012-12-19','15:10:00','127.0.0.1'),('2c9f02c13bb207e0013bb2081acf0001','admin','系统管理员','2012-12-19','15:19:00','127.0.0.1'),('2c9f02c13bb22bae013bb22c11460001','admin','系统管理员','2012-12-19','15:58:00','127.0.0.1'),('2c9f02c13bb232fd013bb23350e40001','admin','系统管理员','2012-12-19','16:06:00','127.0.0.1'),('2c9f02c13bb2349a013bb234f4f00001','admin','系统管理员','2012-12-19','16:08:00','127.0.0.1'),('2c9f02c13bb5c3b9013bb5c5f5660001','admin','系统管理员','2012-12-20','08:45:00','127.0.0.1'),('2c9f02c13bbc8482013bbc8b92da0002','admin','系统管理员','2012-12-21','16:19:00','127.0.0.1'),('2c9f02c13bbc9e41013bbc9ea3080001','admin','系统管理员','2012-12-21','16:40:00','127.0.0.1'),('2c9f02c33b833ecb013b834356180001','admin','系统管理员','2012-12-10','13:22:00','127.0.0.1'),('2c9f02c33b836f90013b836fea000001','admin','系统管理员','2012-12-10','14:10:00','127.0.0.1'),('2c9f02c33b836f90013b837109fa0002','admin','系统管理员','2012-12-10','14:12:00','127.0.0.1'),('2c9f02c33b875d80013b875e07200001','admin','系统管理员','2012-12-11','08:29:00','127.0.0.1'),('2c9f02c33b879cb4013b879ff61c0001','admin','系统管理员','2012-12-11','09:41:00','127.0.0.1'),('2c9f02c33b87a648013b87a69bf30001','admin','系统管理员','2012-12-11','09:49:00','127.0.0.1'),('2c9f02c33b886c05013b886c89150001','jihua','计划','2012-12-11','13:25:00','127.0.0.1'),('2c9f02c33b886c05013b886f7fd60002','jihua','计划','2012-12-11','13:28:00','127.0.0.1'),('2c9f02c33b886c05013b887490370003','admin','系统管理员','2012-12-11','13:33:00','127.0.0.1'),('2c9f02c33b886c05013b8875f7960004','admin','系统管理员','2012-12-11','13:35:00','127.0.0.1'),('2c9f02c33b886c05013b88768e7b0005','admin','系统管理员','2012-12-11','13:36:00','127.0.0.1'),('2c9f02c33b886c05013b887850250006','admin','系统管理员','2012-12-11','13:38:00','127.0.0.1'),('2c9f02c33b886c05013b887de7aa0007','admin','系统管理员','2012-12-11','13:44:00','127.0.0.1'),('2c9f02c33b8881ad013b8881f3ac0001','admin','系统管理员','2012-12-11','13:48:00','127.0.0.1'),('2c9f02c33b8c9ea3013b8c9f17620001','admin','系统管理员','2012-12-12','08:58:00','127.0.0.1'),('2c9f02c33b8cd3d8013b8cd484390001','admin','系统管理员','2012-12-12','09:57:00','127.0.0.1'),('2c9f02c33b8ce144013b8cee3eda0001','admin','系统管理员','2012-12-12','10:25:00','127.0.0.1'),('2c9f02c33b8d3e84013b8d3ed7c20001','admin','系统管理员','2012-12-12','11:53:00','127.0.0.1'),('2c9f02c33b8d8c0d013b8d8c6d410001','admin','系统管理员','2012-12-12','13:18:00','127.0.0.1'),('2c9f02c33b8d9a97013b8d9b04e10001','admin','系统管理员','2012-12-12','13:34:00','127.0.0.1'),('2c9f02c33b8da0d5013b8da12abf0001','admin','系统管理员','2012-12-12','13:40:00','127.0.0.1'),('2c9f02c33b8db464013b8db5cdc30001','admin','系统管理员','2012-12-12','14:03:00','127.0.0.1'),('2c9f02c33b8dba59013b8dbaa5df0001','admin','系统管理员','2012-12-12','14:08:00','127.0.0.1'),('2c9f02c33b8dc64d013b8dc6fa7d0001','admin','系统管理员','2012-12-12','14:22:00','127.0.0.1'),('2c9f02c33b8de1b0013b8de233fb0001','admin','系统管理员','2012-12-12','14:51:00','127.0.0.1'),('2c9f02c33b8ded57013b8deda1b00001','admin','系统管理员','2012-12-12','15:04:00','127.0.0.1'),('2c9f02c33b8df754013b8df7b4da0001','admin','系统管理员','2012-12-12','15:15:00','127.0.0.1'),('2c9f02c33b8e0556013b8e059f110001','admin','系统管理员','2012-12-12','15:30:00','127.0.0.1'),('2c9f02c33b8e23cf013b8e242ad50001','admin','系统管理员','2012-12-12','16:03:00','127.0.0.1'),('2c9f02c33b91c10d013b91c3fb4d0001','admin','系统管理员','2012-12-13','08:57:00','127.0.0.1'),('2c9f02c33b91dba7013b91dbee740001','admin','系统管理员','2012-12-13','09:23:00','127.0.0.1'),('2c9f02c33b91ec7a013b91f367360001','admin','系统管理员','2012-12-13','09:49:00','127.0.0.1'),('2c9f02c33b91f3fb013b91f451aa0001','admin','系统管理员','2012-12-13','09:50:00','127.0.0.1'),('2c9f02c33b91faba013b91fb3af90001','admin','系统管理员','2012-12-13','09:57:00','127.0.0.1'),('2c9f02c33b9218ca013b921a76fd0001','admin','系统管理员','2012-12-13','10:31:00','127.0.0.1'),('2c9f02c33b922ff2013b923031210001','admin','系统管理员','2012-12-13','10:55:00','127.0.0.1'),('2c9f02c33b92391c013b9239a97b0001','admin','系统管理员','2012-12-13','11:05:00','127.0.0.1'),('2c9f02c33b9249c4013b924a12240001','admin','系统管理员','2012-12-13','11:23:00','127.0.0.1'),('2c9f02c33b925d56013b92971a420001','admin','系统管理员','2012-12-13','12:47:00','127.0.0.1'),('2c9f02c33b925d56013b92a247ff0002','admin','系统管理员','2012-12-13','13:00:00','127.0.0.1'),('2c9f02c33b92d30b013b92dbcef10001','admin','系统管理员','2012-12-13','14:02:00','127.0.0.1'),('2c9f02c33b96d67d013b96d9bf010001','admin','系统管理员','2012-12-14','08:39:00','127.0.0.1'),('2c9f02c33b973461013b9734edc10001','admin','系统管理员','2012-12-14','10:18:00','127.0.0.1'),('2c9f02c63bca69e2013bca6a96e60001','admin','系统管理员','2012-12-24','08:58:00','127.0.0.1'),('2c9f02c63bca7b69013bca7bcd0d0001','admin','系统管理员','2012-12-24','09:16:00','127.0.0.1'),('2c9f02c63bcae3e8013bcae44ab40000','admin','系统管理员','2012-12-24','11:10:00','127.0.0.1'),('2c9f02c63bcae830013bcae88b8a0000','admin','系统管理员','2012-12-24','11:15:00','127.0.0.1'),('2c9f02c63bcb0493013bcb04f0b60000','admin','系统管理员','2012-12-24','11:46:00','127.0.0.1'),('2c9f02c63bcb0b63013bcb0ba4df0000','admin','系统管理员','2012-12-24','11:53:00','127.0.0.1'),('2c9f02c63bcb109e013bcb10e0fe0001','admin','系统管理员','2012-12-24','11:59:00','127.0.0.1'),('2c9f02c63bcb4a3f013bcb4d35fe0001','admin','系统管理员','2012-12-24','13:05:00','127.0.0.1'),('2c9f02c63bcb516e013bcb51c1da0001','admin','系统管理员','2012-12-24','13:10:00','127.0.0.1'),('2c9f02c63bcb6f70013bcb6fc8250001','admin','系统管理员','2012-12-24','13:43:00','127.0.0.1'),('2c9f02c63bcb80e3013bcb819b900001','admin','系统管理员','2012-12-24','14:02:00','127.0.0.1'),('2c9f02c63bcb8857013bcb88a62a0001','admin','系统管理员','2012-12-24','14:10:00','127.0.0.1'),('2c9f02c63bcbabc8013bcbbcaebe0001','admin','系统管理员','2012-12-24','15:07:00','127.0.0.1'),('2c9f02c63bcbc233013bcbc28c530001','admin','系统管理员','2012-12-24','15:13:00','127.0.0.1'),('2c9f02c63bcbcae1013bcbcb20430001','admin','系统管理员','2012-12-24','15:23:00','127.0.0.1'),('2c9f02c63bcbcd46013bcbcdb3060001','admin','系统管理员','2012-12-24','15:25:00','127.0.0.1'),('2c9f02c63bcbd94a013bcbd9891e0001','admin','系统管理员','2012-12-24','15:38:00','127.0.0.1'),('2c9f02c63bcbec1e013bcbec63700001','admin','系统管理员','2012-12-24','15:59:00','127.0.0.1'),('2c9f02c63bcbef78013bcbefb15e0001','admin','系统管理员','2012-12-24','16:03:00','127.0.0.1'),('2c9f02c63bcc055c013bcc05a7b00001','admin','系统管理员','2012-12-24','16:27:00','127.0.0.1'),('2c9f02c63bd1048b013bd10521000001','admin','系统管理员','2012-12-25','15:44:00','127.0.0.1'),('2c9f02d43bb67836013bb6cee5a30001','admin','系统管理员','2012-12-20','13:35:00','0:0:0:0:0:0:0:1'),('2c9f02d43bb67836013bb6dfa3c20002','admin','系统管理员','2012-12-20','13:53:00','0:0:0:0:0:0:0:1'),('2c9f02d43bb6e127013bb6e1f9700001','admin','系统管理员','2012-12-20','13:56:00','0:0:0:0:0:0:0:1'),('2c9f02d43bb6ea78013bb6eace4d0001','admin','系统管理员','2012-12-20','14:05:00','0:0:0:0:0:0:0:1'),('2c9f02d43bb70e7e013bb74ef9630001','admin','系统管理员','2012-12-20','15:55:00','0:0:0:0:0:0:0:1'),('2c9f02d43bb70e7e013bb75036400002','admin','系统管理员','2012-12-20','15:56:00','0:0:0:0:0:0:0:1'),('2c9f02d43bb70e7e013bb75f62cc0003','admin','系统管理员','2012-12-20','16:12:00','0:0:0:0:0:0:0:1'),('2c9f02d43bb70e7e013bb76c42320006','admin','系统管理员','2012-12-20','16:27:00','0:0:0:0:0:0:0:1'),('2c9f02d43bb780fe013bb78138540001','admin','系统管理员','2012-12-20','16:49:00','0:0:0:0:0:0:0:1'),('2c9f02d43bb7898d013bb789dfa00001','admin','系统管理员','2012-12-20','16:59:00','0:0:0:0:0:0:0:1'),('2c9f02d43bb7898d013bb814a7130006','admin','系统管理员','2012-12-20','19:30:00','0:0:0:0:0:0:0:1'),('2c9f02d43bb7898d013bbad8061b0007','admin','系统管理员','2012-12-21','08:23:00','0:0:0:0:0:0:0:1'),('2c9f02df3b68c89b013b68c9a63d0001','admin','系统管理员','2012-12-05','09:59:00','127.0.0.1'),('2c9f02df3b68cc88013b68ccc8810001','admin','系统管理员','2012-12-05','10:02:00','127.0.0.1'),('2c9f02df3b68dc7e013b68dcd32b0001','admin','系统管理员','2012-12-05','10:20:00','127.0.0.1'),('2c9f02df3b68e396013b68e3d5300001','admin','系统管理员','2012-12-05','10:27:00','127.0.0.1'),('2c9f02df3b68e480013b68e538bd0001','admin','系统管理员','2012-12-05','10:29:00','127.0.0.1'),('2c9f02df3b69960e013b699678c80001','admin','系统管理员','2012-12-05','13:42:00','127.0.0.1'),('2c9f02df3b69b1d8013b69b26cad0001','admin','系统管理员','2012-12-05','14:13:00','127.0.0.1'),('2c9f02df3b69b7a3013b69b7ecf90001','admin','系统管理员','2012-12-05','14:19:00','127.0.0.1'),('2c9f02df3b69cc73013b69ccdcac0001','admin','系统管理员','2012-12-05','14:42:00','127.0.0.1'),('2c9f02df3b69e4fa013b69e57eb60001','admin','系统管理员','2012-12-05','15:09:00','127.0.0.1'),('2c9f02df3b69e689013b69e716290001','admin','系统管理员','2012-12-05','15:10:00','127.0.0.1'),('2c9f02df3b69f0ce013b6a0bec450001','admin','系统管理员','2012-12-05','15:51:00','127.0.0.1'),('2c9f02df3b6a1937013b6a19a5990001','admin','系统管理员','2012-12-05','16:06:00','127.0.0.1'),('2c9f02df3b6a31fd013b6a323a2b0001','admin','系统管理员','2012-12-05','16:32:00','127.0.0.1'),('2c9f02df3b6a360b013b6a363ffa0001','admin','系统管理员','2012-12-05','16:37:00','127.0.0.1'),('2c9f02df3b6a360b013b6a3875360002','admin','系统管理员','2012-12-05','16:39:00','127.0.0.1'),('2c9f02df3b6a3e9f013b6a3edcea0001','admin','系统管理员','2012-12-05','16:46:00','127.0.0.1'),('2c9f02df3b6a414f013b6a418b960001','admin','系统管理员','2012-12-05','16:49:00','127.0.0.1'),('2c9f02df3b6a4284013b6a42b4de0001','admin','系统管理员','2012-12-05','16:50:00','127.0.0.1'),('2c9f02df3b6a46f4013b6a4731280001','admin','系统管理员','2012-12-05','16:55:00','127.0.0.1'),('2c9f02df3b6dcf67013b6dd00a010001','admin','系统管理员','2012-12-06','09:24:00','127.0.0.1'),('2c9f02df3b6dd9e5013b6ddbcdf20001','admin','系统管理员','2012-12-06','09:36:00','127.0.0.1'),('2c9f02df3b6de654013b6de7173d0001','admin','系统管理员','2012-12-06','09:49:00','127.0.0.1'),('2c9f02df3b6df287013b6df2cbaa0001','admin','系统管理员','2012-12-06','10:02:00','127.0.0.1'),('2c9f02df3b6dfaed013b6dfc092f0001','admin','系统管理员','2012-12-06','10:12:00','127.0.0.1'),('2c9f02df3b6e1b1a013b6e1b8dad0001','admin','系统管理员','2012-12-06','10:46:00','127.0.0.1'),('2c9f02df3b6e32cd013b6e33041f0001','admin','系统管理员','2012-12-06','11:12:00','127.0.0.1'),('2c9f02df3b6e982f013b6e9a669d0001','admin','系统管理员','2012-12-06','13:05:00','127.0.0.1'),('2c9f02df3b6e9e95013b6e9fb1b30001','admin','系统管理员','2012-12-06','13:10:00','127.0.0.1'),('2c9f02df3b6ead2b013b6ead89860001','admin','系统管理员','2012-12-06','13:26:00','127.0.0.1'),('2c9f02df3b6eb862013b6ec187570001','admin','系统管理员','2012-12-06','13:47:00','127.0.0.1'),('2c9f02df3b6ec4b7013b6ec500db0001','admin','系统管理员','2012-12-06','13:51:00','127.0.0.1'),('2c9f02df3b6ec819013b6ec8ea6e0001','admin','系统管理员','2012-12-06','13:55:00','127.0.0.1'),('2c9f02df3b6ed346013b6ed3b0550001','admin','系统管理员','2012-12-06','14:07:00','127.0.0.1'),('2c9f02df3b6ed564013b6ed5c6220001','admin','系统管理员','2012-12-06','14:10:00','127.0.0.1'),('2c9f02df3b6edfed013b6ee02ae30001','admin','系统管理员','2012-12-06','14:21:00','127.0.0.1'),('2c9f02df3b6eee1c013b6eee5a870001','admin','系统管理员','2012-12-06','14:36:00','127.0.0.1'),('2c9f02df3b6eefb0013b6eefe3050001','admin','系统管理员','2012-12-06','14:38:00','127.0.0.1'),('2c9f02df3b6ef50a013b6ef54f7a0001','admin','系统管理员','2012-12-06','14:44:00','127.0.0.1'),('2c9f02df3b6f1bb6013b6f1c64cf0001','admin','系统管理员','2012-12-06','15:27:00','127.0.0.1'),('2c9f02df3b6f1bb6013b6f23e5040002','admin','系统管理员','2012-12-06','15:35:00','127.0.0.1'),('2c9f02df3b6f1bb6013b6f3244740003','admin','系统管理员','2012-12-06','15:51:00','127.0.0.1'),('2c9f02df3b6f36d5013b6f3764800001','admin','系统管理员','2012-12-06','15:56:00','127.0.0.1'),('2c9f02df3b6f3b65013b6f3bd7b80001','admin','系统管理员','2012-12-06','16:01:00','127.0.0.1'),('2c9f02df3b6f3f06013b6f3f4d960001','admin','系统管理员','2012-12-06','16:05:00','127.0.0.1'),('2c9f02df3b6f4343013b6f43a38d0001','admin','系统管理员','2012-12-06','16:10:00','127.0.0.1'),('2c9f02df3b6f465b013b6f46b3d90001','admin','系统管理员','2012-12-06','16:13:00','127.0.0.1'),('2c9f02df3b6f465b013b6f4c7f770002','admin','系统管理员','2012-12-06','16:19:00','127.0.0.1'),('2c9f02df3b6f50ff013b6f5155160001','admin','系统管理员','2012-12-06','16:24:00','127.0.0.1'),('2c9f02df3b6f5e3d013b6f5e96cb0001','admin','系统管理员','2012-12-06','16:39:00','127.0.0.1'),('2c9f02df3b6f6269013b6f6303930001','admin','系统管理员','2012-12-06','16:44:00','127.0.0.1'),('2c9f02df3b72fee4013b730107f20001','admin','系统管理员','2012-12-07','09:35:00','127.0.0.1'),('2c9f02df3b730aed013b730b42340001','admin','系统管理员','2012-12-07','09:46:00','127.0.0.1'),('2c9f02df3b730aed013b731307eb0002','admin','系统管理员','2012-12-07','09:55:00','127.0.0.1');
/*!40000 ALTER TABLE `yx_stu_mainpage_access` ENABLE KEYS */;
UNLOCK TABLES;
/*!40103 SET TIME_ZONE=@OLD_TIME_ZONE */;

/*!40101 SET SQL_MODE=@OLD_SQL_MODE */;
/*!40014 SET FOREIGN_KEY_CHECKS=@OLD_FOREIGN_KEY_CHECKS */;
/*!40014 SET UNIQUE_CHECKS=@OLD_UNIQUE_CHECKS */;
/*!40101 SET CHARACTER_SET_CLIENT=@OLD_CHARACTER_SET_CLIENT */;
/*!40101 SET CHARACTER_SET_RESULTS=@OLD_CHARACTER_SET_RESULTS */;
/*!40101 SET COLLATION_CONNECTION=@OLD_COLLATION_CONNECTION */;
/*!40111 SET SQL_NOTES=@OLD_SQL_NOTES */;

-- Dump completed on 2016-12-02  9:35:21
